TimeQuest Timing Analyzer report for riscv
Wed Aug 05 09:54:09 2026
Quartus II 32-bit Version 13.0.1 Build 232 06/12/2013 Service Pack 1 SJ Web Edition


---------------------
; Table of Contents ;
---------------------
  1. Legal Notice
  2. TimeQuest Timing Analyzer Summary
  3. Parallel Compilation
  4. SDC File List
  5. Clocks
  6. Slow Model Fmax Summary
  7. Slow Model Setup Summary
  8. Slow Model Hold Summary
  9. Slow Model Recovery Summary
 10. Slow Model Removal Summary
 11. Slow Model Minimum Pulse Width Summary
 12. Slow Model Setup: 'CLOCK_50'
 13. Slow Model Hold: 'CLOCK_50'
 14. Slow Model Recovery: 'CLOCK_50'
 15. Slow Model Removal: 'CLOCK_50'
 16. Slow Model Minimum Pulse Width: 'CLOCK_50'
 17. Setup Times
 18. Hold Times
 19. Clock to Output Times
 20. Minimum Clock to Output Times
 21. Propagation Delay
 22. Minimum Propagation Delay
 23. Output Enable Times
 24. Minimum Output Enable Times
 25. Output Disable Times
 26. Minimum Output Disable Times
 27. Fast Model Setup Summary
 28. Fast Model Hold Summary
 29. Fast Model Recovery Summary
 30. Fast Model Removal Summary
 31. Fast Model Minimum Pulse Width Summary
 32. Fast Model Setup: 'CLOCK_50'
 33. Fast Model Hold: 'CLOCK_50'
 34. Fast Model Recovery: 'CLOCK_50'
 35. Fast Model Removal: 'CLOCK_50'
 36. Fast Model Minimum Pulse Width: 'CLOCK_50'
 37. Setup Times
 38. Hold Times
 39. Clock to Output Times
 40. Minimum Clock to Output Times
 41. Propagation Delay
 42. Minimum Propagation Delay
 43. Output Enable Times
 44. Minimum Output Enable Times
 45. Output Disable Times
 46. Minimum Output Disable Times
 47. Multicorner Timing Analysis Summary
 48. Setup Times
 49. Hold Times
 50. Clock to Output Times
 51. Minimum Clock to Output Times
 52. Progagation Delay
 53. Minimum Progagation Delay
 54. Setup Transfers
 55. Hold Transfers
 56. Recovery Transfers
 57. Removal Transfers
 58. Report TCCS
 59. Report RSKM
 60. Unconstrained Paths
 61. TimeQuest Timing Analyzer Messages
 62. TimeQuest Timing Analyzer Suppressed Messages



----------------
; Legal Notice ;
----------------
Copyright (C) 1991-2013 Altera Corporation
Your use of Altera Corporation's design tools, logic functions 
and other software and tools, and its AMPP partner logic 
functions, and any output files from any of the foregoing 
(including device programming or simulation files), and any 
associated documentation or information are expressly subject 
to the terms and conditions of the Altera Program License 
Subscription Agreement, Altera MegaCore Function License 
Agreement, or other applicable license agreement, including, 
without limitation, that your use is for the sole purpose of 
programming logic devices manufactured by Altera and sold by 
Altera or its authorized distributors.  Please refer to the 
applicable agreement for further details.



+----------------------------------------------------------------------------------------+
; TimeQuest Timing Analyzer Summary                                                      ;
+--------------------+-------------------------------------------------------------------+
; Quartus II Version ; Version 13.0.1 Build 232 06/12/2013 Service Pack 1 SJ Web Edition ;
; Revision Name      ; riscv                                                             ;
; Device Family      ; Cyclone II                                                        ;
; Device Name        ; EP2C20F484C7                                                      ;
; Timing Models      ; Final                                                             ;
; Delay Model        ; Combined                                                          ;
; Rise/Fall Delays   ; Unavailable                                                       ;
+--------------------+-------------------------------------------------------------------+


Parallel compilation was disabled, but you have multiple processors available. Enable parallel compilation to reduce compilation time.
+-------------------------------------+
; Parallel Compilation                ;
+----------------------------+--------+
; Processors                 ; Number ;
+----------------------------+--------+
; Number detected on machine ; 24     ;
; Maximum allowed            ; 1      ;
+----------------------------+--------+


+---------------------------------------------------+
; SDC File List                                     ;
+---------------+--------+--------------------------+
; SDC File Path ; Status ; Read at                  ;
+---------------+--------+--------------------------+
; riscv.sdc     ; OK     ; Wed Aug 05 09:54:07 2026 ;
+---------------+--------+--------------------------+


+--------------------------------------------------------------------------------------------------------------------------------------------------------------------------------------+
; Clocks                                                                                                                                                                               ;
+------------+------+--------+-----------+-------+--------+------------+-----------+-------------+-------+--------+-----------+------------+----------+--------+--------+--------------+
; Clock Name ; Type ; Period ; Frequency ; Rise  ; Fall   ; Duty Cycle ; Divide by ; Multiply by ; Phase ; Offset ; Edge List ; Edge Shift ; Inverted ; Master ; Source ; Targets      ;
+------------+------+--------+-----------+-------+--------+------------+-----------+-------------+-------+--------+-----------+------------+----------+--------+--------+--------------+
; CLOCK_50   ; Base ; 20.000 ; 50.0 MHz  ; 0.000 ; 10.000 ;            ;           ;             ;       ;        ;           ;            ;          ;        ;        ; { CLOCK_50 } ;
+------------+------+--------+-----------+-------+--------+------------+-----------+-------------+-------+--------+-----------+------------+----------+--------+--------+--------------+


+-------------------------------------------------+
; Slow Model Fmax Summary                         ;
+-----------+-----------------+------------+------+
; Fmax      ; Restricted Fmax ; Clock Name ; Note ;
+-----------+-----------------+------------+------+
; 52.09 MHz ; 52.09 MHz       ; CLOCK_50   ;      ;
+-----------+-----------------+------------+------+
This panel reports FMAX for every clock in the design, regardless of the user-specified clock periods.  FMAX is only computed for paths where the source and destination registers or ports are driven by the same clock.  Paths of different clocks, including generated clocks, are ignored.  For paths between a clock and its inversion, FMAX is computed as if the rising and falling edges are scaled along with FMAX, such that the duty cycle (in terms of a percentage) is maintained. Altera recommends that you always use clock constraints and other slack reports for sign-off analysis.


+----------------------------------+
; Slow Model Setup Summary         ;
+----------+-------+---------------+
; Clock    ; Slack ; End Point TNS ;
+----------+-------+---------------+
; CLOCK_50 ; 0.801 ; 0.000         ;
+----------+-------+---------------+


+----------------------------------+
; Slow Model Hold Summary          ;
+----------+-------+---------------+
; Clock    ; Slack ; End Point TNS ;
+----------+-------+---------------+
; CLOCK_50 ; 0.271 ; 0.000         ;
+----------+-------+---------------+


+-----------------------------------+
; Slow Model Recovery Summary       ;
+----------+--------+---------------+
; Clock    ; Slack  ; End Point TNS ;
+----------+--------+---------------+
; CLOCK_50 ; 15.101 ; 0.000         ;
+----------+--------+---------------+


+----------------------------------+
; Slow Model Removal Summary       ;
+----------+-------+---------------+
; Clock    ; Slack ; End Point TNS ;
+----------+-------+---------------+
; CLOCK_50 ; 3.851 ; 0.000         ;
+----------+-------+---------------+


+----------------------------------------+
; Slow Model Minimum Pulse Width Summary ;
+----------+-------+---------------------+
; Clock    ; Slack ; End Point TNS       ;
+----------+-------+---------------------+
; CLOCK_50 ; 7.436 ; 0.000               ;
+----------+-------+---------------------+


+---------------------------------------------------------------------------------------------------------------------------------------------------------------------------------------+
; Slow Model Setup: 'CLOCK_50'                                                                                                                                                          ;
+-------+-------------------------+-------------------------------------------------------------------------------+--------------+-------------+--------------+------------+------------+
; Slack ; From Node               ; To Node                                                                       ; Launch Clock ; Latch Clock ; Relationship ; Clock Skew ; Data Delay ;
+-------+-------------------------+-------------------------------------------------------------------------------+--------------+-------------+--------------+------------+------------+
; 0.801 ; decoder:decoder|imm[14] ; memory_controller:mem|memory_mapped_io:memory_mapped_io|vga_palette_color[11] ; CLOCK_50     ; CLOCK_50    ; 20.000       ; -0.017     ; 19.220     ;
; 0.838 ; decoder:decoder|imm[15] ; memory_controller:mem|memory_mapped_io:memory_mapped_io|vga_palette_color[11] ; CLOCK_50     ; CLOCK_50    ; 20.000       ; -0.017     ; 19.183     ;
; 0.855 ; decoder:decoder|imm[13] ; memory_controller:mem|memory_mapped_io:memory_mapped_io|vga_palette_color[11] ; CLOCK_50     ; CLOCK_50    ; 20.000       ; -0.015     ; 19.168     ;
; 0.856 ; decoder:decoder|rs2[1]  ; memory_controller:mem|memory_mapped_io:memory_mapped_io|vga_palette_color[11] ; CLOCK_50     ; CLOCK_50    ; 20.000       ; 0.001      ; 19.183     ;
; 0.914 ; decoder:decoder|rs1[16] ; memory_controller:mem|memory_mapped_io:memory_mapped_io|vga_palette_color[11] ; CLOCK_50     ; CLOCK_50    ; 20.000       ; 0.003      ; 19.127     ;
; 0.974 ; decoder:decoder|imm[0]  ; memory_controller:mem|memory_mapped_io:memory_mapped_io|vga_palette_color[11] ; CLOCK_50     ; CLOCK_50    ; 20.000       ; -0.005     ; 19.059     ;
; 1.039 ; decoder:decoder|rs1[13] ; memory_controller:mem|memory_mapped_io:memory_mapped_io|vga_palette_color[11] ; CLOCK_50     ; CLOCK_50    ; 20.000       ; -0.004     ; 18.995     ;
; 1.041 ; decoder:decoder|imm[29] ; memory_controller:mem|memory_mapped_io:memory_mapped_io|vga_palette_color[11] ; CLOCK_50     ; CLOCK_50    ; 20.000       ; -0.016     ; 18.981     ;
; 1.046 ; decoder:decoder|rs1[18] ; memory_controller:mem|memory_mapped_io:memory_mapped_io|vga_palette_color[11] ; CLOCK_50     ; CLOCK_50    ; 20.000       ; 0.006      ; 18.998     ;
; 1.078 ; decoder:decoder|imm[14] ; memory_controller:mem|memory_mapped_io:memory_mapped_io|vga_pen_x[4]          ; CLOCK_50     ; CLOCK_50    ; 20.000       ; -0.010     ; 18.950     ;
; 1.078 ; decoder:decoder|imm[14] ; memory_controller:mem|memory_mapped_io:memory_mapped_io|vga_pen_x[0]          ; CLOCK_50     ; CLOCK_50    ; 20.000       ; -0.010     ; 18.950     ;
; 1.089 ; decoder:decoder|imm[14] ; memory_controller:mem|memory_mapped_io:memory_mapped_io|vga_pen_y[5]          ; CLOCK_50     ; CLOCK_50    ; 20.000       ; -0.011     ; 18.938     ;
; 1.090 ; decoder:decoder|imm[12] ; memory_controller:mem|memory_mapped_io:memory_mapped_io|vga_palette_color[11] ; CLOCK_50     ; CLOCK_50    ; 20.000       ; -0.017     ; 18.931     ;
; 1.092 ; decoder:decoder|imm[8]  ; memory_controller:mem|memory_mapped_io:memory_mapped_io|vga_palette_color[11] ; CLOCK_50     ; CLOCK_50    ; 20.000       ; -0.017     ; 18.929     ;
; 1.115 ; decoder:decoder|imm[15] ; memory_controller:mem|memory_mapped_io:memory_mapped_io|vga_pen_x[4]          ; CLOCK_50     ; CLOCK_50    ; 20.000       ; -0.010     ; 18.913     ;
; 1.115 ; decoder:decoder|imm[15] ; memory_controller:mem|memory_mapped_io:memory_mapped_io|vga_pen_x[0]          ; CLOCK_50     ; CLOCK_50    ; 20.000       ; -0.010     ; 18.913     ;
; 1.126 ; decoder:decoder|imm[15] ; memory_controller:mem|memory_mapped_io:memory_mapped_io|vga_pen_y[5]          ; CLOCK_50     ; CLOCK_50    ; 20.000       ; -0.011     ; 18.901     ;
; 1.129 ; decoder:decoder|imm[17] ; memory_controller:mem|memory_mapped_io:memory_mapped_io|vga_palette_color[11] ; CLOCK_50     ; CLOCK_50    ; 20.000       ; -0.015     ; 18.894     ;
; 1.130 ; decoder:decoder|imm[9]  ; memory_controller:mem|memory_mapped_io:memory_mapped_io|vga_palette_color[11] ; CLOCK_50     ; CLOCK_50    ; 20.000       ; 0.000      ; 18.908     ;
; 1.132 ; decoder:decoder|imm[13] ; memory_controller:mem|memory_mapped_io:memory_mapped_io|vga_pen_x[4]          ; CLOCK_50     ; CLOCK_50    ; 20.000       ; -0.008     ; 18.898     ;
; 1.132 ; decoder:decoder|imm[13] ; memory_controller:mem|memory_mapped_io:memory_mapped_io|vga_pen_x[0]          ; CLOCK_50     ; CLOCK_50    ; 20.000       ; -0.008     ; 18.898     ;
; 1.133 ; decoder:decoder|rs2[1]  ; memory_controller:mem|memory_mapped_io:memory_mapped_io|vga_pen_x[4]          ; CLOCK_50     ; CLOCK_50    ; 20.000       ; 0.008      ; 18.913     ;
; 1.133 ; decoder:decoder|rs2[1]  ; memory_controller:mem|memory_mapped_io:memory_mapped_io|vga_pen_x[0]          ; CLOCK_50     ; CLOCK_50    ; 20.000       ; 0.008      ; 18.913     ;
; 1.143 ; decoder:decoder|imm[13] ; memory_controller:mem|memory_mapped_io:memory_mapped_io|vga_pen_y[5]          ; CLOCK_50     ; CLOCK_50    ; 20.000       ; -0.009     ; 18.886     ;
; 1.144 ; decoder:decoder|rs2[1]  ; memory_controller:mem|memory_mapped_io:memory_mapped_io|vga_pen_y[5]          ; CLOCK_50     ; CLOCK_50    ; 20.000       ; 0.007      ; 18.901     ;
; 1.150 ; decoder:decoder|imm[14] ; memory_controller:mem|memory_mapped_io:memory_mapped_io|ps2_get_key[3]        ; CLOCK_50     ; CLOCK_50    ; 20.000       ; -0.010     ; 18.878     ;
; 1.157 ; decoder:decoder|imm[1]  ; memory_controller:mem|memory_mapped_io:memory_mapped_io|vga_palette_color[11] ; CLOCK_50     ; CLOCK_50    ; 20.000       ; -0.005     ; 18.876     ;
; 1.162 ; decoder:decoder|imm[26] ; memory_controller:mem|memory_mapped_io:memory_mapped_io|vga_palette_color[11] ; CLOCK_50     ; CLOCK_50    ; 20.000       ; -0.004     ; 18.872     ;
; 1.172 ; decoder:decoder|imm[25] ; memory_controller:mem|memory_mapped_io:memory_mapped_io|vga_palette_color[11] ; CLOCK_50     ; CLOCK_50    ; 20.000       ; -0.017     ; 18.849     ;
; 1.176 ; decoder:decoder|imm[14] ; memory_controller:mem|memory_mapped_io:memory_mapped_io|vga_palette_color[6]  ; CLOCK_50     ; CLOCK_50    ; 20.000       ; -0.016     ; 18.846     ;
; 1.176 ; decoder:decoder|imm[10] ; memory_controller:mem|memory_mapped_io:memory_mapped_io|vga_palette_color[11] ; CLOCK_50     ; CLOCK_50    ; 20.000       ; 0.000      ; 18.862     ;
; 1.187 ; decoder:decoder|imm[15] ; memory_controller:mem|memory_mapped_io:memory_mapped_io|ps2_get_key[3]        ; CLOCK_50     ; CLOCK_50    ; 20.000       ; -0.010     ; 18.841     ;
; 1.191 ; decoder:decoder|rs1[16] ; memory_controller:mem|memory_mapped_io:memory_mapped_io|vga_pen_x[4]          ; CLOCK_50     ; CLOCK_50    ; 20.000       ; 0.010      ; 18.857     ;
; 1.191 ; decoder:decoder|rs1[16] ; memory_controller:mem|memory_mapped_io:memory_mapped_io|vga_pen_x[0]          ; CLOCK_50     ; CLOCK_50    ; 20.000       ; 0.010      ; 18.857     ;
; 1.201 ; decoder:decoder|rs1[7]  ; memory_controller:mem|memory_mapped_io:memory_mapped_io|vga_palette_color[11] ; CLOCK_50     ; CLOCK_50    ; 20.000       ; -0.005     ; 18.832     ;
; 1.202 ; decoder:decoder|rs1[16] ; memory_controller:mem|memory_mapped_io:memory_mapped_io|vga_pen_y[5]          ; CLOCK_50     ; CLOCK_50    ; 20.000       ; 0.009      ; 18.845     ;
; 1.204 ; decoder:decoder|imm[13] ; memory_controller:mem|memory_mapped_io:memory_mapped_io|ps2_get_key[3]        ; CLOCK_50     ; CLOCK_50    ; 20.000       ; -0.008     ; 18.826     ;
; 1.205 ; decoder:decoder|rs2[1]  ; memory_controller:mem|memory_mapped_io:memory_mapped_io|ps2_get_key[3]        ; CLOCK_50     ; CLOCK_50    ; 20.000       ; 0.008      ; 18.841     ;
; 1.206 ; decoder:decoder|imm[18] ; memory_controller:mem|memory_mapped_io:memory_mapped_io|vga_palette_color[11] ; CLOCK_50     ; CLOCK_50    ; 20.000       ; -0.017     ; 18.815     ;
; 1.213 ; decoder:decoder|imm[15] ; memory_controller:mem|memory_mapped_io:memory_mapped_io|vga_palette_color[6]  ; CLOCK_50     ; CLOCK_50    ; 20.000       ; -0.016     ; 18.809     ;
; 1.223 ; decoder:decoder|imm[30] ; memory_controller:mem|memory_mapped_io:memory_mapped_io|vga_palette_color[11] ; CLOCK_50     ; CLOCK_50    ; 20.000       ; -0.016     ; 18.799     ;
; 1.230 ; decoder:decoder|imm[13] ; memory_controller:mem|memory_mapped_io:memory_mapped_io|vga_palette_color[6]  ; CLOCK_50     ; CLOCK_50    ; 20.000       ; -0.014     ; 18.794     ;
; 1.231 ; decoder:decoder|rs2[1]  ; memory_controller:mem|memory_mapped_io:memory_mapped_io|vga_palette_color[6]  ; CLOCK_50     ; CLOCK_50    ; 20.000       ; 0.002      ; 18.809     ;
; 1.247 ; decoder:decoder|rs1[12] ; memory_controller:mem|memory_mapped_io:memory_mapped_io|vga_palette_color[11] ; CLOCK_50     ; CLOCK_50    ; 20.000       ; -0.003     ; 18.788     ;
; 1.248 ; decoder:decoder|rs1[11] ; memory_controller:mem|memory_mapped_io:memory_mapped_io|vga_palette_color[11] ; CLOCK_50     ; CLOCK_50    ; 20.000       ; -0.003     ; 18.787     ;
; 1.251 ; decoder:decoder|imm[0]  ; memory_controller:mem|memory_mapped_io:memory_mapped_io|vga_pen_x[4]          ; CLOCK_50     ; CLOCK_50    ; 20.000       ; 0.002      ; 18.789     ;
; 1.251 ; decoder:decoder|imm[0]  ; memory_controller:mem|memory_mapped_io:memory_mapped_io|vga_pen_x[0]          ; CLOCK_50     ; CLOCK_50    ; 20.000       ; 0.002      ; 18.789     ;
; 1.262 ; decoder:decoder|imm[0]  ; memory_controller:mem|memory_mapped_io:memory_mapped_io|vga_pen_y[5]          ; CLOCK_50     ; CLOCK_50    ; 20.000       ; 0.001      ; 18.777     ;
; 1.263 ; decoder:decoder|rs1[16] ; memory_controller:mem|memory_mapped_io:memory_mapped_io|ps2_get_key[3]        ; CLOCK_50     ; CLOCK_50    ; 20.000       ; 0.010      ; 18.785     ;
; 1.269 ; decoder:decoder|imm[1]  ; memory_controller:mem|sram_interface32bit:sram32|data_out[25]                 ; CLOCK_50     ; CLOCK_50    ; 20.000       ; -0.022     ; 18.747     ;
; 1.269 ; decoder:decoder|imm[1]  ; memory_controller:mem|sram_interface32bit:sram32|data_out[27]                 ; CLOCK_50     ; CLOCK_50    ; 20.000       ; -0.022     ; 18.747     ;
; 1.269 ; decoder:decoder|imm[1]  ; memory_controller:mem|sram_interface32bit:sram32|data_out[26]                 ; CLOCK_50     ; CLOCK_50    ; 20.000       ; -0.022     ; 18.747     ;
; 1.274 ; decoder:decoder|imm[1]  ; memory_controller:mem|sram_interface32bit:sram32|data_out[24]                 ; CLOCK_50     ; CLOCK_50    ; 20.000       ; -0.020     ; 18.744     ;
; 1.274 ; decoder:decoder|imm[1]  ; memory_controller:mem|sram_interface32bit:sram32|data_out[28]                 ; CLOCK_50     ; CLOCK_50    ; 20.000       ; -0.020     ; 18.744     ;
; 1.289 ; decoder:decoder|rs1[16] ; memory_controller:mem|memory_mapped_io:memory_mapped_io|vga_palette_color[6]  ; CLOCK_50     ; CLOCK_50    ; 20.000       ; 0.004      ; 18.753     ;
; 1.316 ; decoder:decoder|imm[22] ; memory_controller:mem|memory_mapped_io:memory_mapped_io|vga_palette_color[11] ; CLOCK_50     ; CLOCK_50    ; 20.000       ; -0.017     ; 18.705     ;
; 1.316 ; decoder:decoder|rs1[13] ; memory_controller:mem|memory_mapped_io:memory_mapped_io|vga_pen_x[4]          ; CLOCK_50     ; CLOCK_50    ; 20.000       ; 0.003      ; 18.725     ;
; 1.316 ; decoder:decoder|rs1[13] ; memory_controller:mem|memory_mapped_io:memory_mapped_io|vga_pen_x[0]          ; CLOCK_50     ; CLOCK_50    ; 20.000       ; 0.003      ; 18.725     ;
; 1.318 ; decoder:decoder|imm[29] ; memory_controller:mem|memory_mapped_io:memory_mapped_io|vga_pen_x[4]          ; CLOCK_50     ; CLOCK_50    ; 20.000       ; -0.009     ; 18.711     ;
; 1.318 ; decoder:decoder|imm[29] ; memory_controller:mem|memory_mapped_io:memory_mapped_io|vga_pen_x[0]          ; CLOCK_50     ; CLOCK_50    ; 20.000       ; -0.009     ; 18.711     ;
; 1.323 ; decoder:decoder|rs1[18] ; memory_controller:mem|memory_mapped_io:memory_mapped_io|vga_pen_x[4]          ; CLOCK_50     ; CLOCK_50    ; 20.000       ; 0.013      ; 18.728     ;
; 1.323 ; decoder:decoder|rs1[18] ; memory_controller:mem|memory_mapped_io:memory_mapped_io|vga_pen_x[0]          ; CLOCK_50     ; CLOCK_50    ; 20.000       ; 0.013      ; 18.728     ;
; 1.323 ; decoder:decoder|imm[0]  ; memory_controller:mem|memory_mapped_io:memory_mapped_io|ps2_get_key[3]        ; CLOCK_50     ; CLOCK_50    ; 20.000       ; 0.002      ; 18.717     ;
; 1.327 ; decoder:decoder|rs1[13] ; memory_controller:mem|memory_mapped_io:memory_mapped_io|vga_pen_y[5]          ; CLOCK_50     ; CLOCK_50    ; 20.000       ; 0.002      ; 18.713     ;
; 1.329 ; decoder:decoder|imm[29] ; memory_controller:mem|memory_mapped_io:memory_mapped_io|vga_pen_y[5]          ; CLOCK_50     ; CLOCK_50    ; 20.000       ; -0.010     ; 18.699     ;
; 1.331 ; decoder:decoder|imm[16] ; memory_controller:mem|memory_mapped_io:memory_mapped_io|vga_palette_color[11] ; CLOCK_50     ; CLOCK_50    ; 20.000       ; -0.017     ; 18.690     ;
; 1.334 ; decoder:decoder|rs1[18] ; memory_controller:mem|memory_mapped_io:memory_mapped_io|vga_pen_y[5]          ; CLOCK_50     ; CLOCK_50    ; 20.000       ; 0.012      ; 18.716     ;
; 1.339 ; decoder:decoder|imm[14] ; memory_controller:mem|memory_mapped_io:memory_mapped_io|vga_pen_x[2]          ; CLOCK_50     ; CLOCK_50    ; 20.000       ; -0.016     ; 18.683     ;
; 1.339 ; decoder:decoder|imm[14] ; memory_controller:mem|memory_mapped_io:memory_mapped_io|vga_pen_y[1]          ; CLOCK_50     ; CLOCK_50    ; 20.000       ; -0.016     ; 18.683     ;
; 1.339 ; decoder:decoder|imm[14] ; memory_controller:mem|memory_mapped_io:memory_mapped_io|vga_pen_x[3]          ; CLOCK_50     ; CLOCK_50    ; 20.000       ; -0.016     ; 18.683     ;
; 1.339 ; decoder:decoder|imm[14] ; memory_controller:mem|memory_mapped_io:memory_mapped_io|vga_pen_y[2]          ; CLOCK_50     ; CLOCK_50    ; 20.000       ; -0.016     ; 18.683     ;
; 1.339 ; decoder:decoder|imm[14] ; memory_controller:mem|memory_mapped_io:memory_mapped_io|vga_pen_y[3]          ; CLOCK_50     ; CLOCK_50    ; 20.000       ; -0.016     ; 18.683     ;
; 1.339 ; decoder:decoder|imm[14] ; memory_controller:mem|memory_mapped_io:memory_mapped_io|vga_pen_y[4]          ; CLOCK_50     ; CLOCK_50    ; 20.000       ; -0.016     ; 18.683     ;
; 1.339 ; decoder:decoder|imm[14] ; memory_controller:mem|memory_mapped_io:memory_mapped_io|vga_pen_y[7]          ; CLOCK_50     ; CLOCK_50    ; 20.000       ; -0.016     ; 18.683     ;
; 1.339 ; decoder:decoder|imm[14] ; memory_controller:mem|memory_mapped_io:memory_mapped_io|vga_pen_y[8]          ; CLOCK_50     ; CLOCK_50    ; 20.000       ; -0.016     ; 18.683     ;
; 1.349 ; decoder:decoder|imm[0]  ; memory_controller:mem|memory_mapped_io:memory_mapped_io|vga_palette_color[6]  ; CLOCK_50     ; CLOCK_50    ; 20.000       ; -0.004     ; 18.685     ;
; 1.353 ; decoder:decoder|imm[14] ; memory_controller:mem|memory_mapped_io:memory_mapped_io|vga_palette_index[1]  ; CLOCK_50     ; CLOCK_50    ; 20.000       ; -0.016     ; 18.669     ;
; 1.353 ; decoder:decoder|imm[14] ; memory_controller:mem|memory_mapped_io:memory_mapped_io|vga_palette_index[0]  ; CLOCK_50     ; CLOCK_50    ; 20.000       ; -0.016     ; 18.669     ;
; 1.353 ; decoder:decoder|imm[14] ; memory_controller:mem|memory_mapped_io:memory_mapped_io|vga_palette_index[3]  ; CLOCK_50     ; CLOCK_50    ; 20.000       ; -0.016     ; 18.669     ;
; 1.353 ; decoder:decoder|imm[14] ; memory_controller:mem|memory_mapped_io:memory_mapped_io|vga_palette_index[2]  ; CLOCK_50     ; CLOCK_50    ; 20.000       ; -0.016     ; 18.669     ;
; 1.353 ; decoder:decoder|imm[14] ; memory_controller:mem|memory_mapped_io:memory_mapped_io|vga_write_palette     ; CLOCK_50     ; CLOCK_50    ; 20.000       ; -0.016     ; 18.669     ;
; 1.353 ; decoder:decoder|imm[14] ; memory_controller:mem|memory_mapped_io:memory_mapped_io|vga_palette_color[8]  ; CLOCK_50     ; CLOCK_50    ; 20.000       ; -0.016     ; 18.669     ;
; 1.353 ; decoder:decoder|imm[14] ; memory_controller:mem|memory_mapped_io:memory_mapped_io|vga_palette_color[9]  ; CLOCK_50     ; CLOCK_50    ; 20.000       ; -0.016     ; 18.669     ;
; 1.353 ; decoder:decoder|imm[14] ; memory_controller:mem|memory_mapped_io:memory_mapped_io|vga_palette_color[10] ; CLOCK_50     ; CLOCK_50    ; 20.000       ; -0.016     ; 18.669     ;
; 1.353 ; decoder:decoder|imm[14] ; memory_controller:mem|memory_mapped_io:memory_mapped_io|vga_palette_color[4]  ; CLOCK_50     ; CLOCK_50    ; 20.000       ; -0.016     ; 18.669     ;
; 1.353 ; decoder:decoder|imm[14] ; memory_controller:mem|memory_mapped_io:memory_mapped_io|vga_palette_color[5]  ; CLOCK_50     ; CLOCK_50    ; 20.000       ; -0.016     ; 18.669     ;
; 1.353 ; decoder:decoder|imm[14] ; memory_controller:mem|memory_mapped_io:memory_mapped_io|vga_palette_color[7]  ; CLOCK_50     ; CLOCK_50    ; 20.000       ; -0.016     ; 18.669     ;
; 1.353 ; decoder:decoder|imm[14] ; memory_controller:mem|memory_mapped_io:memory_mapped_io|vga_palette_color[0]  ; CLOCK_50     ; CLOCK_50    ; 20.000       ; -0.016     ; 18.669     ;
; 1.353 ; decoder:decoder|imm[14] ; memory_controller:mem|memory_mapped_io:memory_mapped_io|vga_palette_color[1]  ; CLOCK_50     ; CLOCK_50    ; 20.000       ; -0.016     ; 18.669     ;
; 1.353 ; decoder:decoder|imm[14] ; memory_controller:mem|memory_mapped_io:memory_mapped_io|vga_palette_color[2]  ; CLOCK_50     ; CLOCK_50    ; 20.000       ; -0.016     ; 18.669     ;
; 1.353 ; decoder:decoder|imm[14] ; memory_controller:mem|memory_mapped_io:memory_mapped_io|vga_palette_color[3]  ; CLOCK_50     ; CLOCK_50    ; 20.000       ; -0.016     ; 18.669     ;
; 1.353 ; decoder:decoder|imm[4]  ; memory_controller:mem|memory_mapped_io:memory_mapped_io|vga_palette_color[11] ; CLOCK_50     ; CLOCK_50    ; 20.000       ; 0.007      ; 18.692     ;
; 1.356 ; decoder:decoder|imm[14] ; memory_controller:mem|memory_mapped_io:memory_mapped_io|vga_pen_y[0]          ; CLOCK_50     ; CLOCK_50    ; 20.000       ; -0.014     ; 18.668     ;
; 1.356 ; decoder:decoder|imm[14] ; memory_controller:mem|memory_mapped_io:memory_mapped_io|vga_pen_x[6]          ; CLOCK_50     ; CLOCK_50    ; 20.000       ; -0.014     ; 18.668     ;
; 1.356 ; decoder:decoder|imm[14] ; memory_controller:mem|memory_mapped_io:memory_mapped_io|vga_pen_x[7]          ; CLOCK_50     ; CLOCK_50    ; 20.000       ; -0.014     ; 18.668     ;
; 1.356 ; decoder:decoder|imm[14] ; memory_controller:mem|memory_mapped_io:memory_mapped_io|vga_pen_x[8]          ; CLOCK_50     ; CLOCK_50    ; 20.000       ; -0.014     ; 18.668     ;
; 1.356 ; decoder:decoder|imm[14] ; memory_controller:mem|memory_mapped_io:memory_mapped_io|vga_pen_x[1]          ; CLOCK_50     ; CLOCK_50    ; 20.000       ; -0.014     ; 18.668     ;
; 1.356 ; decoder:decoder|imm[14] ; memory_controller:mem|memory_mapped_io:memory_mapped_io|vga_pen_color[3]      ; CLOCK_50     ; CLOCK_50    ; 20.000       ; -0.014     ; 18.668     ;
; 1.356 ; decoder:decoder|imm[14] ; memory_controller:mem|memory_mapped_io:memory_mapped_io|vga_pen_color[2]      ; CLOCK_50     ; CLOCK_50    ; 20.000       ; -0.014     ; 18.668     ;
; 1.357 ; decoder:decoder|imm[6]  ; memory_controller:mem|memory_mapped_io:memory_mapped_io|vga_palette_color[11] ; CLOCK_50     ; CLOCK_50    ; 20.000       ; 0.000      ; 18.681     ;
+-------+-------------------------+-------------------------------------------------------------------------------+--------------+-------------+--------------+------------+------------+


+-------------------------------------------------------------------------------------------------------------------------------------------------------------------------------------------------------------------------------------------+
; Slow Model Hold: 'CLOCK_50'                                                                                                                                                                                                               ;
+-------+------------------------------------------------------------------------------+------------------------------------------------------------------------------+--------------+-------------+--------------+------------+------------+
; Slack ; From Node                                                                    ; To Node                                                                      ; Launch Clock ; Latch Clock ; Relationship ; Clock Skew ; Data Delay ;
+-------+------------------------------------------------------------------------------+------------------------------------------------------------------------------+--------------+-------------+--------------+------------+------------+
; 0.271 ; rst_n_init:rst_n_init|counter[0]                                             ; rst_n_init:rst_n_init|rst_n                                                  ; CLOCK_50     ; CLOCK_50    ; 0.000        ; 0.385      ; 0.942      ;
; 0.415 ; processor_state_manager:processor_state_manager|processor_state[0]           ; processor_state_manager:processor_state_manager|processor_state[2]           ; CLOCK_50     ; CLOCK_50    ; 0.000        ; 0.385      ; 1.086      ;
; 0.445 ; rst_n_init:rst_n_init|counter[1]                                             ; rst_n_init:rst_n_init|counter[1]                                             ; CLOCK_50     ; CLOCK_50    ; 0.000        ; 0.000      ; 0.731      ;
; 0.445 ; rst_n_init:rst_n_init|counter[0]                                             ; rst_n_init:rst_n_init|counter[0]                                             ; CLOCK_50     ; CLOCK_50    ; 0.000        ; 0.000      ; 0.731      ;
; 0.445 ; processor_state_manager:processor_state_manager|processor_state[1]           ; processor_state_manager:processor_state_manager|processor_state[1]           ; CLOCK_50     ; CLOCK_50    ; 0.000        ; 0.000      ; 0.731      ;
; 0.445 ; memory_controller:mem|flash_interface32bit:flash32|state.READ1               ; memory_controller:mem|flash_interface32bit:flash32|state.READ1               ; CLOCK_50     ; CLOCK_50    ; 0.000        ; 0.000      ; 0.731      ;
; 0.445 ; memory_controller:mem|flash_interface32bit:flash32|delay_counter[0]          ; memory_controller:mem|flash_interface32bit:flash32|delay_counter[0]          ; CLOCK_50     ; CLOCK_50    ; 0.000        ; 0.000      ; 0.731      ;
; 0.445 ; memory_controller:mem|flash_interface32bit:flash32|delay_counter[1]          ; memory_controller:mem|flash_interface32bit:flash32|delay_counter[1]          ; CLOCK_50     ; CLOCK_50    ; 0.000        ; 0.000      ; 0.731      ;
; 0.445 ; memory_controller:mem|flash_interface32bit:flash32|delay_counter[2]          ; memory_controller:mem|flash_interface32bit:flash32|delay_counter[2]          ; CLOCK_50     ; CLOCK_50    ; 0.000        ; 0.000      ; 0.731      ;
; 0.445 ; memory_controller:mem|flash_interface32bit:flash32|state.READ2               ; memory_controller:mem|flash_interface32bit:flash32|state.READ2               ; CLOCK_50     ; CLOCK_50    ; 0.000        ; 0.000      ; 0.731      ;
; 0.445 ; memory_controller:mem|flash_interface32bit:flash32|state.READ3               ; memory_controller:mem|flash_interface32bit:flash32|state.READ3               ; CLOCK_50     ; CLOCK_50    ; 0.000        ; 0.000      ; 0.731      ;
; 0.445 ; memory_controller:mem|flash_interface32bit:flash32|state.READ4               ; memory_controller:mem|flash_interface32bit:flash32|state.READ4               ; CLOCK_50     ; CLOCK_50    ; 0.000        ; 0.000      ; 0.731      ;
; 0.445 ; memory_controller:mem|flash_interface32bit:flash32|state.READ_BYTE           ; memory_controller:mem|flash_interface32bit:flash32|state.READ_BYTE           ; CLOCK_50     ; CLOCK_50    ; 0.000        ; 0.000      ; 0.731      ;
; 0.445 ; memory_controller:mem|flash_interface32bit:flash32|state.IDLE                ; memory_controller:mem|flash_interface32bit:flash32|state.IDLE                ; CLOCK_50     ; CLOCK_50    ; 0.000        ; 0.000      ; 0.731      ;
; 0.445 ; memory_controller:mem|flash_interface32bit:flash32|data[8]                   ; memory_controller:mem|flash_interface32bit:flash32|data[8]                   ; CLOCK_50     ; CLOCK_50    ; 0.000        ; 0.000      ; 0.731      ;
; 0.445 ; memory_controller:mem|flash_interface32bit:flash32|data[18]                  ; memory_controller:mem|flash_interface32bit:flash32|data[18]                  ; CLOCK_50     ; CLOCK_50    ; 0.000        ; 0.000      ; 0.731      ;
; 0.445 ; memory_controller:mem|flash_interface32bit:flash32|data[16]                  ; memory_controller:mem|flash_interface32bit:flash32|data[16]                  ; CLOCK_50     ; CLOCK_50    ; 0.000        ; 0.000      ; 0.731      ;
; 0.445 ; memory_controller:mem|flash_interface32bit:flash32|data[23]                  ; memory_controller:mem|flash_interface32bit:flash32|data[23]                  ; CLOCK_50     ; CLOCK_50    ; 0.000        ; 0.000      ; 0.731      ;
; 0.445 ; memory_controller:mem|flash_interface32bit:flash32|data[7]                   ; memory_controller:mem|flash_interface32bit:flash32|data[7]                   ; CLOCK_50     ; CLOCK_50    ; 0.000        ; 0.000      ; 0.731      ;
; 0.445 ; memory_controller:mem|flash_interface32bit:flash32|data[0]                   ; memory_controller:mem|flash_interface32bit:flash32|data[0]                   ; CLOCK_50     ; CLOCK_50    ; 0.000        ; 0.000      ; 0.731      ;
; 0.445 ; memory_controller:mem|flash_interface32bit:flash32|data[31]                  ; memory_controller:mem|flash_interface32bit:flash32|data[31]                  ; CLOCK_50     ; CLOCK_50    ; 0.000        ; 0.000      ; 0.731      ;
; 0.445 ; memory_controller:mem|flash_interface32bit:flash32|data[2]                   ; memory_controller:mem|flash_interface32bit:flash32|data[2]                   ; CLOCK_50     ; CLOCK_50    ; 0.000        ; 0.000      ; 0.731      ;
; 0.445 ; memory_controller:mem|flash_interface32bit:flash32|data[9]                   ; memory_controller:mem|flash_interface32bit:flash32|data[9]                   ; CLOCK_50     ; CLOCK_50    ; 0.000        ; 0.000      ; 0.731      ;
; 0.445 ; memory_controller:mem|flash_interface32bit:flash32|data[1]                   ; memory_controller:mem|flash_interface32bit:flash32|data[1]                   ; CLOCK_50     ; CLOCK_50    ; 0.000        ; 0.000      ; 0.731      ;
; 0.445 ; memory_controller:mem|flash_interface32bit:flash32|data[21]                  ; memory_controller:mem|flash_interface32bit:flash32|data[21]                  ; CLOCK_50     ; CLOCK_50    ; 0.000        ; 0.000      ; 0.731      ;
; 0.445 ; memory_controller:mem|flash_interface32bit:flash32|data[3]                   ; memory_controller:mem|flash_interface32bit:flash32|data[3]                   ; CLOCK_50     ; CLOCK_50    ; 0.000        ; 0.000      ; 0.731      ;
; 0.445 ; memory_controller:mem|flash_interface32bit:flash32|data[4]                   ; memory_controller:mem|flash_interface32bit:flash32|data[4]                   ; CLOCK_50     ; CLOCK_50    ; 0.000        ; 0.000      ; 0.731      ;
; 0.445 ; memory_controller:mem|sram_interface32bit:sram32|writing                     ; memory_controller:mem|sram_interface32bit:sram32|writing                     ; CLOCK_50     ; CLOCK_50    ; 0.000        ; 0.000      ; 0.731      ;
; 0.445 ; memory_controller:mem|flash_interface32bit:flash32|data[6]                   ; memory_controller:mem|flash_interface32bit:flash32|data[6]                   ; CLOCK_50     ; CLOCK_50    ; 0.000        ; 0.000      ; 0.731      ;
; 0.445 ; memory_controller:mem|memory_mapped_io:memory_mapped_io|state.IDLE           ; memory_controller:mem|memory_mapped_io:memory_mapped_io|state.IDLE           ; CLOCK_50     ; CLOCK_50    ; 0.000        ; 0.000      ; 0.731      ;
; 0.445 ; ps2_interface:ps2_interface|reset_counter[22]                                ; ps2_interface:ps2_interface|reset_counter[22]                                ; CLOCK_50     ; CLOCK_50    ; 0.000        ; 0.000      ; 0.731      ;
; 0.445 ; memory_controller:mem|memory_mapped_io:memory_mapped_io|data_out[0]          ; memory_controller:mem|memory_mapped_io:memory_mapped_io|data_out[0]          ; CLOCK_50     ; CLOCK_50    ; 0.000        ; 0.000      ; 0.731      ;
; 0.445 ; memory_controller:mem|flash_interface32bit:flash32|data[24]                  ; memory_controller:mem|flash_interface32bit:flash32|data[24]                  ; CLOCK_50     ; CLOCK_50    ; 0.000        ; 0.000      ; 0.731      ;
; 0.445 ; memory_controller:mem|flash_interface32bit:flash32|data[25]                  ; memory_controller:mem|flash_interface32bit:flash32|data[25]                  ; CLOCK_50     ; CLOCK_50    ; 0.000        ; 0.000      ; 0.731      ;
; 0.445 ; memory_controller:mem|flash_interface32bit:flash32|data[27]                  ; memory_controller:mem|flash_interface32bit:flash32|data[27]                  ; CLOCK_50     ; CLOCK_50    ; 0.000        ; 0.000      ; 0.731      ;
; 0.445 ; memory_controller:mem|flash_interface32bit:flash32|data[26]                  ; memory_controller:mem|flash_interface32bit:flash32|data[26]                  ; CLOCK_50     ; CLOCK_50    ; 0.000        ; 0.000      ; 0.731      ;
; 0.445 ; memory_controller:mem|flash_interface32bit:flash32|data[5]                   ; memory_controller:mem|flash_interface32bit:flash32|data[5]                   ; CLOCK_50     ; CLOCK_50    ; 0.000        ; 0.000      ; 0.731      ;
; 0.445 ; memory_controller:mem|flash_interface32bit:flash32|data[12]                  ; memory_controller:mem|flash_interface32bit:flash32|data[12]                  ; CLOCK_50     ; CLOCK_50    ; 0.000        ; 0.000      ; 0.731      ;
; 0.445 ; memory_controller:mem|flash_interface32bit:flash32|data[11]                  ; memory_controller:mem|flash_interface32bit:flash32|data[11]                  ; CLOCK_50     ; CLOCK_50    ; 0.000        ; 0.000      ; 0.731      ;
; 0.445 ; memory_controller:mem|flash_interface32bit:flash32|data[30]                  ; memory_controller:mem|flash_interface32bit:flash32|data[30]                  ; CLOCK_50     ; CLOCK_50    ; 0.000        ; 0.000      ; 0.731      ;
; 0.445 ; memory_controller:mem|flash_interface32bit:flash32|data[10]                  ; memory_controller:mem|flash_interface32bit:flash32|data[10]                  ; CLOCK_50     ; CLOCK_50    ; 0.000        ; 0.000      ; 0.731      ;
; 0.445 ; memory_controller:mem|flash_interface32bit:flash32|data[19]                  ; memory_controller:mem|flash_interface32bit:flash32|data[19]                  ; CLOCK_50     ; CLOCK_50    ; 0.000        ; 0.000      ; 0.731      ;
; 0.445 ; memory_controller:mem|flash_interface32bit:flash32|data[17]                  ; memory_controller:mem|flash_interface32bit:flash32|data[17]                  ; CLOCK_50     ; CLOCK_50    ; 0.000        ; 0.000      ; 0.731      ;
; 0.445 ; memory_controller:mem|flash_interface32bit:flash32|data[13]                  ; memory_controller:mem|flash_interface32bit:flash32|data[13]                  ; CLOCK_50     ; CLOCK_50    ; 0.000        ; 0.000      ; 0.731      ;
; 0.445 ; memory_controller:mem|flash_interface32bit:flash32|data[15]                  ; memory_controller:mem|flash_interface32bit:flash32|data[15]                  ; CLOCK_50     ; CLOCK_50    ; 0.000        ; 0.000      ; 0.731      ;
; 0.445 ; memory_controller:mem|flash_interface32bit:flash32|data[14]                  ; memory_controller:mem|flash_interface32bit:flash32|data[14]                  ; CLOCK_50     ; CLOCK_50    ; 0.000        ; 0.000      ; 0.731      ;
; 0.445 ; memory_controller:mem|flash_interface32bit:flash32|data[20]                  ; memory_controller:mem|flash_interface32bit:flash32|data[20]                  ; CLOCK_50     ; CLOCK_50    ; 0.000        ; 0.000      ; 0.731      ;
; 0.445 ; button_debounce:sram_command_trigger|internal_debounce                       ; button_debounce:sram_command_trigger|internal_debounce                       ; CLOCK_50     ; CLOCK_50    ; 0.000        ; 0.000      ; 0.731      ;
; 0.445 ; memory_controller:mem|flash_interface32bit:flash32|data[29]                  ; memory_controller:mem|flash_interface32bit:flash32|data[29]                  ; CLOCK_50     ; CLOCK_50    ; 0.000        ; 0.000      ; 0.731      ;
; 0.445 ; memory_controller:mem|last_module.FLASH                                      ; memory_controller:mem|last_module.FLASH                                      ; CLOCK_50     ; CLOCK_50    ; 0.000        ; 0.000      ; 0.731      ;
; 0.445 ; memory_controller:mem|flash_interface32bit:flash32|data[22]                  ; memory_controller:mem|flash_interface32bit:flash32|data[22]                  ; CLOCK_50     ; CLOCK_50    ; 0.000        ; 0.000      ; 0.731      ;
; 0.445 ; memory_controller:mem|flash_interface32bit:flash32|data[28]                  ; memory_controller:mem|flash_interface32bit:flash32|data[28]                  ; CLOCK_50     ; CLOCK_50    ; 0.000        ; 0.000      ; 0.731      ;
; 0.445 ; memory_controller:mem|last_module.SRAM                                       ; memory_controller:mem|last_module.SRAM                                       ; CLOCK_50     ; CLOCK_50    ; 0.000        ; 0.000      ; 0.731      ;
; 0.445 ; memory_controller:mem|memory_mapped_io:memory_mapped_io|finished             ; memory_controller:mem|memory_mapped_io:memory_mapped_io|finished             ; CLOCK_50     ; CLOCK_50    ; 0.000        ; 0.000      ; 0.731      ;
; 0.445 ; memory_controller:mem|sram_interface32bit:sram32|finished                    ; memory_controller:mem|sram_interface32bit:sram32|finished                    ; CLOCK_50     ; CLOCK_50    ; 0.000        ; 0.000      ; 0.731      ;
; 0.445 ; memory_controller:mem|flash_interface32bit:flash32|finished                  ; memory_controller:mem|flash_interface32bit:flash32|finished                  ; CLOCK_50     ; CLOCK_50    ; 0.000        ; 0.000      ; 0.731      ;
; 0.445 ; processor_state_manager:processor_state_manager|processor_state[0]           ; processor_state_manager:processor_state_manager|processor_state[0]           ; CLOCK_50     ; CLOCK_50    ; 0.000        ; 0.000      ; 0.731      ;
; 0.445 ; memory_controller:mem|memory_mapped_io:memory_mapped_io|vga_pen_draw         ; memory_controller:mem|memory_mapped_io:memory_mapped_io|vga_pen_draw         ; CLOCK_50     ; CLOCK_50    ; 0.000        ; 0.000      ; 0.731      ;
; 0.445 ; button_debounce:num_display_control|debounced                                ; button_debounce:num_display_control|debounced                                ; CLOCK_50     ; CLOCK_50    ; 0.000        ; 0.000      ; 0.731      ;
; 0.445 ; memory_controller:mem|flash_interface32bit:flash32|interface_addr[0]         ; memory_controller:mem|flash_interface32bit:flash32|interface_addr[0]         ; CLOCK_50     ; CLOCK_50    ; 0.000        ; 0.000      ; 0.731      ;
; 0.445 ; memory_controller:mem|sram_interface32bit:sram32|interface_addr[0]           ; memory_controller:mem|sram_interface32bit:sram32|interface_addr[0]           ; CLOCK_50     ; CLOCK_50    ; 0.000        ; 0.000      ; 0.731      ;
; 0.445 ; memory_controller:mem|sram_interface32bit:sram32|interface_upper_byte_mask_n ; memory_controller:mem|sram_interface32bit:sram32|interface_upper_byte_mask_n ; CLOCK_50     ; CLOCK_50    ; 0.000        ; 0.000      ; 0.731      ;
; 0.618 ; button_debounce:sram_command_trigger|sync1                                   ; button_debounce:sram_command_trigger|sync2                                   ; CLOCK_50     ; CLOCK_50    ; 0.000        ; 0.000      ; 0.904      ;
; 0.625 ; memory_controller:mem|flash_interface32bit:flash32|state.READ2               ; memory_controller:mem|flash_interface32bit:flash32|state.READ3               ; CLOCK_50     ; CLOCK_50    ; 0.000        ; 0.000      ; 0.911      ;
; 0.629 ; button_debounce:sram_command_trigger|counter[22]                             ; button_debounce:sram_command_trigger|counter[22]                             ; CLOCK_50     ; CLOCK_50    ; 0.000        ; 0.000      ; 0.915      ;
; 0.629 ; button_debounce:num_display_control|counter[22]                              ; button_debounce:num_display_control|counter[22]                              ; CLOCK_50     ; CLOCK_50    ; 0.000        ; 0.000      ; 0.915      ;
; 0.637 ; button_debounce:sram_command_trigger|precise_count_down[22]                  ; button_debounce:sram_command_trigger|precise_count_down[22]                  ; CLOCK_50     ; CLOCK_50    ; 0.000        ; 0.000      ; 0.923      ;
; 0.651 ; button_debounce:sram_command_trigger|internal_debounce                       ; button_debounce:sram_command_trigger|debounced                               ; CLOCK_50     ; CLOCK_50    ; 0.000        ; 0.000      ; 0.937      ;
; 0.662 ; rst_n_init:rst_n_init|counter[0]                                             ; rst_n_init:rst_n_init|counter[1]                                             ; CLOCK_50     ; CLOCK_50    ; 0.000        ; 0.000      ; 0.948      ;
; 0.663 ; vga_interface:vga_interface|x_counter[9]                                     ; vga_interface:vga_interface|x_counter[9]                                     ; CLOCK_50     ; CLOCK_50    ; 0.000        ; 0.000      ; 0.949      ;
; 0.803 ; rst_n_init:rst_n_init|counter[1]                                             ; rst_n_init:rst_n_init|rst_n                                                  ; CLOCK_50     ; CLOCK_50    ; 0.000        ; 0.385      ; 1.474      ;
; 0.816 ; memory_controller:mem|sram_interface32bit:sram32|state.UNALIGNED_READ3       ; memory_controller:mem|sram_interface32bit:sram32|data_out[0]                 ; CLOCK_50     ; CLOCK_50    ; 0.000        ; 0.000      ; 1.102      ;
; 0.823 ; memory_controller:mem|sram_interface32bit:sram32|state.UNALIGNED_READ3       ; memory_controller:mem|sram_interface32bit:sram32|data_out[4]                 ; CLOCK_50     ; CLOCK_50    ; 0.000        ; 0.000      ; 1.109      ;
; 0.873 ; rst_n_init:rst_n_init|counter[1]                                             ; rst_n_init:rst_n_init|counter[0]                                             ; CLOCK_50     ; CLOCK_50    ; 0.000        ; 0.000      ; 1.159      ;
; 0.877 ; memory_controller:mem|flash_interface32bit:flash32|state.READ3               ; memory_controller:mem|flash_interface32bit:flash32|data[8]                   ; CLOCK_50     ; CLOCK_50    ; 0.000        ; 0.000      ; 1.163      ;
; 0.882 ; memory_controller:mem|flash_interface32bit:flash32|state.READ3               ; memory_controller:mem|flash_interface32bit:flash32|state.READ4               ; CLOCK_50     ; CLOCK_50    ; 0.000        ; 0.000      ; 1.168      ;
; 0.937 ; button_debounce:sram_command_trigger|precise_count_down[11]                  ; button_debounce:sram_command_trigger|precise_count_down[11]                  ; CLOCK_50     ; CLOCK_50    ; 0.000        ; 0.000      ; 1.223      ;
; 0.951 ; button_debounce:sram_command_trigger|precise_count_down[9]                   ; button_debounce:sram_command_trigger|precise_count_down[9]                   ; CLOCK_50     ; CLOCK_50    ; 0.000        ; 0.000      ; 1.237      ;
; 0.954 ; button_debounce:sram_command_trigger|precise_count_down[13]                  ; button_debounce:sram_command_trigger|precise_count_down[13]                  ; CLOCK_50     ; CLOCK_50    ; 0.000        ; 0.000      ; 1.240      ;
; 0.954 ; button_debounce:sram_command_trigger|precise_count_down[15]                  ; button_debounce:sram_command_trigger|precise_count_down[15]                  ; CLOCK_50     ; CLOCK_50    ; 0.000        ; 0.000      ; 1.240      ;
; 0.960 ; button_debounce:sram_command_trigger|counter[2]                              ; button_debounce:sram_command_trigger|counter[2]                              ; CLOCK_50     ; CLOCK_50    ; 0.000        ; 0.000      ; 1.246      ;
; 0.960 ; button_debounce:sram_command_trigger|counter[11]                             ; button_debounce:sram_command_trigger|counter[11]                             ; CLOCK_50     ; CLOCK_50    ; 0.000        ; 0.000      ; 1.246      ;
; 0.960 ; button_debounce:num_display_control|counter[2]                               ; button_debounce:num_display_control|counter[2]                               ; CLOCK_50     ; CLOCK_50    ; 0.000        ; 0.000      ; 1.246      ;
; 0.960 ; button_debounce:num_display_control|counter[11]                              ; button_debounce:num_display_control|counter[11]                              ; CLOCK_50     ; CLOCK_50    ; 0.000        ; 0.000      ; 1.246      ;
; 0.964 ; button_debounce:sram_command_trigger|counter[4]                              ; button_debounce:sram_command_trigger|counter[4]                              ; CLOCK_50     ; CLOCK_50    ; 0.000        ; 0.000      ; 1.250      ;
; 0.964 ; button_debounce:sram_command_trigger|counter[6]                              ; button_debounce:sram_command_trigger|counter[6]                              ; CLOCK_50     ; CLOCK_50    ; 0.000        ; 0.000      ; 1.250      ;
; 0.964 ; button_debounce:num_display_control|counter[4]                               ; button_debounce:num_display_control|counter[4]                               ; CLOCK_50     ; CLOCK_50    ; 0.000        ; 0.000      ; 1.250      ;
; 0.964 ; button_debounce:num_display_control|counter[6]                               ; button_debounce:num_display_control|counter[6]                               ; CLOCK_50     ; CLOCK_50    ; 0.000        ; 0.000      ; 1.250      ;
; 0.967 ; button_debounce:sram_command_trigger|counter[12]                             ; button_debounce:sram_command_trigger|counter[12]                             ; CLOCK_50     ; CLOCK_50    ; 0.000        ; 0.000      ; 1.253      ;
; 0.967 ; button_debounce:num_display_control|counter[12]                              ; button_debounce:num_display_control|counter[12]                              ; CLOCK_50     ; CLOCK_50    ; 0.000        ; 0.000      ; 1.253      ;
; 0.968 ; button_debounce:sram_command_trigger|counter[13]                             ; button_debounce:sram_command_trigger|counter[13]                             ; CLOCK_50     ; CLOCK_50    ; 0.000        ; 0.000      ; 1.254      ;
; 0.968 ; button_debounce:sram_command_trigger|counter[20]                             ; button_debounce:sram_command_trigger|counter[20]                             ; CLOCK_50     ; CLOCK_50    ; 0.000        ; 0.000      ; 1.254      ;
; 0.968 ; button_debounce:num_display_control|counter[13]                              ; button_debounce:num_display_control|counter[13]                              ; CLOCK_50     ; CLOCK_50    ; 0.000        ; 0.000      ; 1.254      ;
; 0.968 ; button_debounce:num_display_control|counter[20]                              ; button_debounce:num_display_control|counter[20]                              ; CLOCK_50     ; CLOCK_50    ; 0.000        ; 0.000      ; 1.254      ;
; 0.969 ; button_debounce:sram_command_trigger|counter[8]                              ; button_debounce:sram_command_trigger|counter[8]                              ; CLOCK_50     ; CLOCK_50    ; 0.000        ; 0.000      ; 1.255      ;
; 0.969 ; button_debounce:sram_command_trigger|counter[9]                              ; button_debounce:sram_command_trigger|counter[9]                              ; CLOCK_50     ; CLOCK_50    ; 0.000        ; 0.000      ; 1.255      ;
; 0.969 ; button_debounce:sram_command_trigger|counter[10]                             ; button_debounce:sram_command_trigger|counter[10]                             ; CLOCK_50     ; CLOCK_50    ; 0.000        ; 0.000      ; 1.255      ;
; 0.969 ; button_debounce:sram_command_trigger|counter[15]                             ; button_debounce:sram_command_trigger|counter[15]                             ; CLOCK_50     ; CLOCK_50    ; 0.000        ; 0.000      ; 1.255      ;
; 0.969 ; button_debounce:sram_command_trigger|counter[18]                             ; button_debounce:sram_command_trigger|counter[18]                             ; CLOCK_50     ; CLOCK_50    ; 0.000        ; 0.000      ; 1.255      ;
; 0.969 ; button_debounce:num_display_control|counter[8]                               ; button_debounce:num_display_control|counter[8]                               ; CLOCK_50     ; CLOCK_50    ; 0.000        ; 0.000      ; 1.255      ;
+-------+------------------------------------------------------------------------------+------------------------------------------------------------------------------+--------------+-------------+--------------+------------+------------+


+----------------------------------------------------------------------------------------------------------------------------------------------------------------------------------------+
; Slow Model Recovery: 'CLOCK_50'                                                                                                                                                        ;
+--------+-----------------------------+---------------------------------------------------------------------------+--------------+-------------+--------------+------------+------------+
; Slack  ; From Node                   ; To Node                                                                   ; Launch Clock ; Latch Clock ; Relationship ; Clock Skew ; Data Delay ;
+--------+-----------------------------+---------------------------------------------------------------------------+--------------+-------------+--------------+------------+------------+
; 15.101 ; rst_n_init:rst_n_init|rst_n ; reg_bank:reg_bank|registers[12][3]                                        ; CLOCK_50     ; CLOCK_50    ; 20.000       ; -0.392     ; 4.545      ;
; 15.101 ; rst_n_init:rst_n_init|rst_n ; reg_bank:reg_bank|registers[13][3]                                        ; CLOCK_50     ; CLOCK_50    ; 20.000       ; -0.392     ; 4.545      ;
; 15.101 ; rst_n_init:rst_n_init|rst_n ; reg_bank:reg_bank|registers[12][4]                                        ; CLOCK_50     ; CLOCK_50    ; 20.000       ; -0.392     ; 4.545      ;
; 15.101 ; rst_n_init:rst_n_init|rst_n ; reg_bank:reg_bank|registers[13][4]                                        ; CLOCK_50     ; CLOCK_50    ; 20.000       ; -0.392     ; 4.545      ;
; 15.101 ; rst_n_init:rst_n_init|rst_n ; reg_bank:reg_bank|registers[13][21]                                       ; CLOCK_50     ; CLOCK_50    ; 20.000       ; -0.392     ; 4.545      ;
; 15.101 ; rst_n_init:rst_n_init|rst_n ; reg_bank:reg_bank|registers[12][21]                                       ; CLOCK_50     ; CLOCK_50    ; 20.000       ; -0.392     ; 4.545      ;
; 15.101 ; rst_n_init:rst_n_init|rst_n ; reg_bank:reg_bank|registers[13][12]                                       ; CLOCK_50     ; CLOCK_50    ; 20.000       ; -0.392     ; 4.545      ;
; 15.101 ; rst_n_init:rst_n_init|rst_n ; reg_bank:reg_bank|registers[13][15]                                       ; CLOCK_50     ; CLOCK_50    ; 20.000       ; -0.392     ; 4.545      ;
; 15.101 ; rst_n_init:rst_n_init|rst_n ; reg_bank:reg_bank|registers[12][15]                                       ; CLOCK_50     ; CLOCK_50    ; 20.000       ; -0.392     ; 4.545      ;
; 15.101 ; rst_n_init:rst_n_init|rst_n ; reg_bank:reg_bank|registers[12][16]                                       ; CLOCK_50     ; CLOCK_50    ; 20.000       ; -0.392     ; 4.545      ;
; 15.101 ; rst_n_init:rst_n_init|rst_n ; reg_bank:reg_bank|registers[13][16]                                       ; CLOCK_50     ; CLOCK_50    ; 20.000       ; -0.392     ; 4.545      ;
; 15.101 ; rst_n_init:rst_n_init|rst_n ; reg_bank:reg_bank|registers[12][10]                                       ; CLOCK_50     ; CLOCK_50    ; 20.000       ; -0.392     ; 4.545      ;
; 15.101 ; rst_n_init:rst_n_init|rst_n ; reg_bank:reg_bank|registers[13][17]                                       ; CLOCK_50     ; CLOCK_50    ; 20.000       ; -0.392     ; 4.545      ;
; 15.101 ; rst_n_init:rst_n_init|rst_n ; reg_bank:reg_bank|registers[12][17]                                       ; CLOCK_50     ; CLOCK_50    ; 20.000       ; -0.392     ; 4.545      ;
; 15.101 ; rst_n_init:rst_n_init|rst_n ; reg_bank:reg_bank|registers[12][0]                                        ; CLOCK_50     ; CLOCK_50    ; 20.000       ; -0.392     ; 4.545      ;
; 15.101 ; rst_n_init:rst_n_init|rst_n ; reg_bank:reg_bank|registers[13][0]                                        ; CLOCK_50     ; CLOCK_50    ; 20.000       ; -0.392     ; 4.545      ;
; 15.135 ; rst_n_init:rst_n_init|rst_n ; reg_bank:reg_bank|registers[7][6]                                         ; CLOCK_50     ; CLOCK_50    ; 20.000       ; -0.386     ; 4.517      ;
; 15.135 ; rst_n_init:rst_n_init|rst_n ; reg_bank:reg_bank|registers[6][6]                                         ; CLOCK_50     ; CLOCK_50    ; 20.000       ; -0.386     ; 4.517      ;
; 15.140 ; rst_n_init:rst_n_init|rst_n ; reg_bank:reg_bank|registers[26][20]                                       ; CLOCK_50     ; CLOCK_50    ; 20.000       ; -0.405     ; 4.493      ;
; 15.140 ; rst_n_init:rst_n_init|rst_n ; reg_bank:reg_bank|registers[18][20]                                       ; CLOCK_50     ; CLOCK_50    ; 20.000       ; -0.405     ; 4.493      ;
; 15.140 ; rst_n_init:rst_n_init|rst_n ; reg_bank:reg_bank|registers[18][7]                                        ; CLOCK_50     ; CLOCK_50    ; 20.000       ; -0.405     ; 4.493      ;
; 15.140 ; rst_n_init:rst_n_init|rst_n ; reg_bank:reg_bank|registers[26][7]                                        ; CLOCK_50     ; CLOCK_50    ; 20.000       ; -0.405     ; 4.493      ;
; 15.140 ; rst_n_init:rst_n_init|rst_n ; reg_bank:reg_bank|registers[26][8]                                        ; CLOCK_50     ; CLOCK_50    ; 20.000       ; -0.405     ; 4.493      ;
; 15.140 ; rst_n_init:rst_n_init|rst_n ; reg_bank:reg_bank|registers[18][8]                                        ; CLOCK_50     ; CLOCK_50    ; 20.000       ; -0.405     ; 4.493      ;
; 15.140 ; rst_n_init:rst_n_init|rst_n ; reg_bank:reg_bank|registers[26][14]                                       ; CLOCK_50     ; CLOCK_50    ; 20.000       ; -0.405     ; 4.493      ;
; 15.140 ; rst_n_init:rst_n_init|rst_n ; reg_bank:reg_bank|registers[18][14]                                       ; CLOCK_50     ; CLOCK_50    ; 20.000       ; -0.405     ; 4.493      ;
; 15.140 ; rst_n_init:rst_n_init|rst_n ; reg_bank:reg_bank|registers[26][6]                                        ; CLOCK_50     ; CLOCK_50    ; 20.000       ; -0.405     ; 4.493      ;
; 15.140 ; rst_n_init:rst_n_init|rst_n ; reg_bank:reg_bank|registers[18][6]                                        ; CLOCK_50     ; CLOCK_50    ; 20.000       ; -0.405     ; 4.493      ;
; 15.142 ; rst_n_init:rst_n_init|rst_n ; reg_bank:reg_bank|registers[29][24]                                       ; CLOCK_50     ; CLOCK_50    ; 20.000       ; -0.402     ; 4.494      ;
; 15.142 ; rst_n_init:rst_n_init|rst_n ; reg_bank:reg_bank|registers[30][27]                                       ; CLOCK_50     ; CLOCK_50    ; 20.000       ; -0.402     ; 4.494      ;
; 15.150 ; rst_n_init:rst_n_init|rst_n ; reg_bank:reg_bank|registers[10][12]                                       ; CLOCK_50     ; CLOCK_50    ; 20.000       ; -0.391     ; 4.497      ;
; 15.150 ; rst_n_init:rst_n_init|rst_n ; reg_bank:reg_bank|registers[12][12]                                       ; CLOCK_50     ; CLOCK_50    ; 20.000       ; -0.391     ; 4.497      ;
; 15.150 ; rst_n_init:rst_n_init|rst_n ; reg_bank:reg_bank|registers[12][9]                                        ; CLOCK_50     ; CLOCK_50    ; 20.000       ; -0.391     ; 4.497      ;
; 15.151 ; rst_n_init:rst_n_init|rst_n ; reg_bank:reg_bank|registers[31][7]                                        ; CLOCK_50     ; CLOCK_50    ; 20.000       ; -0.394     ; 4.493      ;
; 15.151 ; rst_n_init:rst_n_init|rst_n ; reg_bank:reg_bank|registers[31][15]                                       ; CLOCK_50     ; CLOCK_50    ; 20.000       ; -0.394     ; 4.493      ;
; 15.151 ; rst_n_init:rst_n_init|rst_n ; reg_bank:reg_bank|registers[29][15]                                       ; CLOCK_50     ; CLOCK_50    ; 20.000       ; -0.394     ; 4.493      ;
; 15.152 ; rst_n_init:rst_n_init|rst_n ; reg_bank:reg_bank|registers[4][1]                                         ; CLOCK_50     ; CLOCK_50    ; 20.000       ; -0.384     ; 4.502      ;
; 15.152 ; rst_n_init:rst_n_init|rst_n ; reg_bank:reg_bank|registers[9][19]                                        ; CLOCK_50     ; CLOCK_50    ; 20.000       ; -0.374     ; 4.512      ;
; 15.152 ; rst_n_init:rst_n_init|rst_n ; reg_bank:reg_bank|registers[11][19]                                       ; CLOCK_50     ; CLOCK_50    ; 20.000       ; -0.374     ; 4.512      ;
; 15.152 ; rst_n_init:rst_n_init|rst_n ; reg_bank:reg_bank|registers[22][26]                                       ; CLOCK_50     ; CLOCK_50    ; 20.000       ; -0.384     ; 4.502      ;
; 15.152 ; rst_n_init:rst_n_init|rst_n ; reg_bank:reg_bank|registers[22][29]                                       ; CLOCK_50     ; CLOCK_50    ; 20.000       ; -0.384     ; 4.502      ;
; 15.152 ; rst_n_init:rst_n_init|rst_n ; reg_bank:reg_bank|registers[4][31]                                        ; CLOCK_50     ; CLOCK_50    ; 20.000       ; -0.384     ; 4.502      ;
; 15.153 ; rst_n_init:rst_n_init|rst_n ; reg_bank:reg_bank|registers[22][25]                                       ; CLOCK_50     ; CLOCK_50    ; 20.000       ; -0.383     ; 4.502      ;
; 15.153 ; rst_n_init:rst_n_init|rst_n ; reg_bank:reg_bank|registers[30][25]                                       ; CLOCK_50     ; CLOCK_50    ; 20.000       ; -0.383     ; 4.502      ;
; 15.153 ; rst_n_init:rst_n_init|rst_n ; reg_bank:reg_bank|registers[31][23]                                       ; CLOCK_50     ; CLOCK_50    ; 20.000       ; -0.377     ; 4.508      ;
; 15.153 ; rst_n_init:rst_n_init|rst_n ; reg_bank:reg_bank|registers[31][20]                                       ; CLOCK_50     ; CLOCK_50    ; 20.000       ; -0.377     ; 4.508      ;
; 15.153 ; rst_n_init:rst_n_init|rst_n ; reg_bank:reg_bank|registers[27][20]                                       ; CLOCK_50     ; CLOCK_50    ; 20.000       ; -0.377     ; 4.508      ;
; 15.153 ; rst_n_init:rst_n_init|rst_n ; reg_bank:reg_bank|registers[22][9]                                        ; CLOCK_50     ; CLOCK_50    ; 20.000       ; -0.383     ; 4.502      ;
; 15.153 ; rst_n_init:rst_n_init|rst_n ; reg_bank:reg_bank|registers[30][9]                                        ; CLOCK_50     ; CLOCK_50    ; 20.000       ; -0.383     ; 4.502      ;
; 15.153 ; rst_n_init:rst_n_init|rst_n ; reg_bank:reg_bank|registers[30][14]                                       ; CLOCK_50     ; CLOCK_50    ; 20.000       ; -0.383     ; 4.502      ;
; 15.153 ; rst_n_init:rst_n_init|rst_n ; reg_bank:reg_bank|registers[22][14]                                       ; CLOCK_50     ; CLOCK_50    ; 20.000       ; -0.383     ; 4.502      ;
; 15.153 ; rst_n_init:rst_n_init|rst_n ; reg_bank:reg_bank|registers[30][15]                                       ; CLOCK_50     ; CLOCK_50    ; 20.000       ; -0.383     ; 4.502      ;
; 15.153 ; rst_n_init:rst_n_init|rst_n ; reg_bank:reg_bank|registers[22][15]                                       ; CLOCK_50     ; CLOCK_50    ; 20.000       ; -0.383     ; 4.502      ;
; 15.153 ; rst_n_init:rst_n_init|rst_n ; reg_bank:reg_bank|registers[16][15]                                       ; CLOCK_50     ; CLOCK_50    ; 20.000       ; -0.383     ; 4.502      ;
; 15.153 ; rst_n_init:rst_n_init|rst_n ; reg_bank:reg_bank|registers[16][6]                                        ; CLOCK_50     ; CLOCK_50    ; 20.000       ; -0.383     ; 4.502      ;
; 15.153 ; rst_n_init:rst_n_init|rst_n ; reg_bank:reg_bank|registers[24][0]                                        ; CLOCK_50     ; CLOCK_50    ; 20.000       ; -0.383     ; 4.502      ;
; 15.153 ; rst_n_init:rst_n_init|rst_n ; reg_bank:reg_bank|registers[16][0]                                        ; CLOCK_50     ; CLOCK_50    ; 20.000       ; -0.383     ; 4.502      ;
; 15.153 ; rst_n_init:rst_n_init|rst_n ; reg_bank:reg_bank|registers[22][0]                                        ; CLOCK_50     ; CLOCK_50    ; 20.000       ; -0.383     ; 4.502      ;
; 15.153 ; rst_n_init:rst_n_init|rst_n ; reg_bank:reg_bank|registers[30][0]                                        ; CLOCK_50     ; CLOCK_50    ; 20.000       ; -0.383     ; 4.502      ;
; 15.157 ; rst_n_init:rst_n_init|rst_n ; reg_bank:reg_bank|registers[1][12]                                        ; CLOCK_50     ; CLOCK_50    ; 20.000       ; -0.399     ; 4.482      ;
; 15.157 ; rst_n_init:rst_n_init|rst_n ; reg_bank:reg_bank|registers[25][15]                                       ; CLOCK_50     ; CLOCK_50    ; 20.000       ; -0.399     ; 4.482      ;
; 15.157 ; rst_n_init:rst_n_init|rst_n ; reg_bank:reg_bank|registers[1][15]                                        ; CLOCK_50     ; CLOCK_50    ; 20.000       ; -0.399     ; 4.482      ;
; 15.159 ; rst_n_init:rst_n_init|rst_n ; reg_bank:reg_bank|registers[17][15]                                       ; CLOCK_50     ; CLOCK_50    ; 20.000       ; -0.396     ; 4.483      ;
; 15.159 ; rst_n_init:rst_n_init|rst_n ; reg_bank:reg_bank|registers[21][15]                                       ; CLOCK_50     ; CLOCK_50    ; 20.000       ; -0.396     ; 4.483      ;
; 15.160 ; rst_n_init:rst_n_init|rst_n ; reg_bank:reg_bank|registers[15][13]                                       ; CLOCK_50     ; CLOCK_50    ; 20.000       ; -0.394     ; 4.484      ;
; 15.160 ; rst_n_init:rst_n_init|rst_n ; reg_bank:reg_bank|registers[4][9]                                         ; CLOCK_50     ; CLOCK_50    ; 20.000       ; -0.394     ; 4.484      ;
; 15.160 ; rst_n_init:rst_n_init|rst_n ; reg_bank:reg_bank|registers[15][8]                                        ; CLOCK_50     ; CLOCK_50    ; 20.000       ; -0.394     ; 4.484      ;
; 15.160 ; rst_n_init:rst_n_init|rst_n ; reg_bank:reg_bank|registers[15][10]                                       ; CLOCK_50     ; CLOCK_50    ; 20.000       ; -0.394     ; 4.484      ;
; 15.512 ; rst_n_init:rst_n_init|rst_n ; reg_bank:reg_bank|registers[15][3]                                        ; CLOCK_50     ; CLOCK_50    ; 20.000       ; -0.385     ; 4.141      ;
; 15.512 ; rst_n_init:rst_n_init|rst_n ; reg_bank:reg_bank|registers[15][4]                                        ; CLOCK_50     ; CLOCK_50    ; 20.000       ; -0.385     ; 4.141      ;
; 15.512 ; rst_n_init:rst_n_init|rst_n ; reg_bank:reg_bank|registers[24][7]                                        ; CLOCK_50     ; CLOCK_50    ; 20.000       ; -0.385     ; 4.141      ;
; 15.512 ; rst_n_init:rst_n_init|rst_n ; reg_bank:reg_bank|registers[24][15]                                       ; CLOCK_50     ; CLOCK_50    ; 20.000       ; -0.385     ; 4.141      ;
; 15.512 ; rst_n_init:rst_n_init|rst_n ; reg_bank:reg_bank|registers[15][2]                                        ; CLOCK_50     ; CLOCK_50    ; 20.000       ; -0.385     ; 4.141      ;
; 15.514 ; rst_n_init:rst_n_init|rst_n ; memory_controller:mem|sram_interface32bit:sram32|state.IDLE               ; CLOCK_50     ; CLOCK_50    ; 20.000       ; -0.403     ; 4.121      ;
; 15.514 ; rst_n_init:rst_n_init|rst_n ; memory_controller:mem|sram_interface32bit:sram32|state.UNALIGNED_READ2    ; CLOCK_50     ; CLOCK_50    ; 20.000       ; -0.404     ; 4.120      ;
; 15.514 ; rst_n_init:rst_n_init|rst_n ; memory_controller:mem|sram_interface32bit:sram32|state.READ2              ; CLOCK_50     ; CLOCK_50    ; 20.000       ; -0.404     ; 4.120      ;
; 15.514 ; rst_n_init:rst_n_init|rst_n ; memory_controller:mem|sram_interface32bit:sram32|state.WRITE1             ; CLOCK_50     ; CLOCK_50    ; 20.000       ; -0.403     ; 4.121      ;
; 15.514 ; rst_n_init:rst_n_init|rst_n ; memory_controller:mem|sram_interface32bit:sram32|state.UNALIGNED_WRITE1   ; CLOCK_50     ; CLOCK_50    ; 20.000       ; -0.403     ; 4.121      ;
; 15.514 ; rst_n_init:rst_n_init|rst_n ; memory_controller:mem|sram_interface32bit:sram32|state.UNALIGNED_WRITE2   ; CLOCK_50     ; CLOCK_50    ; 20.000       ; -0.404     ; 4.120      ;
; 15.514 ; rst_n_init:rst_n_init|rst_n ; memory_controller:mem|sram_interface32bit:sram32|state.READ_BYTE_LOWER    ; CLOCK_50     ; CLOCK_50    ; 20.000       ; -0.404     ; 4.120      ;
; 15.514 ; rst_n_init:rst_n_init|rst_n ; memory_controller:mem|sram_interface32bit:sram32|state.READ_BYTE_UPPER    ; CLOCK_50     ; CLOCK_50    ; 20.000       ; -0.403     ; 4.121      ;
; 15.514 ; rst_n_init:rst_n_init|rst_n ; memory_controller:mem|sram_interface32bit:sram32|state.UNALIGNED_READ3    ; CLOCK_50     ; CLOCK_50    ; 20.000       ; -0.411     ; 4.113      ;
; 15.514 ; rst_n_init:rst_n_init|rst_n ; memory_controller:mem|sram_interface32bit:sram32|data_out[7]              ; CLOCK_50     ; CLOCK_50    ; 20.000       ; -0.411     ; 4.113      ;
; 15.514 ; rst_n_init:rst_n_init|rst_n ; memory_controller:mem|sram_interface32bit:sram32|data_out[0]              ; CLOCK_50     ; CLOCK_50    ; 20.000       ; -0.411     ; 4.113      ;
; 15.514 ; rst_n_init:rst_n_init|rst_n ; memory_controller:mem|sram_interface32bit:sram32|data_out[31]             ; CLOCK_50     ; CLOCK_50    ; 20.000       ; -0.410     ; 4.114      ;
; 15.514 ; rst_n_init:rst_n_init|rst_n ; memory_controller:mem|sram_interface32bit:sram32|data_out[2]              ; CLOCK_50     ; CLOCK_50    ; 20.000       ; -0.411     ; 4.113      ;
; 15.514 ; rst_n_init:rst_n_init|rst_n ; memory_controller:mem|sram_interface32bit:sram32|data_out[1]              ; CLOCK_50     ; CLOCK_50    ; 20.000       ; -0.411     ; 4.113      ;
; 15.514 ; rst_n_init:rst_n_init|rst_n ; instruction_fetch_and_pc:instruction_fetch_and_pc|saved_instruction32[15] ; CLOCK_50     ; CLOCK_50    ; 20.000       ; -0.394     ; 4.130      ;
; 15.514 ; rst_n_init:rst_n_init|rst_n ; reg_bank:reg_bank|registers[19][25]                                       ; CLOCK_50     ; CLOCK_50    ; 20.000       ; -0.408     ; 4.116      ;
; 15.514 ; rst_n_init:rst_n_init|rst_n ; reg_bank:reg_bank|registers[27][25]                                       ; CLOCK_50     ; CLOCK_50    ; 20.000       ; -0.408     ; 4.116      ;
; 15.514 ; rst_n_init:rst_n_init|rst_n ; reg_bank:reg_bank|registers[31][25]                                       ; CLOCK_50     ; CLOCK_50    ; 20.000       ; -0.408     ; 4.116      ;
; 15.514 ; rst_n_init:rst_n_init|rst_n ; reg_bank:reg_bank|registers[23][25]                                       ; CLOCK_50     ; CLOCK_50    ; 20.000       ; -0.408     ; 4.116      ;
; 15.514 ; rst_n_init:rst_n_init|rst_n ; reg_bank:reg_bank|registers[15][1]                                        ; CLOCK_50     ; CLOCK_50    ; 20.000       ; -0.400     ; 4.124      ;
; 15.514 ; rst_n_init:rst_n_init|rst_n ; reg_bank:reg_bank|registers[10][23]                                       ; CLOCK_50     ; CLOCK_50    ; 20.000       ; -0.399     ; 4.125      ;
; 15.514 ; rst_n_init:rst_n_init|rst_n ; reg_bank:reg_bank|registers[8][23]                                        ; CLOCK_50     ; CLOCK_50    ; 20.000       ; -0.399     ; 4.125      ;
; 15.514 ; rst_n_init:rst_n_init|rst_n ; reg_bank:reg_bank|registers[11][23]                                       ; CLOCK_50     ; CLOCK_50    ; 20.000       ; -0.400     ; 4.124      ;
; 15.514 ; rst_n_init:rst_n_init|rst_n ; reg_bank:reg_bank|registers[9][23]                                        ; CLOCK_50     ; CLOCK_50    ; 20.000       ; -0.400     ; 4.124      ;
; 15.514 ; rst_n_init:rst_n_init|rst_n ; reg_bank:reg_bank|registers[1][23]                                        ; CLOCK_50     ; CLOCK_50    ; 20.000       ; -0.401     ; 4.123      ;
; 15.514 ; rst_n_init:rst_n_init|rst_n ; reg_bank:reg_bank|registers[2][23]                                        ; CLOCK_50     ; CLOCK_50    ; 20.000       ; -0.401     ; 4.123      ;
; 15.514 ; rst_n_init:rst_n_init|rst_n ; reg_bank:reg_bank|registers[2][3]                                         ; CLOCK_50     ; CLOCK_50    ; 20.000       ; -0.401     ; 4.123      ;
+--------+-----------------------------+---------------------------------------------------------------------------+--------------+-------------+--------------+------------+------------+


+---------------------------------------------------------------------------------------------------------------------------------------------------------------------------------------+
; Slow Model Removal: 'CLOCK_50'                                                                                                                                                        ;
+-------+-----------------------------+---------------------------------------------------------------------------+--------------+-------------+--------------+------------+------------+
; Slack ; From Node                   ; To Node                                                                   ; Launch Clock ; Latch Clock ; Relationship ; Clock Skew ; Data Delay ;
+-------+-----------------------------+---------------------------------------------------------------------------+--------------+-------------+--------------+------------+------------+
; 3.851 ; rst_n_init:rst_n_init|rst_n ; processor_state_manager:processor_state_manager|processor_state[2]        ; CLOCK_50     ; CLOCK_50    ; 0.000        ; 0.000      ; 4.137      ;
; 4.219 ; rst_n_init:rst_n_init|rst_n ; reg_bank:reg_bank|registers[2][25]                                        ; CLOCK_50     ; CLOCK_50    ; 0.000        ; -0.394     ; 4.111      ;
; 4.219 ; rst_n_init:rst_n_init|rst_n ; reg_bank:reg_bank|registers[9][25]                                        ; CLOCK_50     ; CLOCK_50    ; 0.000        ; -0.391     ; 4.114      ;
; 4.219 ; rst_n_init:rst_n_init|rst_n ; reg_bank:reg_bank|registers[7][25]                                        ; CLOCK_50     ; CLOCK_50    ; 0.000        ; -0.395     ; 4.110      ;
; 4.219 ; rst_n_init:rst_n_init|rst_n ; reg_bank:reg_bank|registers[6][25]                                        ; CLOCK_50     ; CLOCK_50    ; 0.000        ; -0.395     ; 4.110      ;
; 4.219 ; rst_n_init:rst_n_init|rst_n ; reg_bank:reg_bank|registers[13][25]                                       ; CLOCK_50     ; CLOCK_50    ; 0.000        ; -0.391     ; 4.114      ;
; 4.219 ; rst_n_init:rst_n_init|rst_n ; reg_bank:reg_bank|registers[12][25]                                       ; CLOCK_50     ; CLOCK_50    ; 0.000        ; -0.391     ; 4.114      ;
; 4.219 ; rst_n_init:rst_n_init|rst_n ; reg_bank:reg_bank|registers[13][23]                                       ; CLOCK_50     ; CLOCK_50    ; 0.000        ; -0.391     ; 4.114      ;
; 4.219 ; rst_n_init:rst_n_init|rst_n ; reg_bank:reg_bank|registers[3][26]                                        ; CLOCK_50     ; CLOCK_50    ; 0.000        ; -0.394     ; 4.111      ;
; 4.219 ; rst_n_init:rst_n_init|rst_n ; reg_bank:reg_bank|registers[2][26]                                        ; CLOCK_50     ; CLOCK_50    ; 0.000        ; -0.394     ; 4.111      ;
; 4.219 ; rst_n_init:rst_n_init|rst_n ; reg_bank:reg_bank|registers[7][26]                                        ; CLOCK_50     ; CLOCK_50    ; 0.000        ; -0.395     ; 4.110      ;
; 4.219 ; rst_n_init:rst_n_init|rst_n ; reg_bank:reg_bank|registers[6][26]                                        ; CLOCK_50     ; CLOCK_50    ; 0.000        ; -0.395     ; 4.110      ;
; 4.219 ; rst_n_init:rst_n_init|rst_n ; instruction_fetch_and_pc:instruction_fetch_and_pc|pc[26]                  ; CLOCK_50     ; CLOCK_50    ; 0.000        ; -0.385     ; 4.120      ;
; 4.219 ; rst_n_init:rst_n_init|rst_n ; instruction_fetch_and_pc:instruction_fetch_and_pc|pc[27]                  ; CLOCK_50     ; CLOCK_50    ; 0.000        ; -0.385     ; 4.120      ;
; 4.219 ; rst_n_init:rst_n_init|rst_n ; reg_bank:reg_bank|registers[12][28]                                       ; CLOCK_50     ; CLOCK_50    ; 0.000        ; -0.391     ; 4.114      ;
; 4.219 ; rst_n_init:rst_n_init|rst_n ; reg_bank:reg_bank|registers[13][28]                                       ; CLOCK_50     ; CLOCK_50    ; 0.000        ; -0.391     ; 4.114      ;
; 4.219 ; rst_n_init:rst_n_init|rst_n ; reg_bank:reg_bank|registers[3][12]                                        ; CLOCK_50     ; CLOCK_50    ; 0.000        ; -0.394     ; 4.111      ;
; 4.219 ; rst_n_init:rst_n_init|rst_n ; reg_bank:reg_bank|registers[2][12]                                        ; CLOCK_50     ; CLOCK_50    ; 0.000        ; -0.394     ; 4.111      ;
; 4.219 ; rst_n_init:rst_n_init|rst_n ; reg_bank:reg_bank|registers[12][22]                                       ; CLOCK_50     ; CLOCK_50    ; 0.000        ; -0.391     ; 4.114      ;
; 4.219 ; rst_n_init:rst_n_init|rst_n ; reg_bank:reg_bank|registers[13][22]                                       ; CLOCK_50     ; CLOCK_50    ; 0.000        ; -0.391     ; 4.114      ;
; 4.219 ; rst_n_init:rst_n_init|rst_n ; reg_bank:reg_bank|registers[16][7]                                        ; CLOCK_50     ; CLOCK_50    ; 0.000        ; -0.399     ; 4.106      ;
; 4.219 ; rst_n_init:rst_n_init|rst_n ; reg_bank:reg_bank|registers[28][7]                                        ; CLOCK_50     ; CLOCK_50    ; 0.000        ; -0.399     ; 4.106      ;
; 4.219 ; rst_n_init:rst_n_init|rst_n ; reg_bank:reg_bank|registers[6][7]                                         ; CLOCK_50     ; CLOCK_50    ; 0.000        ; -0.395     ; 4.110      ;
; 4.219 ; rst_n_init:rst_n_init|rst_n ; reg_bank:reg_bank|registers[7][7]                                         ; CLOCK_50     ; CLOCK_50    ; 0.000        ; -0.395     ; 4.110      ;
; 4.219 ; rst_n_init:rst_n_init|rst_n ; reg_bank:reg_bank|registers[12][7]                                        ; CLOCK_50     ; CLOCK_50    ; 0.000        ; -0.391     ; 4.114      ;
; 4.219 ; rst_n_init:rst_n_init|rst_n ; reg_bank:reg_bank|registers[13][7]                                        ; CLOCK_50     ; CLOCK_50    ; 0.000        ; -0.391     ; 4.114      ;
; 4.219 ; rst_n_init:rst_n_init|rst_n ; reg_bank:reg_bank|registers[9][11]                                        ; CLOCK_50     ; CLOCK_50    ; 0.000        ; -0.391     ; 4.114      ;
; 4.219 ; rst_n_init:rst_n_init|rst_n ; reg_bank:reg_bank|registers[6][9]                                         ; CLOCK_50     ; CLOCK_50    ; 0.000        ; -0.395     ; 4.110      ;
; 4.219 ; rst_n_init:rst_n_init|rst_n ; reg_bank:reg_bank|registers[7][9]                                         ; CLOCK_50     ; CLOCK_50    ; 0.000        ; -0.395     ; 4.110      ;
; 4.219 ; rst_n_init:rst_n_init|rst_n ; reg_bank:reg_bank|registers[9][8]                                         ; CLOCK_50     ; CLOCK_50    ; 0.000        ; -0.391     ; 4.114      ;
; 4.219 ; rst_n_init:rst_n_init|rst_n ; reg_bank:reg_bank|registers[11][8]                                        ; CLOCK_50     ; CLOCK_50    ; 0.000        ; -0.391     ; 4.114      ;
; 4.219 ; rst_n_init:rst_n_init|rst_n ; reg_bank:reg_bank|registers[13][8]                                        ; CLOCK_50     ; CLOCK_50    ; 0.000        ; -0.391     ; 4.114      ;
; 4.219 ; rst_n_init:rst_n_init|rst_n ; reg_bank:reg_bank|registers[12][8]                                        ; CLOCK_50     ; CLOCK_50    ; 0.000        ; -0.391     ; 4.114      ;
; 4.219 ; rst_n_init:rst_n_init|rst_n ; reg_bank:reg_bank|registers[31][14]                                       ; CLOCK_50     ; CLOCK_50    ; 0.000        ; -0.394     ; 4.111      ;
; 4.219 ; rst_n_init:rst_n_init|rst_n ; instruction_fetch_and_pc:instruction_fetch_and_pc|pc[22]                  ; CLOCK_50     ; CLOCK_50    ; 0.000        ; -0.370     ; 4.135      ;
; 4.219 ; rst_n_init:rst_n_init|rst_n ; reg_bank:reg_bank|registers[7][15]                                        ; CLOCK_50     ; CLOCK_50    ; 0.000        ; -0.395     ; 4.110      ;
; 4.219 ; rst_n_init:rst_n_init|rst_n ; reg_bank:reg_bank|registers[6][15]                                        ; CLOCK_50     ; CLOCK_50    ; 0.000        ; -0.395     ; 4.110      ;
; 4.219 ; rst_n_init:rst_n_init|rst_n ; reg_bank:reg_bank|registers[23][16]                                       ; CLOCK_50     ; CLOCK_50    ; 0.000        ; -0.391     ; 4.114      ;
; 4.219 ; rst_n_init:rst_n_init|rst_n ; reg_bank:reg_bank|registers[31][16]                                       ; CLOCK_50     ; CLOCK_50    ; 0.000        ; -0.394     ; 4.111      ;
; 4.219 ; rst_n_init:rst_n_init|rst_n ; reg_bank:reg_bank|registers[15][16]                                       ; CLOCK_50     ; CLOCK_50    ; 0.000        ; -0.397     ; 4.108      ;
; 4.219 ; rst_n_init:rst_n_init|rst_n ; reg_bank:reg_bank|registers[14][16]                                       ; CLOCK_50     ; CLOCK_50    ; 0.000        ; -0.397     ; 4.108      ;
; 4.219 ; rst_n_init:rst_n_init|rst_n ; reg_bank:reg_bank|registers[7][16]                                        ; CLOCK_50     ; CLOCK_50    ; 0.000        ; -0.395     ; 4.110      ;
; 4.219 ; rst_n_init:rst_n_init|rst_n ; reg_bank:reg_bank|registers[6][16]                                        ; CLOCK_50     ; CLOCK_50    ; 0.000        ; -0.391     ; 4.114      ;
; 4.219 ; rst_n_init:rst_n_init|rst_n ; reg_bank:reg_bank|registers[6][24]                                        ; CLOCK_50     ; CLOCK_50    ; 0.000        ; -0.395     ; 4.110      ;
; 4.219 ; rst_n_init:rst_n_init|rst_n ; reg_bank:reg_bank|registers[7][24]                                        ; CLOCK_50     ; CLOCK_50    ; 0.000        ; -0.395     ; 4.110      ;
; 4.219 ; rst_n_init:rst_n_init|rst_n ; reg_bank:reg_bank|registers[13][24]                                       ; CLOCK_50     ; CLOCK_50    ; 0.000        ; -0.391     ; 4.114      ;
; 4.219 ; rst_n_init:rst_n_init|rst_n ; reg_bank:reg_bank|registers[12][24]                                       ; CLOCK_50     ; CLOCK_50    ; 0.000        ; -0.391     ; 4.114      ;
; 4.219 ; rst_n_init:rst_n_init|rst_n ; reg_bank:reg_bank|registers[9][24]                                        ; CLOCK_50     ; CLOCK_50    ; 0.000        ; -0.391     ; 4.114      ;
; 4.219 ; rst_n_init:rst_n_init|rst_n ; reg_bank:reg_bank|registers[11][24]                                       ; CLOCK_50     ; CLOCK_50    ; 0.000        ; -0.391     ; 4.114      ;
; 4.219 ; rst_n_init:rst_n_init|rst_n ; instruction_fetch_and_pc:instruction_fetch_and_pc|pc[16]                  ; CLOCK_50     ; CLOCK_50    ; 0.000        ; -0.370     ; 4.135      ;
; 4.219 ; rst_n_init:rst_n_init|rst_n ; reg_bank:reg_bank|registers[6][10]                                        ; CLOCK_50     ; CLOCK_50    ; 0.000        ; -0.395     ; 4.110      ;
; 4.219 ; rst_n_init:rst_n_init|rst_n ; reg_bank:reg_bank|registers[7][10]                                        ; CLOCK_50     ; CLOCK_50    ; 0.000        ; -0.395     ; 4.110      ;
; 4.219 ; rst_n_init:rst_n_init|rst_n ; reg_bank:reg_bank|registers[12][6]                                        ; CLOCK_50     ; CLOCK_50    ; 0.000        ; -0.391     ; 4.114      ;
; 4.219 ; rst_n_init:rst_n_init|rst_n ; reg_bank:reg_bank|registers[13][6]                                        ; CLOCK_50     ; CLOCK_50    ; 0.000        ; -0.391     ; 4.114      ;
; 4.219 ; rst_n_init:rst_n_init|rst_n ; reg_bank:reg_bank|registers[11][25]                                       ; CLOCK_50     ; CLOCK_50    ; 0.000        ; -0.391     ; 4.114      ;
; 4.219 ; rst_n_init:rst_n_init|rst_n ; reg_bank:reg_bank|registers[12][23]                                       ; CLOCK_50     ; CLOCK_50    ; 0.000        ; -0.391     ; 4.114      ;
; 4.219 ; rst_n_init:rst_n_init|rst_n ; reg_bank:reg_bank|registers[2][17]                                        ; CLOCK_50     ; CLOCK_50    ; 0.000        ; -0.394     ; 4.111      ;
; 4.220 ; rst_n_init:rst_n_init|rst_n ; instruction_fetch_and_pc:instruction_fetch_and_pc|saved_instruction32[24] ; CLOCK_50     ; CLOCK_50    ; 0.000        ; -0.403     ; 4.103      ;
; 4.220 ; rst_n_init:rst_n_init|rst_n ; reg_bank:reg_bank|registers[1][25]                                        ; CLOCK_50     ; CLOCK_50    ; 0.000        ; -0.379     ; 4.127      ;
; 4.220 ; rst_n_init:rst_n_init|rst_n ; reg_bank:reg_bank|registers[3][25]                                        ; CLOCK_50     ; CLOCK_50    ; 0.000        ; -0.379     ; 4.127      ;
; 4.220 ; rst_n_init:rst_n_init|rst_n ; reg_bank:reg_bank|registers[14][25]                                       ; CLOCK_50     ; CLOCK_50    ; 0.000        ; -0.394     ; 4.112      ;
; 4.220 ; rst_n_init:rst_n_init|rst_n ; reg_bank:reg_bank|registers[15][25]                                       ; CLOCK_50     ; CLOCK_50    ; 0.000        ; -0.394     ; 4.112      ;
; 4.220 ; rst_n_init:rst_n_init|rst_n ; reg_bank:reg_bank|registers[24][1]                                        ; CLOCK_50     ; CLOCK_50    ; 0.000        ; -0.379     ; 4.127      ;
; 4.220 ; rst_n_init:rst_n_init|rst_n ; reg_bank:reg_bank|registers[28][1]                                        ; CLOCK_50     ; CLOCK_50    ; 0.000        ; -0.379     ; 4.127      ;
; 4.220 ; rst_n_init:rst_n_init|rst_n ; reg_bank:reg_bank|registers[14][1]                                        ; CLOCK_50     ; CLOCK_50    ; 0.000        ; -0.394     ; 4.112      ;
; 4.220 ; rst_n_init:rst_n_init|rst_n ; reg_bank:reg_bank|registers[28][3]                                        ; CLOCK_50     ; CLOCK_50    ; 0.000        ; -0.376     ; 4.130      ;
; 4.220 ; rst_n_init:rst_n_init|rst_n ; reg_bank:reg_bank|registers[24][3]                                        ; CLOCK_50     ; CLOCK_50    ; 0.000        ; -0.376     ; 4.130      ;
; 4.220 ; rst_n_init:rst_n_init|rst_n ; reg_bank:reg_bank|registers[17][3]                                        ; CLOCK_50     ; CLOCK_50    ; 0.000        ; -0.382     ; 4.124      ;
; 4.220 ; rst_n_init:rst_n_init|rst_n ; reg_bank:reg_bank|registers[25][3]                                        ; CLOCK_50     ; CLOCK_50    ; 0.000        ; -0.382     ; 4.124      ;
; 4.220 ; rst_n_init:rst_n_init|rst_n ; reg_bank:reg_bank|registers[11][3]                                        ; CLOCK_50     ; CLOCK_50    ; 0.000        ; -0.381     ; 4.125      ;
; 4.220 ; rst_n_init:rst_n_init|rst_n ; reg_bank:reg_bank|registers[3][3]                                         ; CLOCK_50     ; CLOCK_50    ; 0.000        ; -0.381     ; 4.125      ;
; 4.220 ; rst_n_init:rst_n_init|rst_n ; reg_bank:reg_bank|registers[4][3]                                         ; CLOCK_50     ; CLOCK_50    ; 0.000        ; -0.376     ; 4.130      ;
; 4.220 ; rst_n_init:rst_n_init|rst_n ; reg_bank:reg_bank|registers[5][3]                                         ; CLOCK_50     ; CLOCK_50    ; 0.000        ; -0.376     ; 4.130      ;
; 4.220 ; rst_n_init:rst_n_init|rst_n ; reg_bank:reg_bank|registers[6][3]                                         ; CLOCK_50     ; CLOCK_50    ; 0.000        ; -0.376     ; 4.130      ;
; 4.220 ; rst_n_init:rst_n_init|rst_n ; reg_bank:reg_bank|registers[7][3]                                         ; CLOCK_50     ; CLOCK_50    ; 0.000        ; -0.376     ; 4.130      ;
; 4.220 ; rst_n_init:rst_n_init|rst_n ; memory_access:memory_access|read_res[4]                                   ; CLOCK_50     ; CLOCK_50    ; 0.000        ; -0.386     ; 4.120      ;
; 4.220 ; rst_n_init:rst_n_init|rst_n ; reg_bank:reg_bank|registers[20][4]                                        ; CLOCK_50     ; CLOCK_50    ; 0.000        ; -0.377     ; 4.129      ;
; 4.220 ; rst_n_init:rst_n_init|rst_n ; reg_bank:reg_bank|registers[16][4]                                        ; CLOCK_50     ; CLOCK_50    ; 0.000        ; -0.377     ; 4.129      ;
; 4.220 ; rst_n_init:rst_n_init|rst_n ; reg_bank:reg_bank|registers[28][4]                                        ; CLOCK_50     ; CLOCK_50    ; 0.000        ; -0.376     ; 4.130      ;
; 4.220 ; rst_n_init:rst_n_init|rst_n ; reg_bank:reg_bank|registers[24][4]                                        ; CLOCK_50     ; CLOCK_50    ; 0.000        ; -0.376     ; 4.130      ;
; 4.220 ; rst_n_init:rst_n_init|rst_n ; reg_bank:reg_bank|registers[1][4]                                         ; CLOCK_50     ; CLOCK_50    ; 0.000        ; -0.380     ; 4.126      ;
; 4.220 ; rst_n_init:rst_n_init|rst_n ; reg_bank:reg_bank|registers[2][4]                                         ; CLOCK_50     ; CLOCK_50    ; 0.000        ; -0.380     ; 4.126      ;
; 4.220 ; rst_n_init:rst_n_init|rst_n ; reg_bank:reg_bank|registers[4][4]                                         ; CLOCK_50     ; CLOCK_50    ; 0.000        ; -0.376     ; 4.130      ;
; 4.220 ; rst_n_init:rst_n_init|rst_n ; reg_bank:reg_bank|registers[5][4]                                         ; CLOCK_50     ; CLOCK_50    ; 0.000        ; -0.376     ; 4.130      ;
; 4.220 ; rst_n_init:rst_n_init|rst_n ; reg_bank:reg_bank|registers[7][4]                                         ; CLOCK_50     ; CLOCK_50    ; 0.000        ; -0.377     ; 4.129      ;
; 4.220 ; rst_n_init:rst_n_init|rst_n ; reg_bank:reg_bank|registers[1][21]                                        ; CLOCK_50     ; CLOCK_50    ; 0.000        ; -0.380     ; 4.126      ;
; 4.220 ; rst_n_init:rst_n_init|rst_n ; reg_bank:reg_bank|registers[2][21]                                        ; CLOCK_50     ; CLOCK_50    ; 0.000        ; -0.379     ; 4.127      ;
; 4.220 ; rst_n_init:rst_n_init|rst_n ; reg_bank:reg_bank|registers[3][21]                                        ; CLOCK_50     ; CLOCK_50    ; 0.000        ; -0.379     ; 4.127      ;
; 4.220 ; rst_n_init:rst_n_init|rst_n ; reg_bank:reg_bank|registers[28][21]                                       ; CLOCK_50     ; CLOCK_50    ; 0.000        ; -0.376     ; 4.130      ;
; 4.220 ; rst_n_init:rst_n_init|rst_n ; reg_bank:reg_bank|registers[24][21]                                       ; CLOCK_50     ; CLOCK_50    ; 0.000        ; -0.376     ; 4.130      ;
; 4.220 ; rst_n_init:rst_n_init|rst_n ; reg_bank:reg_bank|registers[20][21]                                       ; CLOCK_50     ; CLOCK_50    ; 0.000        ; -0.377     ; 4.129      ;
; 4.220 ; rst_n_init:rst_n_init|rst_n ; reg_bank:reg_bank|registers[16][21]                                       ; CLOCK_50     ; CLOCK_50    ; 0.000        ; -0.377     ; 4.129      ;
; 4.220 ; rst_n_init:rst_n_init|rst_n ; reg_bank:reg_bank|registers[29][21]                                       ; CLOCK_50     ; CLOCK_50    ; 0.000        ; -0.376     ; 4.130      ;
; 4.220 ; rst_n_init:rst_n_init|rst_n ; reg_bank:reg_bank|registers[21][21]                                       ; CLOCK_50     ; CLOCK_50    ; 0.000        ; -0.376     ; 4.130      ;
; 4.220 ; rst_n_init:rst_n_init|rst_n ; reg_bank:reg_bank|registers[3][19]                                        ; CLOCK_50     ; CLOCK_50    ; 0.000        ; -0.379     ; 4.127      ;
; 4.220 ; rst_n_init:rst_n_init|rst_n ; reg_bank:reg_bank|registers[1][19]                                        ; CLOCK_50     ; CLOCK_50    ; 0.000        ; -0.377     ; 4.129      ;
; 4.220 ; rst_n_init:rst_n_init|rst_n ; reg_bank:reg_bank|registers[2][19]                                        ; CLOCK_50     ; CLOCK_50    ; 0.000        ; -0.379     ; 4.127      ;
; 4.220 ; rst_n_init:rst_n_init|rst_n ; reg_bank:reg_bank|registers[4][19]                                        ; CLOCK_50     ; CLOCK_50    ; 0.000        ; -0.376     ; 4.130      ;
; 4.220 ; rst_n_init:rst_n_init|rst_n ; reg_bank:reg_bank|registers[7][19]                                        ; CLOCK_50     ; CLOCK_50    ; 0.000        ; -0.377     ; 4.129      ;
; 4.220 ; rst_n_init:rst_n_init|rst_n ; reg_bank:reg_bank|registers[24][30]                                       ; CLOCK_50     ; CLOCK_50    ; 0.000        ; -0.376     ; 4.130      ;
+-------+-----------------------------+---------------------------------------------------------------------------+--------------+-------------+--------------+------------+------------+


+---------------------------------------------------------------------------------------------------------------------------------------------------------------------------------------------------------+
; Slow Model Minimum Pulse Width: 'CLOCK_50'                                                                                                                                                              ;
+-------+--------------+----------------+------------------+----------+------------+----------------------------------------------------------------------------------------------------------------------+
; Slack ; Actual Width ; Required Width ; Type             ; Clock    ; Clock Edge ; Target                                                                                                               ;
+-------+--------------+----------------+------------------+----------+------------+----------------------------------------------------------------------------------------------------------------------+
; 7.436 ; 10.000       ; 2.564          ; High Pulse Width ; CLOCK_50 ; Rise       ; vga_interface:vga_interface|altsyncram:pixels_rtl_0|altsyncram_41h1:auto_generated|ram_block1a0~porta_address_reg0   ;
; 7.436 ; 10.000       ; 2.564          ; Low Pulse Width  ; CLOCK_50 ; Rise       ; vga_interface:vga_interface|altsyncram:pixels_rtl_0|altsyncram_41h1:auto_generated|ram_block1a0~porta_address_reg0   ;
; 7.436 ; 10.000       ; 2.564          ; High Pulse Width ; CLOCK_50 ; Rise       ; vga_interface:vga_interface|altsyncram:pixels_rtl_0|altsyncram_41h1:auto_generated|ram_block1a0~porta_address_reg1   ;
; 7.436 ; 10.000       ; 2.564          ; Low Pulse Width  ; CLOCK_50 ; Rise       ; vga_interface:vga_interface|altsyncram:pixels_rtl_0|altsyncram_41h1:auto_generated|ram_block1a0~porta_address_reg1   ;
; 7.436 ; 10.000       ; 2.564          ; High Pulse Width ; CLOCK_50 ; Rise       ; vga_interface:vga_interface|altsyncram:pixels_rtl_0|altsyncram_41h1:auto_generated|ram_block1a0~porta_address_reg10  ;
; 7.436 ; 10.000       ; 2.564          ; Low Pulse Width  ; CLOCK_50 ; Rise       ; vga_interface:vga_interface|altsyncram:pixels_rtl_0|altsyncram_41h1:auto_generated|ram_block1a0~porta_address_reg10  ;
; 7.436 ; 10.000       ; 2.564          ; High Pulse Width ; CLOCK_50 ; Rise       ; vga_interface:vga_interface|altsyncram:pixels_rtl_0|altsyncram_41h1:auto_generated|ram_block1a0~porta_address_reg11  ;
; 7.436 ; 10.000       ; 2.564          ; Low Pulse Width  ; CLOCK_50 ; Rise       ; vga_interface:vga_interface|altsyncram:pixels_rtl_0|altsyncram_41h1:auto_generated|ram_block1a0~porta_address_reg11  ;
; 7.436 ; 10.000       ; 2.564          ; High Pulse Width ; CLOCK_50 ; Rise       ; vga_interface:vga_interface|altsyncram:pixels_rtl_0|altsyncram_41h1:auto_generated|ram_block1a0~porta_address_reg2   ;
; 7.436 ; 10.000       ; 2.564          ; Low Pulse Width  ; CLOCK_50 ; Rise       ; vga_interface:vga_interface|altsyncram:pixels_rtl_0|altsyncram_41h1:auto_generated|ram_block1a0~porta_address_reg2   ;
; 7.436 ; 10.000       ; 2.564          ; High Pulse Width ; CLOCK_50 ; Rise       ; vga_interface:vga_interface|altsyncram:pixels_rtl_0|altsyncram_41h1:auto_generated|ram_block1a0~porta_address_reg3   ;
; 7.436 ; 10.000       ; 2.564          ; Low Pulse Width  ; CLOCK_50 ; Rise       ; vga_interface:vga_interface|altsyncram:pixels_rtl_0|altsyncram_41h1:auto_generated|ram_block1a0~porta_address_reg3   ;
; 7.436 ; 10.000       ; 2.564          ; High Pulse Width ; CLOCK_50 ; Rise       ; vga_interface:vga_interface|altsyncram:pixels_rtl_0|altsyncram_41h1:auto_generated|ram_block1a0~porta_address_reg4   ;
; 7.436 ; 10.000       ; 2.564          ; Low Pulse Width  ; CLOCK_50 ; Rise       ; vga_interface:vga_interface|altsyncram:pixels_rtl_0|altsyncram_41h1:auto_generated|ram_block1a0~porta_address_reg4   ;
; 7.436 ; 10.000       ; 2.564          ; High Pulse Width ; CLOCK_50 ; Rise       ; vga_interface:vga_interface|altsyncram:pixels_rtl_0|altsyncram_41h1:auto_generated|ram_block1a0~porta_address_reg5   ;
; 7.436 ; 10.000       ; 2.564          ; Low Pulse Width  ; CLOCK_50 ; Rise       ; vga_interface:vga_interface|altsyncram:pixels_rtl_0|altsyncram_41h1:auto_generated|ram_block1a0~porta_address_reg5   ;
; 7.436 ; 10.000       ; 2.564          ; High Pulse Width ; CLOCK_50 ; Rise       ; vga_interface:vga_interface|altsyncram:pixels_rtl_0|altsyncram_41h1:auto_generated|ram_block1a0~porta_address_reg6   ;
; 7.436 ; 10.000       ; 2.564          ; Low Pulse Width  ; CLOCK_50 ; Rise       ; vga_interface:vga_interface|altsyncram:pixels_rtl_0|altsyncram_41h1:auto_generated|ram_block1a0~porta_address_reg6   ;
; 7.436 ; 10.000       ; 2.564          ; High Pulse Width ; CLOCK_50 ; Rise       ; vga_interface:vga_interface|altsyncram:pixels_rtl_0|altsyncram_41h1:auto_generated|ram_block1a0~porta_address_reg7   ;
; 7.436 ; 10.000       ; 2.564          ; Low Pulse Width  ; CLOCK_50 ; Rise       ; vga_interface:vga_interface|altsyncram:pixels_rtl_0|altsyncram_41h1:auto_generated|ram_block1a0~porta_address_reg7   ;
; 7.436 ; 10.000       ; 2.564          ; High Pulse Width ; CLOCK_50 ; Rise       ; vga_interface:vga_interface|altsyncram:pixels_rtl_0|altsyncram_41h1:auto_generated|ram_block1a0~porta_address_reg8   ;
; 7.436 ; 10.000       ; 2.564          ; Low Pulse Width  ; CLOCK_50 ; Rise       ; vga_interface:vga_interface|altsyncram:pixels_rtl_0|altsyncram_41h1:auto_generated|ram_block1a0~porta_address_reg8   ;
; 7.436 ; 10.000       ; 2.564          ; High Pulse Width ; CLOCK_50 ; Rise       ; vga_interface:vga_interface|altsyncram:pixels_rtl_0|altsyncram_41h1:auto_generated|ram_block1a0~porta_address_reg9   ;
; 7.436 ; 10.000       ; 2.564          ; Low Pulse Width  ; CLOCK_50 ; Rise       ; vga_interface:vga_interface|altsyncram:pixels_rtl_0|altsyncram_41h1:auto_generated|ram_block1a0~porta_address_reg9   ;
; 7.436 ; 10.000       ; 2.564          ; High Pulse Width ; CLOCK_50 ; Rise       ; vga_interface:vga_interface|altsyncram:pixels_rtl_0|altsyncram_41h1:auto_generated|ram_block1a0~porta_datain_reg0    ;
; 7.436 ; 10.000       ; 2.564          ; Low Pulse Width  ; CLOCK_50 ; Rise       ; vga_interface:vga_interface|altsyncram:pixels_rtl_0|altsyncram_41h1:auto_generated|ram_block1a0~porta_datain_reg0    ;
; 7.436 ; 10.000       ; 2.564          ; High Pulse Width ; CLOCK_50 ; Rise       ; vga_interface:vga_interface|altsyncram:pixels_rtl_0|altsyncram_41h1:auto_generated|ram_block1a0~porta_memory_reg0    ;
; 7.436 ; 10.000       ; 2.564          ; Low Pulse Width  ; CLOCK_50 ; Rise       ; vga_interface:vga_interface|altsyncram:pixels_rtl_0|altsyncram_41h1:auto_generated|ram_block1a0~porta_memory_reg0    ;
; 7.436 ; 10.000       ; 2.564          ; High Pulse Width ; CLOCK_50 ; Rise       ; vga_interface:vga_interface|altsyncram:pixels_rtl_0|altsyncram_41h1:auto_generated|ram_block1a0~porta_we_reg         ;
; 7.436 ; 10.000       ; 2.564          ; Low Pulse Width  ; CLOCK_50 ; Rise       ; vga_interface:vga_interface|altsyncram:pixels_rtl_0|altsyncram_41h1:auto_generated|ram_block1a0~porta_we_reg         ;
; 7.436 ; 10.000       ; 2.564          ; High Pulse Width ; CLOCK_50 ; Rise       ; vga_interface:vga_interface|altsyncram:pixels_rtl_0|altsyncram_41h1:auto_generated|ram_block1a0~portb_address_reg0   ;
; 7.436 ; 10.000       ; 2.564          ; Low Pulse Width  ; CLOCK_50 ; Rise       ; vga_interface:vga_interface|altsyncram:pixels_rtl_0|altsyncram_41h1:auto_generated|ram_block1a0~portb_address_reg0   ;
; 7.436 ; 10.000       ; 2.564          ; High Pulse Width ; CLOCK_50 ; Rise       ; vga_interface:vga_interface|altsyncram:pixels_rtl_0|altsyncram_41h1:auto_generated|ram_block1a0~portb_address_reg1   ;
; 7.436 ; 10.000       ; 2.564          ; Low Pulse Width  ; CLOCK_50 ; Rise       ; vga_interface:vga_interface|altsyncram:pixels_rtl_0|altsyncram_41h1:auto_generated|ram_block1a0~portb_address_reg1   ;
; 7.436 ; 10.000       ; 2.564          ; High Pulse Width ; CLOCK_50 ; Rise       ; vga_interface:vga_interface|altsyncram:pixels_rtl_0|altsyncram_41h1:auto_generated|ram_block1a0~portb_address_reg10  ;
; 7.436 ; 10.000       ; 2.564          ; Low Pulse Width  ; CLOCK_50 ; Rise       ; vga_interface:vga_interface|altsyncram:pixels_rtl_0|altsyncram_41h1:auto_generated|ram_block1a0~portb_address_reg10  ;
; 7.436 ; 10.000       ; 2.564          ; High Pulse Width ; CLOCK_50 ; Rise       ; vga_interface:vga_interface|altsyncram:pixels_rtl_0|altsyncram_41h1:auto_generated|ram_block1a0~portb_address_reg11  ;
; 7.436 ; 10.000       ; 2.564          ; Low Pulse Width  ; CLOCK_50 ; Rise       ; vga_interface:vga_interface|altsyncram:pixels_rtl_0|altsyncram_41h1:auto_generated|ram_block1a0~portb_address_reg11  ;
; 7.436 ; 10.000       ; 2.564          ; High Pulse Width ; CLOCK_50 ; Rise       ; vga_interface:vga_interface|altsyncram:pixels_rtl_0|altsyncram_41h1:auto_generated|ram_block1a0~portb_address_reg2   ;
; 7.436 ; 10.000       ; 2.564          ; Low Pulse Width  ; CLOCK_50 ; Rise       ; vga_interface:vga_interface|altsyncram:pixels_rtl_0|altsyncram_41h1:auto_generated|ram_block1a0~portb_address_reg2   ;
; 7.436 ; 10.000       ; 2.564          ; High Pulse Width ; CLOCK_50 ; Rise       ; vga_interface:vga_interface|altsyncram:pixels_rtl_0|altsyncram_41h1:auto_generated|ram_block1a0~portb_address_reg3   ;
; 7.436 ; 10.000       ; 2.564          ; Low Pulse Width  ; CLOCK_50 ; Rise       ; vga_interface:vga_interface|altsyncram:pixels_rtl_0|altsyncram_41h1:auto_generated|ram_block1a0~portb_address_reg3   ;
; 7.436 ; 10.000       ; 2.564          ; High Pulse Width ; CLOCK_50 ; Rise       ; vga_interface:vga_interface|altsyncram:pixels_rtl_0|altsyncram_41h1:auto_generated|ram_block1a0~portb_address_reg4   ;
; 7.436 ; 10.000       ; 2.564          ; Low Pulse Width  ; CLOCK_50 ; Rise       ; vga_interface:vga_interface|altsyncram:pixels_rtl_0|altsyncram_41h1:auto_generated|ram_block1a0~portb_address_reg4   ;
; 7.436 ; 10.000       ; 2.564          ; High Pulse Width ; CLOCK_50 ; Rise       ; vga_interface:vga_interface|altsyncram:pixels_rtl_0|altsyncram_41h1:auto_generated|ram_block1a0~portb_address_reg5   ;
; 7.436 ; 10.000       ; 2.564          ; Low Pulse Width  ; CLOCK_50 ; Rise       ; vga_interface:vga_interface|altsyncram:pixels_rtl_0|altsyncram_41h1:auto_generated|ram_block1a0~portb_address_reg5   ;
; 7.436 ; 10.000       ; 2.564          ; High Pulse Width ; CLOCK_50 ; Rise       ; vga_interface:vga_interface|altsyncram:pixels_rtl_0|altsyncram_41h1:auto_generated|ram_block1a0~portb_address_reg6   ;
; 7.436 ; 10.000       ; 2.564          ; Low Pulse Width  ; CLOCK_50 ; Rise       ; vga_interface:vga_interface|altsyncram:pixels_rtl_0|altsyncram_41h1:auto_generated|ram_block1a0~portb_address_reg6   ;
; 7.436 ; 10.000       ; 2.564          ; High Pulse Width ; CLOCK_50 ; Rise       ; vga_interface:vga_interface|altsyncram:pixels_rtl_0|altsyncram_41h1:auto_generated|ram_block1a0~portb_address_reg7   ;
; 7.436 ; 10.000       ; 2.564          ; Low Pulse Width  ; CLOCK_50 ; Rise       ; vga_interface:vga_interface|altsyncram:pixels_rtl_0|altsyncram_41h1:auto_generated|ram_block1a0~portb_address_reg7   ;
; 7.436 ; 10.000       ; 2.564          ; High Pulse Width ; CLOCK_50 ; Rise       ; vga_interface:vga_interface|altsyncram:pixels_rtl_0|altsyncram_41h1:auto_generated|ram_block1a0~portb_address_reg8   ;
; 7.436 ; 10.000       ; 2.564          ; Low Pulse Width  ; CLOCK_50 ; Rise       ; vga_interface:vga_interface|altsyncram:pixels_rtl_0|altsyncram_41h1:auto_generated|ram_block1a0~portb_address_reg8   ;
; 7.436 ; 10.000       ; 2.564          ; High Pulse Width ; CLOCK_50 ; Rise       ; vga_interface:vga_interface|altsyncram:pixels_rtl_0|altsyncram_41h1:auto_generated|ram_block1a0~portb_address_reg9   ;
; 7.436 ; 10.000       ; 2.564          ; Low Pulse Width  ; CLOCK_50 ; Rise       ; vga_interface:vga_interface|altsyncram:pixels_rtl_0|altsyncram_41h1:auto_generated|ram_block1a0~portb_address_reg9   ;
; 7.436 ; 10.000       ; 2.564          ; High Pulse Width ; CLOCK_50 ; Rise       ; vga_interface:vga_interface|altsyncram:pixels_rtl_0|altsyncram_41h1:auto_generated|ram_block1a10~porta_address_reg0  ;
; 7.436 ; 10.000       ; 2.564          ; Low Pulse Width  ; CLOCK_50 ; Rise       ; vga_interface:vga_interface|altsyncram:pixels_rtl_0|altsyncram_41h1:auto_generated|ram_block1a10~porta_address_reg0  ;
; 7.436 ; 10.000       ; 2.564          ; High Pulse Width ; CLOCK_50 ; Rise       ; vga_interface:vga_interface|altsyncram:pixels_rtl_0|altsyncram_41h1:auto_generated|ram_block1a10~porta_address_reg1  ;
; 7.436 ; 10.000       ; 2.564          ; Low Pulse Width  ; CLOCK_50 ; Rise       ; vga_interface:vga_interface|altsyncram:pixels_rtl_0|altsyncram_41h1:auto_generated|ram_block1a10~porta_address_reg1  ;
; 7.436 ; 10.000       ; 2.564          ; High Pulse Width ; CLOCK_50 ; Rise       ; vga_interface:vga_interface|altsyncram:pixels_rtl_0|altsyncram_41h1:auto_generated|ram_block1a10~porta_address_reg10 ;
; 7.436 ; 10.000       ; 2.564          ; Low Pulse Width  ; CLOCK_50 ; Rise       ; vga_interface:vga_interface|altsyncram:pixels_rtl_0|altsyncram_41h1:auto_generated|ram_block1a10~porta_address_reg10 ;
; 7.436 ; 10.000       ; 2.564          ; High Pulse Width ; CLOCK_50 ; Rise       ; vga_interface:vga_interface|altsyncram:pixels_rtl_0|altsyncram_41h1:auto_generated|ram_block1a10~porta_address_reg11 ;
; 7.436 ; 10.000       ; 2.564          ; Low Pulse Width  ; CLOCK_50 ; Rise       ; vga_interface:vga_interface|altsyncram:pixels_rtl_0|altsyncram_41h1:auto_generated|ram_block1a10~porta_address_reg11 ;
; 7.436 ; 10.000       ; 2.564          ; High Pulse Width ; CLOCK_50 ; Rise       ; vga_interface:vga_interface|altsyncram:pixels_rtl_0|altsyncram_41h1:auto_generated|ram_block1a10~porta_address_reg2  ;
; 7.436 ; 10.000       ; 2.564          ; Low Pulse Width  ; CLOCK_50 ; Rise       ; vga_interface:vga_interface|altsyncram:pixels_rtl_0|altsyncram_41h1:auto_generated|ram_block1a10~porta_address_reg2  ;
; 7.436 ; 10.000       ; 2.564          ; High Pulse Width ; CLOCK_50 ; Rise       ; vga_interface:vga_interface|altsyncram:pixels_rtl_0|altsyncram_41h1:auto_generated|ram_block1a10~porta_address_reg3  ;
; 7.436 ; 10.000       ; 2.564          ; Low Pulse Width  ; CLOCK_50 ; Rise       ; vga_interface:vga_interface|altsyncram:pixels_rtl_0|altsyncram_41h1:auto_generated|ram_block1a10~porta_address_reg3  ;
; 7.436 ; 10.000       ; 2.564          ; High Pulse Width ; CLOCK_50 ; Rise       ; vga_interface:vga_interface|altsyncram:pixels_rtl_0|altsyncram_41h1:auto_generated|ram_block1a10~porta_address_reg4  ;
; 7.436 ; 10.000       ; 2.564          ; Low Pulse Width  ; CLOCK_50 ; Rise       ; vga_interface:vga_interface|altsyncram:pixels_rtl_0|altsyncram_41h1:auto_generated|ram_block1a10~porta_address_reg4  ;
; 7.436 ; 10.000       ; 2.564          ; High Pulse Width ; CLOCK_50 ; Rise       ; vga_interface:vga_interface|altsyncram:pixels_rtl_0|altsyncram_41h1:auto_generated|ram_block1a10~porta_address_reg5  ;
; 7.436 ; 10.000       ; 2.564          ; Low Pulse Width  ; CLOCK_50 ; Rise       ; vga_interface:vga_interface|altsyncram:pixels_rtl_0|altsyncram_41h1:auto_generated|ram_block1a10~porta_address_reg5  ;
; 7.436 ; 10.000       ; 2.564          ; High Pulse Width ; CLOCK_50 ; Rise       ; vga_interface:vga_interface|altsyncram:pixels_rtl_0|altsyncram_41h1:auto_generated|ram_block1a10~porta_address_reg6  ;
; 7.436 ; 10.000       ; 2.564          ; Low Pulse Width  ; CLOCK_50 ; Rise       ; vga_interface:vga_interface|altsyncram:pixels_rtl_0|altsyncram_41h1:auto_generated|ram_block1a10~porta_address_reg6  ;
; 7.436 ; 10.000       ; 2.564          ; High Pulse Width ; CLOCK_50 ; Rise       ; vga_interface:vga_interface|altsyncram:pixels_rtl_0|altsyncram_41h1:auto_generated|ram_block1a10~porta_address_reg7  ;
; 7.436 ; 10.000       ; 2.564          ; Low Pulse Width  ; CLOCK_50 ; Rise       ; vga_interface:vga_interface|altsyncram:pixels_rtl_0|altsyncram_41h1:auto_generated|ram_block1a10~porta_address_reg7  ;
; 7.436 ; 10.000       ; 2.564          ; High Pulse Width ; CLOCK_50 ; Rise       ; vga_interface:vga_interface|altsyncram:pixels_rtl_0|altsyncram_41h1:auto_generated|ram_block1a10~porta_address_reg8  ;
; 7.436 ; 10.000       ; 2.564          ; Low Pulse Width  ; CLOCK_50 ; Rise       ; vga_interface:vga_interface|altsyncram:pixels_rtl_0|altsyncram_41h1:auto_generated|ram_block1a10~porta_address_reg8  ;
; 7.436 ; 10.000       ; 2.564          ; High Pulse Width ; CLOCK_50 ; Rise       ; vga_interface:vga_interface|altsyncram:pixels_rtl_0|altsyncram_41h1:auto_generated|ram_block1a10~porta_address_reg9  ;
; 7.436 ; 10.000       ; 2.564          ; Low Pulse Width  ; CLOCK_50 ; Rise       ; vga_interface:vga_interface|altsyncram:pixels_rtl_0|altsyncram_41h1:auto_generated|ram_block1a10~porta_address_reg9  ;
; 7.436 ; 10.000       ; 2.564          ; High Pulse Width ; CLOCK_50 ; Rise       ; vga_interface:vga_interface|altsyncram:pixels_rtl_0|altsyncram_41h1:auto_generated|ram_block1a10~porta_datain_reg0   ;
; 7.436 ; 10.000       ; 2.564          ; Low Pulse Width  ; CLOCK_50 ; Rise       ; vga_interface:vga_interface|altsyncram:pixels_rtl_0|altsyncram_41h1:auto_generated|ram_block1a10~porta_datain_reg0   ;
; 7.436 ; 10.000       ; 2.564          ; High Pulse Width ; CLOCK_50 ; Rise       ; vga_interface:vga_interface|altsyncram:pixels_rtl_0|altsyncram_41h1:auto_generated|ram_block1a10~porta_memory_reg0   ;
; 7.436 ; 10.000       ; 2.564          ; Low Pulse Width  ; CLOCK_50 ; Rise       ; vga_interface:vga_interface|altsyncram:pixels_rtl_0|altsyncram_41h1:auto_generated|ram_block1a10~porta_memory_reg0   ;
; 7.436 ; 10.000       ; 2.564          ; High Pulse Width ; CLOCK_50 ; Rise       ; vga_interface:vga_interface|altsyncram:pixels_rtl_0|altsyncram_41h1:auto_generated|ram_block1a10~porta_we_reg        ;
; 7.436 ; 10.000       ; 2.564          ; Low Pulse Width  ; CLOCK_50 ; Rise       ; vga_interface:vga_interface|altsyncram:pixels_rtl_0|altsyncram_41h1:auto_generated|ram_block1a10~porta_we_reg        ;
; 7.436 ; 10.000       ; 2.564          ; High Pulse Width ; CLOCK_50 ; Rise       ; vga_interface:vga_interface|altsyncram:pixels_rtl_0|altsyncram_41h1:auto_generated|ram_block1a10~portb_address_reg0  ;
; 7.436 ; 10.000       ; 2.564          ; Low Pulse Width  ; CLOCK_50 ; Rise       ; vga_interface:vga_interface|altsyncram:pixels_rtl_0|altsyncram_41h1:auto_generated|ram_block1a10~portb_address_reg0  ;
; 7.436 ; 10.000       ; 2.564          ; High Pulse Width ; CLOCK_50 ; Rise       ; vga_interface:vga_interface|altsyncram:pixels_rtl_0|altsyncram_41h1:auto_generated|ram_block1a10~portb_address_reg1  ;
; 7.436 ; 10.000       ; 2.564          ; Low Pulse Width  ; CLOCK_50 ; Rise       ; vga_interface:vga_interface|altsyncram:pixels_rtl_0|altsyncram_41h1:auto_generated|ram_block1a10~portb_address_reg1  ;
; 7.436 ; 10.000       ; 2.564          ; High Pulse Width ; CLOCK_50 ; Rise       ; vga_interface:vga_interface|altsyncram:pixels_rtl_0|altsyncram_41h1:auto_generated|ram_block1a10~portb_address_reg10 ;
; 7.436 ; 10.000       ; 2.564          ; Low Pulse Width  ; CLOCK_50 ; Rise       ; vga_interface:vga_interface|altsyncram:pixels_rtl_0|altsyncram_41h1:auto_generated|ram_block1a10~portb_address_reg10 ;
; 7.436 ; 10.000       ; 2.564          ; High Pulse Width ; CLOCK_50 ; Rise       ; vga_interface:vga_interface|altsyncram:pixels_rtl_0|altsyncram_41h1:auto_generated|ram_block1a10~portb_address_reg11 ;
; 7.436 ; 10.000       ; 2.564          ; Low Pulse Width  ; CLOCK_50 ; Rise       ; vga_interface:vga_interface|altsyncram:pixels_rtl_0|altsyncram_41h1:auto_generated|ram_block1a10~portb_address_reg11 ;
; 7.436 ; 10.000       ; 2.564          ; High Pulse Width ; CLOCK_50 ; Rise       ; vga_interface:vga_interface|altsyncram:pixels_rtl_0|altsyncram_41h1:auto_generated|ram_block1a10~portb_address_reg2  ;
; 7.436 ; 10.000       ; 2.564          ; Low Pulse Width  ; CLOCK_50 ; Rise       ; vga_interface:vga_interface|altsyncram:pixels_rtl_0|altsyncram_41h1:auto_generated|ram_block1a10~portb_address_reg2  ;
; 7.436 ; 10.000       ; 2.564          ; High Pulse Width ; CLOCK_50 ; Rise       ; vga_interface:vga_interface|altsyncram:pixels_rtl_0|altsyncram_41h1:auto_generated|ram_block1a10~portb_address_reg3  ;
; 7.436 ; 10.000       ; 2.564          ; Low Pulse Width  ; CLOCK_50 ; Rise       ; vga_interface:vga_interface|altsyncram:pixels_rtl_0|altsyncram_41h1:auto_generated|ram_block1a10~portb_address_reg3  ;
; 7.436 ; 10.000       ; 2.564          ; High Pulse Width ; CLOCK_50 ; Rise       ; vga_interface:vga_interface|altsyncram:pixels_rtl_0|altsyncram_41h1:auto_generated|ram_block1a10~portb_address_reg4  ;
; 7.436 ; 10.000       ; 2.564          ; Low Pulse Width  ; CLOCK_50 ; Rise       ; vga_interface:vga_interface|altsyncram:pixels_rtl_0|altsyncram_41h1:auto_generated|ram_block1a10~portb_address_reg4  ;
; 7.436 ; 10.000       ; 2.564          ; High Pulse Width ; CLOCK_50 ; Rise       ; vga_interface:vga_interface|altsyncram:pixels_rtl_0|altsyncram_41h1:auto_generated|ram_block1a10~portb_address_reg5  ;
; 7.436 ; 10.000       ; 2.564          ; Low Pulse Width  ; CLOCK_50 ; Rise       ; vga_interface:vga_interface|altsyncram:pixels_rtl_0|altsyncram_41h1:auto_generated|ram_block1a10~portb_address_reg5  ;
+-------+--------------+----------------+------------------+----------+------------+----------------------------------------------------------------------------------------------------------------------+


+----------------------------------------------------------------------------+
; Setup Times                                                                ;
+--------------+------------+--------+--------+------------+-----------------+
; Data Port    ; Clock Port ; Rise   ; Fall   ; Clock Edge ; Clock Reference ;
+--------------+------------+--------+--------+------------+-----------------+
; FL_DQ[*]     ; CLOCK_50   ; 5.707  ; 5.707  ; Rise       ; CLOCK_50        ;
;  FL_DQ[0]    ; CLOCK_50   ; 4.854  ; 4.854  ; Rise       ; CLOCK_50        ;
;  FL_DQ[1]    ; CLOCK_50   ; 5.151  ; 5.151  ; Rise       ; CLOCK_50        ;
;  FL_DQ[2]    ; CLOCK_50   ; 4.698  ; 4.698  ; Rise       ; CLOCK_50        ;
;  FL_DQ[3]    ; CLOCK_50   ; 4.886  ; 4.886  ; Rise       ; CLOCK_50        ;
;  FL_DQ[4]    ; CLOCK_50   ; 4.763  ; 4.763  ; Rise       ; CLOCK_50        ;
;  FL_DQ[5]    ; CLOCK_50   ; 4.958  ; 4.958  ; Rise       ; CLOCK_50        ;
;  FL_DQ[6]    ; CLOCK_50   ; 5.707  ; 5.707  ; Rise       ; CLOCK_50        ;
;  FL_DQ[7]    ; CLOCK_50   ; 5.670  ; 5.670  ; Rise       ; CLOCK_50        ;
; KEY[*]       ; CLOCK_50   ; 5.304  ; 5.304  ; Rise       ; CLOCK_50        ;
;  KEY[0]      ; CLOCK_50   ; 5.304  ; 5.304  ; Rise       ; CLOCK_50        ;
;  KEY[1]      ; CLOCK_50   ; 3.079  ; 3.079  ; Rise       ; CLOCK_50        ;
; SRAM_DQ[*]   ; CLOCK_50   ; 6.515  ; 6.515  ; Rise       ; CLOCK_50        ;
;  SRAM_DQ[0]  ; CLOCK_50   ; 6.515  ; 6.515  ; Rise       ; CLOCK_50        ;
;  SRAM_DQ[1]  ; CLOCK_50   ; 6.284  ; 6.284  ; Rise       ; CLOCK_50        ;
;  SRAM_DQ[2]  ; CLOCK_50   ; 5.809  ; 5.809  ; Rise       ; CLOCK_50        ;
;  SRAM_DQ[3]  ; CLOCK_50   ; 5.546  ; 5.546  ; Rise       ; CLOCK_50        ;
;  SRAM_DQ[4]  ; CLOCK_50   ; 5.851  ; 5.851  ; Rise       ; CLOCK_50        ;
;  SRAM_DQ[5]  ; CLOCK_50   ; 5.160  ; 5.160  ; Rise       ; CLOCK_50        ;
;  SRAM_DQ[6]  ; CLOCK_50   ; 5.519  ; 5.519  ; Rise       ; CLOCK_50        ;
;  SRAM_DQ[7]  ; CLOCK_50   ; 4.988  ; 4.988  ; Rise       ; CLOCK_50        ;
;  SRAM_DQ[8]  ; CLOCK_50   ; 6.229  ; 6.229  ; Rise       ; CLOCK_50        ;
;  SRAM_DQ[9]  ; CLOCK_50   ; 5.761  ; 5.761  ; Rise       ; CLOCK_50        ;
;  SRAM_DQ[10] ; CLOCK_50   ; 5.830  ; 5.830  ; Rise       ; CLOCK_50        ;
;  SRAM_DQ[11] ; CLOCK_50   ; 5.548  ; 5.548  ; Rise       ; CLOCK_50        ;
;  SRAM_DQ[12] ; CLOCK_50   ; 5.857  ; 5.857  ; Rise       ; CLOCK_50        ;
;  SRAM_DQ[13] ; CLOCK_50   ; 5.939  ; 5.939  ; Rise       ; CLOCK_50        ;
;  SRAM_DQ[14] ; CLOCK_50   ; 5.853  ; 5.853  ; Rise       ; CLOCK_50        ;
;  SRAM_DQ[15] ; CLOCK_50   ; 5.571  ; 5.571  ; Rise       ; CLOCK_50        ;
; SW[*]        ; CLOCK_50   ; 10.677 ; 10.677 ; Rise       ; CLOCK_50        ;
;  SW[2]       ; CLOCK_50   ; 10.677 ; 10.677 ; Rise       ; CLOCK_50        ;
;  SW[5]       ; CLOCK_50   ; 8.877  ; 8.877  ; Rise       ; CLOCK_50        ;
+--------------+------------+--------+--------+------------+-----------------+


+----------------------------------------------------------------------------+
; Hold Times                                                                 ;
+--------------+------------+--------+--------+------------+-----------------+
; Data Port    ; Clock Port ; Rise   ; Fall   ; Clock Edge ; Clock Reference ;
+--------------+------------+--------+--------+------------+-----------------+
; FL_DQ[*]     ; CLOCK_50   ; -4.162 ; -4.162 ; Rise       ; CLOCK_50        ;
;  FL_DQ[0]    ; CLOCK_50   ; -4.257 ; -4.257 ; Rise       ; CLOCK_50        ;
;  FL_DQ[1]    ; CLOCK_50   ; -4.516 ; -4.516 ; Rise       ; CLOCK_50        ;
;  FL_DQ[2]    ; CLOCK_50   ; -4.162 ; -4.162 ; Rise       ; CLOCK_50        ;
;  FL_DQ[3]    ; CLOCK_50   ; -4.252 ; -4.252 ; Rise       ; CLOCK_50        ;
;  FL_DQ[4]    ; CLOCK_50   ; -4.214 ; -4.214 ; Rise       ; CLOCK_50        ;
;  FL_DQ[5]    ; CLOCK_50   ; -4.705 ; -4.705 ; Rise       ; CLOCK_50        ;
;  FL_DQ[6]    ; CLOCK_50   ; -5.047 ; -5.047 ; Rise       ; CLOCK_50        ;
;  FL_DQ[7]    ; CLOCK_50   ; -4.743 ; -4.743 ; Rise       ; CLOCK_50        ;
; KEY[*]       ; CLOCK_50   ; -2.831 ; -2.831 ; Rise       ; CLOCK_50        ;
;  KEY[0]      ; CLOCK_50   ; -5.056 ; -5.056 ; Rise       ; CLOCK_50        ;
;  KEY[1]      ; CLOCK_50   ; -2.831 ; -2.831 ; Rise       ; CLOCK_50        ;
; SRAM_DQ[*]   ; CLOCK_50   ; -3.698 ; -3.698 ; Rise       ; CLOCK_50        ;
;  SRAM_DQ[0]  ; CLOCK_50   ; -4.302 ; -4.302 ; Rise       ; CLOCK_50        ;
;  SRAM_DQ[1]  ; CLOCK_50   ; -4.358 ; -4.358 ; Rise       ; CLOCK_50        ;
;  SRAM_DQ[2]  ; CLOCK_50   ; -4.290 ; -4.290 ; Rise       ; CLOCK_50        ;
;  SRAM_DQ[3]  ; CLOCK_50   ; -4.086 ; -4.086 ; Rise       ; CLOCK_50        ;
;  SRAM_DQ[4]  ; CLOCK_50   ; -3.774 ; -3.774 ; Rise       ; CLOCK_50        ;
;  SRAM_DQ[5]  ; CLOCK_50   ; -3.698 ; -3.698 ; Rise       ; CLOCK_50        ;
;  SRAM_DQ[6]  ; CLOCK_50   ; -3.712 ; -3.712 ; Rise       ; CLOCK_50        ;
;  SRAM_DQ[7]  ; CLOCK_50   ; -4.122 ; -4.122 ; Rise       ; CLOCK_50        ;
;  SRAM_DQ[8]  ; CLOCK_50   ; -3.983 ; -3.983 ; Rise       ; CLOCK_50        ;
;  SRAM_DQ[9]  ; CLOCK_50   ; -3.758 ; -3.758 ; Rise       ; CLOCK_50        ;
;  SRAM_DQ[10] ; CLOCK_50   ; -4.348 ; -4.348 ; Rise       ; CLOCK_50        ;
;  SRAM_DQ[11] ; CLOCK_50   ; -4.080 ; -4.080 ; Rise       ; CLOCK_50        ;
;  SRAM_DQ[12] ; CLOCK_50   ; -4.117 ; -4.117 ; Rise       ; CLOCK_50        ;
;  SRAM_DQ[13] ; CLOCK_50   ; -4.570 ; -4.570 ; Rise       ; CLOCK_50        ;
;  SRAM_DQ[14] ; CLOCK_50   ; -4.511 ; -4.511 ; Rise       ; CLOCK_50        ;
;  SRAM_DQ[15] ; CLOCK_50   ; -4.542 ; -4.542 ; Rise       ; CLOCK_50        ;
; SW[*]        ; CLOCK_50   ; -1.832 ; -1.832 ; Rise       ; CLOCK_50        ;
;  SW[2]       ; CLOCK_50   ; -3.632 ; -3.632 ; Rise       ; CLOCK_50        ;
;  SW[5]       ; CLOCK_50   ; -1.832 ; -1.832 ; Rise       ; CLOCK_50        ;
+--------------+------------+--------+--------+------------+-----------------+


+------------------------------------------------------------------------------+
; Clock to Output Times                                                        ;
+----------------+------------+--------+--------+------------+-----------------+
; Data Port      ; Clock Port ; Rise   ; Fall   ; Clock Edge ; Clock Reference ;
+----------------+------------+--------+--------+------------+-----------------+
; FL_ADDR[*]     ; CLOCK_50   ; 10.121 ; 10.121 ; Rise       ; CLOCK_50        ;
;  FL_ADDR[0]    ; CLOCK_50   ; 10.121 ; 10.121 ; Rise       ; CLOCK_50        ;
;  FL_ADDR[1]    ; CLOCK_50   ; 8.097  ; 8.097  ; Rise       ; CLOCK_50        ;
;  FL_ADDR[2]    ; CLOCK_50   ; 8.341  ; 8.341  ; Rise       ; CLOCK_50        ;
;  FL_ADDR[3]    ; CLOCK_50   ; 8.895  ; 8.895  ; Rise       ; CLOCK_50        ;
;  FL_ADDR[4]    ; CLOCK_50   ; 8.717  ; 8.717  ; Rise       ; CLOCK_50        ;
;  FL_ADDR[5]    ; CLOCK_50   ; 8.964  ; 8.964  ; Rise       ; CLOCK_50        ;
;  FL_ADDR[6]    ; CLOCK_50   ; 9.254  ; 9.254  ; Rise       ; CLOCK_50        ;
;  FL_ADDR[7]    ; CLOCK_50   ; 8.473  ; 8.473  ; Rise       ; CLOCK_50        ;
;  FL_ADDR[8]    ; CLOCK_50   ; 8.661  ; 8.661  ; Rise       ; CLOCK_50        ;
;  FL_ADDR[9]    ; CLOCK_50   ; 7.853  ; 7.853  ; Rise       ; CLOCK_50        ;
;  FL_ADDR[10]   ; CLOCK_50   ; 8.098  ; 8.098  ; Rise       ; CLOCK_50        ;
;  FL_ADDR[11]   ; CLOCK_50   ; 7.813  ; 7.813  ; Rise       ; CLOCK_50        ;
;  FL_ADDR[12]   ; CLOCK_50   ; 8.122  ; 8.122  ; Rise       ; CLOCK_50        ;
;  FL_ADDR[13]   ; CLOCK_50   ; 7.842  ; 7.842  ; Rise       ; CLOCK_50        ;
;  FL_ADDR[14]   ; CLOCK_50   ; 7.863  ; 7.863  ; Rise       ; CLOCK_50        ;
;  FL_ADDR[15]   ; CLOCK_50   ; 7.865  ; 7.865  ; Rise       ; CLOCK_50        ;
;  FL_ADDR[16]   ; CLOCK_50   ; 7.840  ; 7.840  ; Rise       ; CLOCK_50        ;
;  FL_ADDR[17]   ; CLOCK_50   ; 8.118  ; 8.118  ; Rise       ; CLOCK_50        ;
;  FL_ADDR[18]   ; CLOCK_50   ; 8.369  ; 8.369  ; Rise       ; CLOCK_50        ;
;  FL_ADDR[19]   ; CLOCK_50   ; 8.353  ; 8.353  ; Rise       ; CLOCK_50        ;
;  FL_ADDR[20]   ; CLOCK_50   ; 8.072  ; 8.072  ; Rise       ; CLOCK_50        ;
;  FL_ADDR[21]   ; CLOCK_50   ; 8.635  ; 8.635  ; Rise       ; CLOCK_50        ;
; HEX0[*]        ; CLOCK_50   ; 33.034 ; 33.034 ; Rise       ; CLOCK_50        ;
;  HEX0[0]       ; CLOCK_50   ; 32.919 ; 32.919 ; Rise       ; CLOCK_50        ;
;  HEX0[1]       ; CLOCK_50   ; 32.642 ; 32.642 ; Rise       ; CLOCK_50        ;
;  HEX0[2]       ; CLOCK_50   ; 32.980 ; 32.980 ; Rise       ; CLOCK_50        ;
;  HEX0[3]       ; CLOCK_50   ; 32.965 ; 32.965 ; Rise       ; CLOCK_50        ;
;  HEX0[4]       ; CLOCK_50   ; 33.028 ; 33.028 ; Rise       ; CLOCK_50        ;
;  HEX0[5]       ; CLOCK_50   ; 33.034 ; 33.034 ; Rise       ; CLOCK_50        ;
;  HEX0[6]       ; CLOCK_50   ; 32.989 ; 32.989 ; Rise       ; CLOCK_50        ;
; HEX1[*]        ; CLOCK_50   ; 32.080 ; 32.080 ; Rise       ; CLOCK_50        ;
;  HEX1[0]       ; CLOCK_50   ; 32.078 ; 32.078 ; Rise       ; CLOCK_50        ;
;  HEX1[1]       ; CLOCK_50   ; 31.702 ; 31.702 ; Rise       ; CLOCK_50        ;
;  HEX1[2]       ; CLOCK_50   ; 31.706 ; 31.706 ; Rise       ; CLOCK_50        ;
;  HEX1[3]       ; CLOCK_50   ; 31.706 ; 31.706 ; Rise       ; CLOCK_50        ;
;  HEX1[4]       ; CLOCK_50   ; 31.715 ; 31.715 ; Rise       ; CLOCK_50        ;
;  HEX1[5]       ; CLOCK_50   ; 32.080 ; 32.080 ; Rise       ; CLOCK_50        ;
;  HEX1[6]       ; CLOCK_50   ; 31.965 ; 31.965 ; Rise       ; CLOCK_50        ;
; HEX2[*]        ; CLOCK_50   ; 32.094 ; 32.094 ; Rise       ; CLOCK_50        ;
;  HEX2[0]       ; CLOCK_50   ; 31.747 ; 31.747 ; Rise       ; CLOCK_50        ;
;  HEX2[1]       ; CLOCK_50   ; 31.745 ; 31.745 ; Rise       ; CLOCK_50        ;
;  HEX2[2]       ; CLOCK_50   ; 31.786 ; 31.786 ; Rise       ; CLOCK_50        ;
;  HEX2[3]       ; CLOCK_50   ; 31.814 ; 31.814 ; Rise       ; CLOCK_50        ;
;  HEX2[4]       ; CLOCK_50   ; 31.774 ; 31.774 ; Rise       ; CLOCK_50        ;
;  HEX2[5]       ; CLOCK_50   ; 31.780 ; 31.780 ; Rise       ; CLOCK_50        ;
;  HEX2[6]       ; CLOCK_50   ; 32.094 ; 32.094 ; Rise       ; CLOCK_50        ;
; HEX3[*]        ; CLOCK_50   ; 31.074 ; 31.074 ; Rise       ; CLOCK_50        ;
;  HEX3[0]       ; CLOCK_50   ; 30.877 ; 30.877 ; Rise       ; CLOCK_50        ;
;  HEX3[1]       ; CLOCK_50   ; 31.074 ; 31.074 ; Rise       ; CLOCK_50        ;
;  HEX3[2]       ; CLOCK_50   ; 31.061 ; 31.061 ; Rise       ; CLOCK_50        ;
;  HEX3[3]       ; CLOCK_50   ; 30.495 ; 30.495 ; Rise       ; CLOCK_50        ;
;  HEX3[4]       ; CLOCK_50   ; 30.517 ; 30.517 ; Rise       ; CLOCK_50        ;
;  HEX3[5]       ; CLOCK_50   ; 30.859 ; 30.859 ; Rise       ; CLOCK_50        ;
;  HEX3[6]       ; CLOCK_50   ; 30.939 ; 30.939 ; Rise       ; CLOCK_50        ;
; LEDG[*]        ; CLOCK_50   ; 9.866  ; 9.866  ; Rise       ; CLOCK_50        ;
;  LEDG[1]       ; CLOCK_50   ; 9.866  ; 9.866  ; Rise       ; CLOCK_50        ;
;  LEDG[2]       ; CLOCK_50   ; 8.669  ; 8.669  ; Rise       ; CLOCK_50        ;
;  LEDG[3]       ; CLOCK_50   ; 9.402  ; 9.402  ; Rise       ; CLOCK_50        ;
;  LEDG[4]       ; CLOCK_50   ; 8.706  ; 8.706  ; Rise       ; CLOCK_50        ;
;  LEDG[5]       ; CLOCK_50   ; 9.510  ; 9.510  ; Rise       ; CLOCK_50        ;
;  LEDG[6]       ; CLOCK_50   ; 8.463  ; 8.463  ; Rise       ; CLOCK_50        ;
;  LEDG[7]       ; CLOCK_50   ; 8.189  ; 8.189  ; Rise       ; CLOCK_50        ;
; LEDR[*]        ; CLOCK_50   ; 9.444  ; 9.444  ; Rise       ; CLOCK_50        ;
;  LEDR[0]       ; CLOCK_50   ; 8.823  ; 8.823  ; Rise       ; CLOCK_50        ;
;  LEDR[1]       ; CLOCK_50   ; 8.516  ; 8.516  ; Rise       ; CLOCK_50        ;
;  LEDR[2]       ; CLOCK_50   ; 9.246  ; 9.246  ; Rise       ; CLOCK_50        ;
;  LEDR[3]       ; CLOCK_50   ; 8.680  ; 8.680  ; Rise       ; CLOCK_50        ;
;  LEDR[4]       ; CLOCK_50   ; 9.444  ; 9.444  ; Rise       ; CLOCK_50        ;
;  LEDR[5]       ; CLOCK_50   ; 9.356  ; 9.356  ; Rise       ; CLOCK_50        ;
;  LEDR[6]       ; CLOCK_50   ; 9.285  ; 9.285  ; Rise       ; CLOCK_50        ;
;  LEDR[7]       ; CLOCK_50   ; 8.958  ; 8.958  ; Rise       ; CLOCK_50        ;
;  LEDR[8]       ; CLOCK_50   ; 8.639  ; 8.639  ; Rise       ; CLOCK_50        ;
;  LEDR[9]       ; CLOCK_50   ; 8.601  ; 8.601  ; Rise       ; CLOCK_50        ;
; SRAM_ADDR[*]   ; CLOCK_50   ; 8.689  ; 8.689  ; Rise       ; CLOCK_50        ;
;  SRAM_ADDR[0]  ; CLOCK_50   ; 8.689  ; 8.689  ; Rise       ; CLOCK_50        ;
;  SRAM_ADDR[1]  ; CLOCK_50   ; 7.766  ; 7.766  ; Rise       ; CLOCK_50        ;
;  SRAM_ADDR[2]  ; CLOCK_50   ; 8.393  ; 8.393  ; Rise       ; CLOCK_50        ;
;  SRAM_ADDR[3]  ; CLOCK_50   ; 8.370  ; 8.370  ; Rise       ; CLOCK_50        ;
;  SRAM_ADDR[4]  ; CLOCK_50   ; 8.370  ; 8.370  ; Rise       ; CLOCK_50        ;
;  SRAM_ADDR[5]  ; CLOCK_50   ; 6.964  ; 6.964  ; Rise       ; CLOCK_50        ;
;  SRAM_ADDR[6]  ; CLOCK_50   ; 7.266  ; 7.266  ; Rise       ; CLOCK_50        ;
;  SRAM_ADDR[7]  ; CLOCK_50   ; 7.251  ; 7.251  ; Rise       ; CLOCK_50        ;
;  SRAM_ADDR[8]  ; CLOCK_50   ; 6.938  ; 6.938  ; Rise       ; CLOCK_50        ;
;  SRAM_ADDR[9]  ; CLOCK_50   ; 6.920  ; 6.920  ; Rise       ; CLOCK_50        ;
;  SRAM_ADDR[10] ; CLOCK_50   ; 6.901  ; 6.901  ; Rise       ; CLOCK_50        ;
;  SRAM_ADDR[11] ; CLOCK_50   ; 7.270  ; 7.270  ; Rise       ; CLOCK_50        ;
;  SRAM_ADDR[12] ; CLOCK_50   ; 7.247  ; 7.247  ; Rise       ; CLOCK_50        ;
;  SRAM_ADDR[13] ; CLOCK_50   ; 7.511  ; 7.511  ; Rise       ; CLOCK_50        ;
;  SRAM_ADDR[14] ; CLOCK_50   ; 7.583  ; 7.583  ; Rise       ; CLOCK_50        ;
;  SRAM_ADDR[15] ; CLOCK_50   ; 8.050  ; 8.050  ; Rise       ; CLOCK_50        ;
;  SRAM_ADDR[16] ; CLOCK_50   ; 8.333  ; 8.333  ; Rise       ; CLOCK_50        ;
;  SRAM_ADDR[17] ; CLOCK_50   ; 8.353  ; 8.353  ; Rise       ; CLOCK_50        ;
; SRAM_DQ[*]     ; CLOCK_50   ; 8.152  ; 8.152  ; Rise       ; CLOCK_50        ;
;  SRAM_DQ[0]    ; CLOCK_50   ; 7.821  ; 7.821  ; Rise       ; CLOCK_50        ;
;  SRAM_DQ[1]    ; CLOCK_50   ; 8.140  ; 8.140  ; Rise       ; CLOCK_50        ;
;  SRAM_DQ[2]    ; CLOCK_50   ; 7.909  ; 7.909  ; Rise       ; CLOCK_50        ;
;  SRAM_DQ[3]    ; CLOCK_50   ; 7.876  ; 7.876  ; Rise       ; CLOCK_50        ;
;  SRAM_DQ[4]    ; CLOCK_50   ; 7.263  ; 7.263  ; Rise       ; CLOCK_50        ;
;  SRAM_DQ[5]    ; CLOCK_50   ; 7.554  ; 7.554  ; Rise       ; CLOCK_50        ;
;  SRAM_DQ[6]    ; CLOCK_50   ; 6.959  ; 6.959  ; Rise       ; CLOCK_50        ;
;  SRAM_DQ[7]    ; CLOCK_50   ; 7.278  ; 7.278  ; Rise       ; CLOCK_50        ;
;  SRAM_DQ[8]    ; CLOCK_50   ; 7.523  ; 7.523  ; Rise       ; CLOCK_50        ;
;  SRAM_DQ[9]    ; CLOCK_50   ; 7.844  ; 7.844  ; Rise       ; CLOCK_50        ;
;  SRAM_DQ[10]   ; CLOCK_50   ; 7.806  ; 7.806  ; Rise       ; CLOCK_50        ;
;  SRAM_DQ[11]   ; CLOCK_50   ; 7.837  ; 7.837  ; Rise       ; CLOCK_50        ;
;  SRAM_DQ[12]   ; CLOCK_50   ; 7.605  ; 7.605  ; Rise       ; CLOCK_50        ;
;  SRAM_DQ[13]   ; CLOCK_50   ; 7.860  ; 7.860  ; Rise       ; CLOCK_50        ;
;  SRAM_DQ[14]   ; CLOCK_50   ; 7.797  ; 7.797  ; Rise       ; CLOCK_50        ;
;  SRAM_DQ[15]   ; CLOCK_50   ; 8.152  ; 8.152  ; Rise       ; CLOCK_50        ;
; SRAM_LB_N      ; CLOCK_50   ; 8.170  ; 8.170  ; Rise       ; CLOCK_50        ;
; SRAM_OE_N      ; CLOCK_50   ; 8.419  ; 8.419  ; Rise       ; CLOCK_50        ;
; SRAM_UB_N      ; CLOCK_50   ; 8.141  ; 8.141  ; Rise       ; CLOCK_50        ;
; SRAM_WE_N      ; CLOCK_50   ; 7.547  ; 7.547  ; Rise       ; CLOCK_50        ;
; VGA_B[*]       ; CLOCK_50   ; 23.672 ; 23.672 ; Rise       ; CLOCK_50        ;
;  VGA_B[0]      ; CLOCK_50   ; 22.801 ; 22.801 ; Rise       ; CLOCK_50        ;
;  VGA_B[1]      ; CLOCK_50   ; 23.672 ; 23.672 ; Rise       ; CLOCK_50        ;
;  VGA_B[2]      ; CLOCK_50   ; 22.960 ; 22.960 ; Rise       ; CLOCK_50        ;
;  VGA_B[3]      ; CLOCK_50   ; 23.413 ; 23.413 ; Rise       ; CLOCK_50        ;
; VGA_G[*]       ; CLOCK_50   ; 25.399 ; 25.399 ; Rise       ; CLOCK_50        ;
;  VGA_G[0]      ; CLOCK_50   ; 23.509 ; 23.509 ; Rise       ; CLOCK_50        ;
;  VGA_G[1]      ; CLOCK_50   ; 23.713 ; 23.713 ; Rise       ; CLOCK_50        ;
;  VGA_G[2]      ; CLOCK_50   ; 23.674 ; 23.674 ; Rise       ; CLOCK_50        ;
;  VGA_G[3]      ; CLOCK_50   ; 25.399 ; 25.399 ; Rise       ; CLOCK_50        ;
; VGA_HS         ; CLOCK_50   ; 12.217 ; 12.217 ; Rise       ; CLOCK_50        ;
; VGA_R[*]       ; CLOCK_50   ; 25.368 ; 25.368 ; Rise       ; CLOCK_50        ;
;  VGA_R[0]      ; CLOCK_50   ; 24.142 ; 24.142 ; Rise       ; CLOCK_50        ;
;  VGA_R[1]      ; CLOCK_50   ; 25.368 ; 25.368 ; Rise       ; CLOCK_50        ;
;  VGA_R[2]      ; CLOCK_50   ; 24.478 ; 24.478 ; Rise       ; CLOCK_50        ;
;  VGA_R[3]      ; CLOCK_50   ; 24.333 ; 24.333 ; Rise       ; CLOCK_50        ;
; VGA_VS         ; CLOCK_50   ; 11.405 ; 11.405 ; Rise       ; CLOCK_50        ;
+----------------+------------+--------+--------+------------+-----------------+


+------------------------------------------------------------------------------+
; Minimum Clock to Output Times                                                ;
+----------------+------------+--------+--------+------------+-----------------+
; Data Port      ; Clock Port ; Rise   ; Fall   ; Clock Edge ; Clock Reference ;
+----------------+------------+--------+--------+------------+-----------------+
; FL_ADDR[*]     ; CLOCK_50   ; 7.813  ; 7.813  ; Rise       ; CLOCK_50        ;
;  FL_ADDR[0]    ; CLOCK_50   ; 10.121 ; 10.121 ; Rise       ; CLOCK_50        ;
;  FL_ADDR[1]    ; CLOCK_50   ; 8.097  ; 8.097  ; Rise       ; CLOCK_50        ;
;  FL_ADDR[2]    ; CLOCK_50   ; 8.341  ; 8.341  ; Rise       ; CLOCK_50        ;
;  FL_ADDR[3]    ; CLOCK_50   ; 8.895  ; 8.895  ; Rise       ; CLOCK_50        ;
;  FL_ADDR[4]    ; CLOCK_50   ; 8.717  ; 8.717  ; Rise       ; CLOCK_50        ;
;  FL_ADDR[5]    ; CLOCK_50   ; 8.964  ; 8.964  ; Rise       ; CLOCK_50        ;
;  FL_ADDR[6]    ; CLOCK_50   ; 9.254  ; 9.254  ; Rise       ; CLOCK_50        ;
;  FL_ADDR[7]    ; CLOCK_50   ; 8.473  ; 8.473  ; Rise       ; CLOCK_50        ;
;  FL_ADDR[8]    ; CLOCK_50   ; 8.661  ; 8.661  ; Rise       ; CLOCK_50        ;
;  FL_ADDR[9]    ; CLOCK_50   ; 7.853  ; 7.853  ; Rise       ; CLOCK_50        ;
;  FL_ADDR[10]   ; CLOCK_50   ; 8.098  ; 8.098  ; Rise       ; CLOCK_50        ;
;  FL_ADDR[11]   ; CLOCK_50   ; 7.813  ; 7.813  ; Rise       ; CLOCK_50        ;
;  FL_ADDR[12]   ; CLOCK_50   ; 8.122  ; 8.122  ; Rise       ; CLOCK_50        ;
;  FL_ADDR[13]   ; CLOCK_50   ; 7.842  ; 7.842  ; Rise       ; CLOCK_50        ;
;  FL_ADDR[14]   ; CLOCK_50   ; 7.863  ; 7.863  ; Rise       ; CLOCK_50        ;
;  FL_ADDR[15]   ; CLOCK_50   ; 7.865  ; 7.865  ; Rise       ; CLOCK_50        ;
;  FL_ADDR[16]   ; CLOCK_50   ; 7.840  ; 7.840  ; Rise       ; CLOCK_50        ;
;  FL_ADDR[17]   ; CLOCK_50   ; 8.118  ; 8.118  ; Rise       ; CLOCK_50        ;
;  FL_ADDR[18]   ; CLOCK_50   ; 8.369  ; 8.369  ; Rise       ; CLOCK_50        ;
;  FL_ADDR[19]   ; CLOCK_50   ; 8.353  ; 8.353  ; Rise       ; CLOCK_50        ;
;  FL_ADDR[20]   ; CLOCK_50   ; 8.072  ; 8.072  ; Rise       ; CLOCK_50        ;
;  FL_ADDR[21]   ; CLOCK_50   ; 8.635  ; 8.635  ; Rise       ; CLOCK_50        ;
; HEX0[*]        ; CLOCK_50   ; 9.403  ; 9.403  ; Rise       ; CLOCK_50        ;
;  HEX0[0]       ; CLOCK_50   ; 9.731  ; 9.731  ; Rise       ; CLOCK_50        ;
;  HEX0[1]       ; CLOCK_50   ; 9.403  ; 9.403  ; Rise       ; CLOCK_50        ;
;  HEX0[2]       ; CLOCK_50   ; 9.745  ; 9.745  ; Rise       ; CLOCK_50        ;
;  HEX0[3]       ; CLOCK_50   ; 9.746  ; 9.746  ; Rise       ; CLOCK_50        ;
;  HEX0[4]       ; CLOCK_50   ; 9.845  ; 9.845  ; Rise       ; CLOCK_50        ;
;  HEX0[5]       ; CLOCK_50   ; 9.837  ; 9.837  ; Rise       ; CLOCK_50        ;
;  HEX0[6]       ; CLOCK_50   ; 9.766  ; 9.766  ; Rise       ; CLOCK_50        ;
; HEX1[*]        ; CLOCK_50   ; 9.989  ; 9.989  ; Rise       ; CLOCK_50        ;
;  HEX1[0]       ; CLOCK_50   ; 10.365 ; 10.365 ; Rise       ; CLOCK_50        ;
;  HEX1[1]       ; CLOCK_50   ; 9.989  ; 9.989  ; Rise       ; CLOCK_50        ;
;  HEX1[2]       ; CLOCK_50   ; 9.993  ; 9.993  ; Rise       ; CLOCK_50        ;
;  HEX1[3]       ; CLOCK_50   ; 9.997  ; 9.997  ; Rise       ; CLOCK_50        ;
;  HEX1[4]       ; CLOCK_50   ; 10.005 ; 10.005 ; Rise       ; CLOCK_50        ;
;  HEX1[5]       ; CLOCK_50   ; 10.367 ; 10.367 ; Rise       ; CLOCK_50        ;
;  HEX1[6]       ; CLOCK_50   ; 10.252 ; 10.252 ; Rise       ; CLOCK_50        ;
; HEX2[*]        ; CLOCK_50   ; 9.470  ; 9.470  ; Rise       ; CLOCK_50        ;
;  HEX2[0]       ; CLOCK_50   ; 9.474  ; 9.474  ; Rise       ; CLOCK_50        ;
;  HEX2[1]       ; CLOCK_50   ; 9.470  ; 9.470  ; Rise       ; CLOCK_50        ;
;  HEX2[2]       ; CLOCK_50   ; 9.537  ; 9.537  ; Rise       ; CLOCK_50        ;
;  HEX2[3]       ; CLOCK_50   ; 9.535  ; 9.535  ; Rise       ; CLOCK_50        ;
;  HEX2[4]       ; CLOCK_50   ; 9.496  ; 9.496  ; Rise       ; CLOCK_50        ;
;  HEX2[5]       ; CLOCK_50   ; 9.502  ; 9.502  ; Rise       ; CLOCK_50        ;
;  HEX2[6]       ; CLOCK_50   ; 9.814  ; 9.814  ; Rise       ; CLOCK_50        ;
; HEX3[*]        ; CLOCK_50   ; 10.036 ; 10.036 ; Rise       ; CLOCK_50        ;
;  HEX3[0]       ; CLOCK_50   ; 10.401 ; 10.401 ; Rise       ; CLOCK_50        ;
;  HEX3[1]       ; CLOCK_50   ; 10.602 ; 10.602 ; Rise       ; CLOCK_50        ;
;  HEX3[2]       ; CLOCK_50   ; 10.617 ; 10.617 ; Rise       ; CLOCK_50        ;
;  HEX3[3]       ; CLOCK_50   ; 10.036 ; 10.036 ; Rise       ; CLOCK_50        ;
;  HEX3[4]       ; CLOCK_50   ; 10.040 ; 10.040 ; Rise       ; CLOCK_50        ;
;  HEX3[5]       ; CLOCK_50   ; 10.397 ; 10.397 ; Rise       ; CLOCK_50        ;
;  HEX3[6]       ; CLOCK_50   ; 10.467 ; 10.467 ; Rise       ; CLOCK_50        ;
; LEDG[*]        ; CLOCK_50   ; 8.189  ; 8.189  ; Rise       ; CLOCK_50        ;
;  LEDG[1]       ; CLOCK_50   ; 9.866  ; 9.866  ; Rise       ; CLOCK_50        ;
;  LEDG[2]       ; CLOCK_50   ; 8.669  ; 8.669  ; Rise       ; CLOCK_50        ;
;  LEDG[3]       ; CLOCK_50   ; 9.402  ; 9.402  ; Rise       ; CLOCK_50        ;
;  LEDG[4]       ; CLOCK_50   ; 8.706  ; 8.706  ; Rise       ; CLOCK_50        ;
;  LEDG[5]       ; CLOCK_50   ; 9.510  ; 9.510  ; Rise       ; CLOCK_50        ;
;  LEDG[6]       ; CLOCK_50   ; 8.463  ; 8.463  ; Rise       ; CLOCK_50        ;
;  LEDG[7]       ; CLOCK_50   ; 8.189  ; 8.189  ; Rise       ; CLOCK_50        ;
; LEDR[*]        ; CLOCK_50   ; 8.516  ; 8.516  ; Rise       ; CLOCK_50        ;
;  LEDR[0]       ; CLOCK_50   ; 8.823  ; 8.823  ; Rise       ; CLOCK_50        ;
;  LEDR[1]       ; CLOCK_50   ; 8.516  ; 8.516  ; Rise       ; CLOCK_50        ;
;  LEDR[2]       ; CLOCK_50   ; 9.246  ; 9.246  ; Rise       ; CLOCK_50        ;
;  LEDR[3]       ; CLOCK_50   ; 8.680  ; 8.680  ; Rise       ; CLOCK_50        ;
;  LEDR[4]       ; CLOCK_50   ; 9.444  ; 9.444  ; Rise       ; CLOCK_50        ;
;  LEDR[5]       ; CLOCK_50   ; 9.356  ; 9.356  ; Rise       ; CLOCK_50        ;
;  LEDR[6]       ; CLOCK_50   ; 9.285  ; 9.285  ; Rise       ; CLOCK_50        ;
;  LEDR[7]       ; CLOCK_50   ; 8.958  ; 8.958  ; Rise       ; CLOCK_50        ;
;  LEDR[8]       ; CLOCK_50   ; 8.639  ; 8.639  ; Rise       ; CLOCK_50        ;
;  LEDR[9]       ; CLOCK_50   ; 8.601  ; 8.601  ; Rise       ; CLOCK_50        ;
; SRAM_ADDR[*]   ; CLOCK_50   ; 6.901  ; 6.901  ; Rise       ; CLOCK_50        ;
;  SRAM_ADDR[0]  ; CLOCK_50   ; 8.689  ; 8.689  ; Rise       ; CLOCK_50        ;
;  SRAM_ADDR[1]  ; CLOCK_50   ; 7.766  ; 7.766  ; Rise       ; CLOCK_50        ;
;  SRAM_ADDR[2]  ; CLOCK_50   ; 8.393  ; 8.393  ; Rise       ; CLOCK_50        ;
;  SRAM_ADDR[3]  ; CLOCK_50   ; 8.370  ; 8.370  ; Rise       ; CLOCK_50        ;
;  SRAM_ADDR[4]  ; CLOCK_50   ; 8.370  ; 8.370  ; Rise       ; CLOCK_50        ;
;  SRAM_ADDR[5]  ; CLOCK_50   ; 6.964  ; 6.964  ; Rise       ; CLOCK_50        ;
;  SRAM_ADDR[6]  ; CLOCK_50   ; 7.266  ; 7.266  ; Rise       ; CLOCK_50        ;
;  SRAM_ADDR[7]  ; CLOCK_50   ; 7.251  ; 7.251  ; Rise       ; CLOCK_50        ;
;  SRAM_ADDR[8]  ; CLOCK_50   ; 6.938  ; 6.938  ; Rise       ; CLOCK_50        ;
;  SRAM_ADDR[9]  ; CLOCK_50   ; 6.920  ; 6.920  ; Rise       ; CLOCK_50        ;
;  SRAM_ADDR[10] ; CLOCK_50   ; 6.901  ; 6.901  ; Rise       ; CLOCK_50        ;
;  SRAM_ADDR[11] ; CLOCK_50   ; 7.270  ; 7.270  ; Rise       ; CLOCK_50        ;
;  SRAM_ADDR[12] ; CLOCK_50   ; 7.247  ; 7.247  ; Rise       ; CLOCK_50        ;
;  SRAM_ADDR[13] ; CLOCK_50   ; 7.511  ; 7.511  ; Rise       ; CLOCK_50        ;
;  SRAM_ADDR[14] ; CLOCK_50   ; 7.583  ; 7.583  ; Rise       ; CLOCK_50        ;
;  SRAM_ADDR[15] ; CLOCK_50   ; 8.050  ; 8.050  ; Rise       ; CLOCK_50        ;
;  SRAM_ADDR[16] ; CLOCK_50   ; 8.333  ; 8.333  ; Rise       ; CLOCK_50        ;
;  SRAM_ADDR[17] ; CLOCK_50   ; 8.353  ; 8.353  ; Rise       ; CLOCK_50        ;
; SRAM_DQ[*]     ; CLOCK_50   ; 6.959  ; 6.959  ; Rise       ; CLOCK_50        ;
;  SRAM_DQ[0]    ; CLOCK_50   ; 7.821  ; 7.821  ; Rise       ; CLOCK_50        ;
;  SRAM_DQ[1]    ; CLOCK_50   ; 8.140  ; 8.140  ; Rise       ; CLOCK_50        ;
;  SRAM_DQ[2]    ; CLOCK_50   ; 7.909  ; 7.909  ; Rise       ; CLOCK_50        ;
;  SRAM_DQ[3]    ; CLOCK_50   ; 7.876  ; 7.876  ; Rise       ; CLOCK_50        ;
;  SRAM_DQ[4]    ; CLOCK_50   ; 7.263  ; 7.263  ; Rise       ; CLOCK_50        ;
;  SRAM_DQ[5]    ; CLOCK_50   ; 7.554  ; 7.554  ; Rise       ; CLOCK_50        ;
;  SRAM_DQ[6]    ; CLOCK_50   ; 6.959  ; 6.959  ; Rise       ; CLOCK_50        ;
;  SRAM_DQ[7]    ; CLOCK_50   ; 7.278  ; 7.278  ; Rise       ; CLOCK_50        ;
;  SRAM_DQ[8]    ; CLOCK_50   ; 7.523  ; 7.523  ; Rise       ; CLOCK_50        ;
;  SRAM_DQ[9]    ; CLOCK_50   ; 7.844  ; 7.844  ; Rise       ; CLOCK_50        ;
;  SRAM_DQ[10]   ; CLOCK_50   ; 7.806  ; 7.806  ; Rise       ; CLOCK_50        ;
;  SRAM_DQ[11]   ; CLOCK_50   ; 7.837  ; 7.837  ; Rise       ; CLOCK_50        ;
;  SRAM_DQ[12]   ; CLOCK_50   ; 7.605  ; 7.605  ; Rise       ; CLOCK_50        ;
;  SRAM_DQ[13]   ; CLOCK_50   ; 7.860  ; 7.860  ; Rise       ; CLOCK_50        ;
;  SRAM_DQ[14]   ; CLOCK_50   ; 7.797  ; 7.797  ; Rise       ; CLOCK_50        ;
;  SRAM_DQ[15]   ; CLOCK_50   ; 8.152  ; 8.152  ; Rise       ; CLOCK_50        ;
; SRAM_LB_N      ; CLOCK_50   ; 8.170  ; 8.170  ; Rise       ; CLOCK_50        ;
; SRAM_OE_N      ; CLOCK_50   ; 8.419  ; 8.419  ; Rise       ; CLOCK_50        ;
; SRAM_UB_N      ; CLOCK_50   ; 8.141  ; 8.141  ; Rise       ; CLOCK_50        ;
; SRAM_WE_N      ; CLOCK_50   ; 7.547  ; 7.547  ; Rise       ; CLOCK_50        ;
; VGA_B[*]       ; CLOCK_50   ; 8.701  ; 8.701  ; Rise       ; CLOCK_50        ;
;  VGA_B[0]      ; CLOCK_50   ; 9.234  ; 9.234  ; Rise       ; CLOCK_50        ;
;  VGA_B[1]      ; CLOCK_50   ; 9.053  ; 9.053  ; Rise       ; CLOCK_50        ;
;  VGA_B[2]      ; CLOCK_50   ; 8.701  ; 8.701  ; Rise       ; CLOCK_50        ;
;  VGA_B[3]      ; CLOCK_50   ; 9.271  ; 9.271  ; Rise       ; CLOCK_50        ;
; VGA_G[*]       ; CLOCK_50   ; 9.405  ; 9.405  ; Rise       ; CLOCK_50        ;
;  VGA_G[0]      ; CLOCK_50   ; 9.565  ; 9.565  ; Rise       ; CLOCK_50        ;
;  VGA_G[1]      ; CLOCK_50   ; 9.405  ; 9.405  ; Rise       ; CLOCK_50        ;
;  VGA_G[2]      ; CLOCK_50   ; 9.432  ; 9.432  ; Rise       ; CLOCK_50        ;
;  VGA_G[3]      ; CLOCK_50   ; 10.300 ; 10.300 ; Rise       ; CLOCK_50        ;
; VGA_HS         ; CLOCK_50   ; 8.615  ; 8.615  ; Rise       ; CLOCK_50        ;
; VGA_R[*]       ; CLOCK_50   ; 9.781  ; 9.781  ; Rise       ; CLOCK_50        ;
;  VGA_R[0]      ; CLOCK_50   ; 9.945  ; 9.945  ; Rise       ; CLOCK_50        ;
;  VGA_R[1]      ; CLOCK_50   ; 10.224 ; 10.224 ; Rise       ; CLOCK_50        ;
;  VGA_R[2]      ; CLOCK_50   ; 9.786  ; 9.786  ; Rise       ; CLOCK_50        ;
;  VGA_R[3]      ; CLOCK_50   ; 9.781  ; 9.781  ; Rise       ; CLOCK_50        ;
; VGA_VS         ; CLOCK_50   ; 8.702  ; 8.702  ; Rise       ; CLOCK_50        ;
+----------------+------------+--------+--------+------------+-----------------+


+--------------------------------------------------------------+
; Propagation Delay                                            ;
+------------+-------------+--------+--------+--------+--------+
; Input Port ; Output Port ; RR     ; RF     ; FR     ; FF     ;
+------------+-------------+--------+--------+--------+--------+
; SW[0]      ; VGA_B[0]    ; 7.784  ; 7.784  ; 7.784  ; 7.784  ;
; SW[0]      ; VGA_B[1]    ; 7.679  ; 7.679  ; 7.679  ; 7.679  ;
; SW[0]      ; VGA_B[2]    ; 7.667  ; 7.667  ; 7.667  ; 7.667  ;
; SW[0]      ; VGA_B[3]    ; 7.653  ; 7.653  ; 7.653  ; 7.653  ;
; SW[0]      ; VGA_G[0]    ; 8.067  ; 8.067  ; 8.067  ; 8.067  ;
; SW[0]      ; VGA_G[1]    ; 7.953  ; 7.953  ; 7.953  ; 7.953  ;
; SW[0]      ; VGA_G[2]    ; 7.972  ; 7.972  ; 7.972  ; 7.972  ;
; SW[0]      ; VGA_G[3]    ; 8.077  ; 8.077  ; 8.077  ; 8.077  ;
; SW[0]      ; VGA_R[0]    ; 8.032  ; 8.032  ; 8.032  ; 8.032  ;
; SW[0]      ; VGA_R[1]    ; 8.527  ; 8.527  ; 8.527  ; 8.527  ;
; SW[0]      ; VGA_R[2]    ; 8.254  ; 8.254  ; 8.254  ; 8.254  ;
; SW[0]      ; VGA_R[3]    ; 8.224  ; 8.224  ; 8.224  ; 8.224  ;
; SW[6]      ; HEX0[0]     ; 22.376 ; 22.376 ; 22.376 ; 22.376 ;
; SW[6]      ; HEX0[1]     ; 22.099 ; 22.099 ; 22.099 ; 22.099 ;
; SW[6]      ; HEX0[2]     ; 22.437 ; 22.437 ; 22.437 ; 22.437 ;
; SW[6]      ; HEX0[3]     ; 22.422 ; 22.422 ; 22.422 ; 22.422 ;
; SW[6]      ; HEX0[4]     ; 22.485 ; 22.485 ; 22.485 ; 22.485 ;
; SW[6]      ; HEX0[5]     ; 22.491 ; 22.491 ; 22.491 ; 22.491 ;
; SW[6]      ; HEX0[6]     ; 22.446 ; 22.446 ; 22.446 ; 22.446 ;
; SW[6]      ; HEX1[0]     ; 21.745 ; 21.745 ; 21.745 ; 21.745 ;
; SW[6]      ; HEX1[1]     ; 21.369 ; 21.369 ; 21.369 ; 21.369 ;
; SW[6]      ; HEX1[2]     ; 21.373 ; 21.373 ; 21.373 ; 21.373 ;
; SW[6]      ; HEX1[3]     ; 21.372 ; 21.372 ; 21.372 ; 21.372 ;
; SW[6]      ; HEX1[4]     ; 21.380 ; 21.380 ; 21.380 ; 21.380 ;
; SW[6]      ; HEX1[5]     ; 21.747 ; 21.747 ; 21.747 ; 21.747 ;
; SW[6]      ; HEX1[6]     ; 21.632 ; 21.632 ; 21.632 ; 21.632 ;
; SW[6]      ; HEX2[0]     ; 20.101 ; 20.101 ; 20.101 ; 20.101 ;
; SW[6]      ; HEX2[1]     ; 20.099 ; 20.099 ; 20.099 ; 20.099 ;
; SW[6]      ; HEX2[2]     ; 20.140 ; 20.140 ; 20.140 ; 20.140 ;
; SW[6]      ; HEX2[3]     ; 20.168 ; 20.168 ; 20.168 ; 20.168 ;
; SW[6]      ; HEX2[4]     ; 20.128 ; 20.128 ; 20.128 ; 20.128 ;
; SW[6]      ; HEX2[5]     ; 20.134 ; 20.134 ; 20.134 ; 20.134 ;
; SW[6]      ; HEX2[6]     ; 20.448 ; 20.448 ; 20.448 ; 20.448 ;
; SW[6]      ; HEX3[0]     ; 17.361 ; 17.361 ; 17.361 ; 17.361 ;
; SW[6]      ; HEX3[1]     ; 17.562 ; 17.562 ; 17.562 ; 17.562 ;
; SW[6]      ; HEX3[2]     ; 17.577 ; 17.577 ; 17.577 ; 17.577 ;
; SW[6]      ; HEX3[3]     ; 16.996 ; 16.996 ; 16.996 ; 16.996 ;
; SW[6]      ; HEX3[4]     ; 17.000 ; 17.000 ; 17.000 ; 17.000 ;
; SW[6]      ; HEX3[5]     ; 17.357 ; 17.357 ; 17.357 ; 17.357 ;
; SW[6]      ; HEX3[6]     ; 17.427 ; 17.427 ; 17.427 ; 17.427 ;
; SW[7]      ; HEX0[0]     ; 21.911 ; 21.911 ; 21.911 ; 21.911 ;
; SW[7]      ; HEX0[1]     ; 21.634 ; 21.634 ; 21.634 ; 21.634 ;
; SW[7]      ; HEX0[2]     ; 21.972 ; 21.972 ; 21.972 ; 21.972 ;
; SW[7]      ; HEX0[3]     ; 21.957 ; 21.957 ; 21.957 ; 21.957 ;
; SW[7]      ; HEX0[4]     ; 22.020 ; 22.020 ; 22.020 ; 22.020 ;
; SW[7]      ; HEX0[5]     ; 22.026 ; 22.026 ; 22.026 ; 22.026 ;
; SW[7]      ; HEX0[6]     ; 21.981 ; 21.981 ; 21.981 ; 21.981 ;
; SW[7]      ; HEX1[0]     ; 21.280 ; 21.280 ; 21.280 ; 21.280 ;
; SW[7]      ; HEX1[1]     ; 20.904 ; 20.904 ; 20.904 ; 20.904 ;
; SW[7]      ; HEX1[2]     ; 20.908 ; 20.908 ; 20.908 ; 20.908 ;
; SW[7]      ; HEX1[3]     ; 20.907 ; 20.907 ; 20.907 ; 20.907 ;
; SW[7]      ; HEX1[4]     ; 20.915 ; 20.915 ; 20.915 ; 20.915 ;
; SW[7]      ; HEX1[5]     ; 21.282 ; 21.282 ; 21.282 ; 21.282 ;
; SW[7]      ; HEX1[6]     ; 21.167 ; 21.167 ; 21.167 ; 21.167 ;
; SW[7]      ; HEX2[0]     ; 19.634 ; 19.634 ; 19.634 ; 19.634 ;
; SW[7]      ; HEX2[1]     ; 19.632 ; 19.632 ; 19.632 ; 19.632 ;
; SW[7]      ; HEX2[2]     ; 19.673 ; 19.673 ; 19.673 ; 19.673 ;
; SW[7]      ; HEX2[3]     ; 19.701 ; 19.701 ; 19.701 ; 19.701 ;
; SW[7]      ; HEX2[4]     ; 19.661 ; 19.661 ; 19.661 ; 19.661 ;
; SW[7]      ; HEX2[5]     ; 19.667 ; 19.667 ; 19.667 ; 19.667 ;
; SW[7]      ; HEX2[6]     ; 19.981 ; 19.981 ; 19.981 ; 19.981 ;
; SW[7]      ; HEX3[0]     ; 19.632 ; 19.632 ; 19.632 ; 19.632 ;
; SW[7]      ; HEX3[1]     ; 19.829 ; 19.829 ; 19.829 ; 19.829 ;
; SW[7]      ; HEX3[2]     ; 19.816 ; 19.816 ; 19.816 ; 19.816 ;
; SW[7]      ; HEX3[3]     ; 19.250 ; 19.250 ; 19.250 ; 19.250 ;
; SW[7]      ; HEX3[4]     ; 19.272 ; 19.272 ; 19.272 ; 19.272 ;
; SW[7]      ; HEX3[5]     ; 19.614 ; 19.614 ; 19.614 ; 19.614 ;
; SW[7]      ; HEX3[6]     ; 19.694 ; 19.694 ; 19.694 ; 19.694 ;
; SW[8]      ; HEX0[0]     ; 21.604 ; 21.604 ; 21.604 ; 21.604 ;
; SW[8]      ; HEX0[1]     ; 21.327 ; 21.327 ; 21.327 ; 21.327 ;
; SW[8]      ; HEX0[2]     ; 21.665 ; 21.665 ; 21.665 ; 21.665 ;
; SW[8]      ; HEX0[3]     ; 21.650 ; 21.650 ; 21.650 ; 21.650 ;
; SW[8]      ; HEX0[4]     ; 21.713 ; 21.713 ; 21.713 ; 21.713 ;
; SW[8]      ; HEX0[5]     ; 21.719 ; 21.719 ; 21.719 ; 21.719 ;
; SW[8]      ; HEX0[6]     ; 21.674 ; 21.674 ; 21.674 ; 21.674 ;
; SW[8]      ; HEX1[0]     ; 20.973 ; 20.973 ; 20.973 ; 20.973 ;
; SW[8]      ; HEX1[1]     ; 20.597 ; 20.597 ; 20.597 ; 20.597 ;
; SW[8]      ; HEX1[2]     ; 20.601 ; 20.601 ; 20.601 ; 20.601 ;
; SW[8]      ; HEX1[3]     ; 20.600 ; 20.600 ; 20.600 ; 20.600 ;
; SW[8]      ; HEX1[4]     ; 20.608 ; 20.608 ; 20.608 ; 20.608 ;
; SW[8]      ; HEX1[5]     ; 20.975 ; 20.975 ; 20.975 ; 20.975 ;
; SW[8]      ; HEX1[6]     ; 20.860 ; 20.860 ; 20.860 ; 20.860 ;
; SW[8]      ; HEX2[0]     ; 19.330 ; 19.330 ; 19.330 ; 19.330 ;
; SW[8]      ; HEX2[1]     ; 19.328 ; 19.328 ; 19.328 ; 19.328 ;
; SW[8]      ; HEX2[2]     ; 19.369 ; 19.369 ; 19.369 ; 19.369 ;
; SW[8]      ; HEX2[3]     ; 19.397 ; 19.397 ; 19.397 ; 19.397 ;
; SW[8]      ; HEX2[4]     ; 19.357 ; 19.357 ; 19.357 ; 19.357 ;
; SW[8]      ; HEX2[5]     ; 19.363 ; 19.363 ; 19.363 ; 19.363 ;
; SW[8]      ; HEX2[6]     ; 19.677 ; 19.677 ; 19.677 ; 19.677 ;
; SW[8]      ; HEX3[0]     ; 15.474 ; 15.474 ; 15.474 ; 15.474 ;
; SW[8]      ; HEX3[1]     ; 15.675 ; 15.675 ; 15.675 ; 15.675 ;
; SW[8]      ; HEX3[2]     ; 15.690 ; 15.690 ; 15.690 ; 15.690 ;
; SW[8]      ; HEX3[3]     ; 15.109 ; 15.109 ; 15.109 ; 15.109 ;
; SW[8]      ; HEX3[4]     ; 15.113 ; 15.113 ; 15.113 ; 15.113 ;
; SW[8]      ; HEX3[5]     ; 15.470 ; 15.470 ; 15.470 ; 15.470 ;
; SW[8]      ; HEX3[6]     ; 15.540 ; 15.540 ; 15.540 ; 15.540 ;
; SW[9]      ; HEX0[0]     ; 18.619 ; 18.619 ; 18.619 ; 18.619 ;
; SW[9]      ; HEX0[1]     ; 18.300 ; 18.300 ; 18.300 ; 18.300 ;
; SW[9]      ; HEX0[2]     ; 18.636 ; 18.636 ; 18.636 ; 18.636 ;
; SW[9]      ; HEX0[3]     ; 18.634 ; 18.634 ; 18.634 ; 18.634 ;
; SW[9]      ; HEX0[4]     ; 18.732 ; 18.732 ; 18.732 ; 18.732 ;
; SW[9]      ; HEX0[5]     ; 18.697 ; 18.697 ; 18.697 ; 18.697 ;
; SW[9]      ; HEX0[6]     ; 18.656 ; 18.656 ; 18.656 ; 18.656 ;
; SW[9]      ; HEX1[0]     ; 20.907 ; 20.907 ; 20.907 ; 20.907 ;
; SW[9]      ; HEX1[1]     ; 20.531 ; 20.531 ; 20.531 ; 20.531 ;
; SW[9]      ; HEX1[2]     ; 20.535 ; 20.535 ; 20.535 ; 20.535 ;
; SW[9]      ; HEX1[3]     ; 20.534 ; 20.534 ; 20.534 ; 20.534 ;
; SW[9]      ; HEX1[4]     ; 20.542 ; 20.542 ; 20.542 ; 20.542 ;
; SW[9]      ; HEX1[5]     ; 20.909 ; 20.909 ; 20.909 ; 20.909 ;
; SW[9]      ; HEX1[6]     ; 20.794 ; 20.794 ; 20.794 ; 20.794 ;
; SW[9]      ; HEX2[0]     ; 19.702 ; 19.702 ; 19.702 ; 19.702 ;
; SW[9]      ; HEX2[1]     ; 19.700 ; 19.700 ; 19.700 ; 19.700 ;
; SW[9]      ; HEX2[2]     ; 19.741 ; 19.741 ; 19.741 ; 19.741 ;
; SW[9]      ; HEX2[3]     ; 19.769 ; 19.769 ; 19.769 ; 19.769 ;
; SW[9]      ; HEX2[4]     ; 19.729 ; 19.729 ; 19.729 ; 19.729 ;
; SW[9]      ; HEX2[5]     ; 19.735 ; 19.735 ; 19.735 ; 19.735 ;
; SW[9]      ; HEX2[6]     ; 20.049 ; 20.049 ; 20.049 ; 20.049 ;
; SW[9]      ; HEX3[0]     ; 19.288 ; 19.288 ; 19.288 ; 19.288 ;
; SW[9]      ; HEX3[1]     ; 19.489 ; 19.489 ; 19.489 ; 19.489 ;
; SW[9]      ; HEX3[2]     ; 19.504 ; 19.504 ; 19.504 ; 19.504 ;
; SW[9]      ; HEX3[3]     ; 18.923 ; 18.923 ; 18.923 ; 18.923 ;
; SW[9]      ; HEX3[4]     ; 18.927 ; 18.927 ; 18.927 ; 18.927 ;
; SW[9]      ; HEX3[5]     ; 19.284 ; 19.284 ; 19.284 ; 19.284 ;
; SW[9]      ; HEX3[6]     ; 19.354 ; 19.354 ; 19.354 ; 19.354 ;
+------------+-------------+--------+--------+--------+--------+


+--------------------------------------------------------------+
; Minimum Propagation Delay                                    ;
+------------+-------------+--------+--------+--------+--------+
; Input Port ; Output Port ; RR     ; RF     ; FR     ; FF     ;
+------------+-------------+--------+--------+--------+--------+
; SW[0]      ; VGA_B[0]    ; 7.784  ; 7.784  ; 7.784  ; 7.784  ;
; SW[0]      ; VGA_B[1]    ; 7.679  ; 7.679  ; 7.679  ; 7.679  ;
; SW[0]      ; VGA_B[2]    ; 7.667  ; 7.667  ; 7.667  ; 7.667  ;
; SW[0]      ; VGA_B[3]    ; 7.653  ; 7.653  ; 7.653  ; 7.653  ;
; SW[0]      ; VGA_G[0]    ; 8.067  ; 8.067  ; 8.067  ; 8.067  ;
; SW[0]      ; VGA_G[1]    ; 7.953  ; 7.953  ; 7.953  ; 7.953  ;
; SW[0]      ; VGA_G[2]    ; 7.972  ; 7.972  ; 7.972  ; 7.972  ;
; SW[0]      ; VGA_G[3]    ; 8.077  ; 8.077  ; 8.077  ; 8.077  ;
; SW[0]      ; VGA_R[0]    ; 8.032  ; 8.032  ; 8.032  ; 8.032  ;
; SW[0]      ; VGA_R[1]    ; 8.527  ; 8.527  ; 8.527  ; 8.527  ;
; SW[0]      ; VGA_R[2]    ; 8.254  ; 8.254  ; 8.254  ; 8.254  ;
; SW[0]      ; VGA_R[3]    ; 8.224  ; 8.224  ; 8.224  ; 8.224  ;
; SW[6]      ; HEX0[0]     ; 10.791 ; 10.791 ; 10.791 ; 10.791 ;
; SW[6]      ; HEX0[1]     ; 10.463 ; 10.463 ; 10.463 ; 10.463 ;
; SW[6]      ; HEX0[2]     ; 11.226 ; 10.805 ; 10.805 ; 11.226 ;
; SW[6]      ; HEX0[3]     ; 10.806 ; 10.806 ; 10.806 ; 10.806 ;
; SW[6]      ; HEX0[4]     ; 10.905 ; 11.326 ; 11.326 ; 10.905 ;
; SW[6]      ; HEX0[5]     ; 10.897 ; 11.318 ; 11.318 ; 10.897 ;
; SW[6]      ; HEX0[6]     ; 10.826 ; 10.826 ; 10.826 ; 10.826 ;
; SW[6]      ; HEX1[0]     ; 10.540 ; 10.540 ; 10.540 ; 10.540 ;
; SW[6]      ; HEX1[1]     ; 10.164 ; 10.164 ; 10.164 ; 10.164 ;
; SW[6]      ; HEX1[2]     ; 10.168 ; 10.168 ; 10.168 ; 10.168 ;
; SW[6]      ; HEX1[3]     ; 10.167 ; 10.167 ; 10.167 ; 10.167 ;
; SW[6]      ; HEX1[4]     ; 10.175 ; 10.175 ; 10.175 ; 10.175 ;
; SW[6]      ; HEX1[5]     ; 10.542 ; 10.542 ; 10.542 ; 10.542 ;
; SW[6]      ; HEX1[6]     ; 10.427 ; 10.427 ; 10.427 ; 10.427 ;
; SW[6]      ; HEX2[0]     ; 10.502 ; 10.502 ; 10.502 ; 10.502 ;
; SW[6]      ; HEX2[1]     ; 10.509 ; 10.509 ; 10.509 ; 10.509 ;
; SW[6]      ; HEX2[2]     ; 10.568 ; 10.568 ; 10.568 ; 10.568 ;
; SW[6]      ; HEX2[3]     ; 10.572 ; 10.572 ; 10.572 ; 10.572 ;
; SW[6]      ; HEX2[4]     ; 10.524 ; 10.524 ; 10.524 ; 10.524 ;
; SW[6]      ; HEX2[5]     ; 10.530 ; 10.530 ; 10.530 ; 10.530 ;
; SW[6]      ; HEX2[6]     ; 10.853 ; 10.853 ; 10.853 ; 10.853 ;
; SW[6]      ; HEX3[0]     ; 10.667 ; 10.667 ; 10.667 ; 10.667 ;
; SW[6]      ; HEX3[1]     ; 10.869 ; 10.869 ; 10.869 ; 10.869 ;
; SW[6]      ; HEX3[2]     ; 10.881 ; 10.881 ; 10.881 ; 10.881 ;
; SW[6]      ; HEX3[3]     ; 10.289 ; 10.289 ; 10.289 ; 10.289 ;
; SW[6]      ; HEX3[4]     ; 10.307 ; 10.307 ; 10.307 ; 10.307 ;
; SW[6]      ; HEX3[5]     ; 10.647 ; 10.647 ; 10.647 ; 10.647 ;
; SW[6]      ; HEX3[6]     ; 10.729 ; 10.729 ; 10.729 ; 10.729 ;
; SW[7]      ; HEX0[0]     ; 9.564  ; 9.564  ; 9.564  ; 9.564  ;
; SW[7]      ; HEX0[1]     ; 9.256  ; 9.256  ; 9.256  ; 9.256  ;
; SW[7]      ; HEX0[2]     ; 9.594  ; 9.754  ; 9.754  ; 9.594  ;
; SW[7]      ; HEX0[3]     ; 9.579  ; 9.579  ; 9.579  ; 9.579  ;
; SW[7]      ; HEX0[4]     ; 9.928  ; 9.686  ; 9.686  ; 9.928  ;
; SW[7]      ; HEX0[5]     ; 9.686  ; 9.686  ; 9.686  ; 9.686  ;
; SW[7]      ; HEX0[6]     ; 9.601  ; 9.601  ; 9.601  ; 9.601  ;
; SW[7]      ; HEX1[0]     ; 9.729  ; 9.729  ; 9.729  ; 9.729  ;
; SW[7]      ; HEX1[1]     ; 9.353  ; 9.732  ; 9.732  ; 9.353  ;
; SW[7]      ; HEX1[2]     ; 9.357  ; 9.357  ; 9.357  ; 9.357  ;
; SW[7]      ; HEX1[3]     ; 9.356  ; 9.356  ; 9.356  ; 9.356  ;
; SW[7]      ; HEX1[4]     ; 9.364  ; 9.364  ; 9.364  ; 9.364  ;
; SW[7]      ; HEX1[5]     ; 9.731  ; 9.731  ; 9.731  ; 9.731  ;
; SW[7]      ; HEX1[6]     ; 9.616  ; 9.616  ; 9.616  ; 9.616  ;
; SW[7]      ; HEX2[0]     ; 8.981  ; 8.981  ; 8.981  ; 8.981  ;
; SW[7]      ; HEX2[1]     ; 8.988  ; 8.988  ; 8.988  ; 8.988  ;
; SW[7]      ; HEX2[2]     ; 9.047  ; 9.047  ; 9.047  ; 9.047  ;
; SW[7]      ; HEX2[3]     ; 9.051  ; 9.051  ; 9.051  ; 9.051  ;
; SW[7]      ; HEX2[4]     ; 9.003  ; 9.481  ; 9.481  ; 9.003  ;
; SW[7]      ; HEX2[5]     ; 9.009  ; 9.009  ; 9.009  ; 9.009  ;
; SW[7]      ; HEX2[6]     ; 9.332  ; 9.332  ; 9.332  ; 9.332  ;
; SW[7]      ; HEX3[0]     ; 9.240  ; 9.240  ; 9.240  ; 9.240  ;
; SW[7]      ; HEX3[1]     ; 9.442  ; 9.442  ; 9.442  ; 9.442  ;
; SW[7]      ; HEX3[2]     ; 10.386 ; 9.454  ; 9.454  ; 10.386 ;
; SW[7]      ; HEX3[3]     ; 8.862  ; 8.862  ; 8.862  ; 8.862  ;
; SW[7]      ; HEX3[4]     ; 8.880  ; 9.809  ; 9.809  ; 8.880  ;
; SW[7]      ; HEX3[5]     ; 9.220  ; 9.220  ; 9.220  ; 9.220  ;
; SW[7]      ; HEX3[6]     ; 9.302  ; 9.302  ; 9.302  ; 9.302  ;
; SW[8]      ; HEX0[0]     ; 9.481  ; 9.481  ; 9.481  ; 9.481  ;
; SW[8]      ; HEX0[1]     ; 9.173  ; 9.173  ; 9.173  ; 9.173  ;
; SW[8]      ; HEX0[2]     ; 9.671  ; 9.511  ; 9.511  ; 9.671  ;
; SW[8]      ; HEX0[3]     ; 9.496  ; 9.496  ; 9.496  ; 9.496  ;
; SW[8]      ; HEX0[4]     ; 9.603  ; 9.845  ; 9.845  ; 9.603  ;
; SW[8]      ; HEX0[5]     ; 9.603  ; 9.603  ; 9.603  ; 9.603  ;
; SW[8]      ; HEX0[6]     ; 9.518  ; 9.518  ; 9.518  ; 9.518  ;
; SW[8]      ; HEX1[0]     ; 9.602  ; 9.602  ; 9.602  ; 9.602  ;
; SW[8]      ; HEX1[1]     ; 9.266  ; 9.226  ; 9.226  ; 9.266  ;
; SW[8]      ; HEX1[2]     ; 9.230  ; 9.230  ; 9.230  ; 9.230  ;
; SW[8]      ; HEX1[3]     ; 9.229  ; 9.229  ; 9.229  ; 9.229  ;
; SW[8]      ; HEX1[4]     ; 9.237  ; 9.237  ; 9.237  ; 9.237  ;
; SW[8]      ; HEX1[5]     ; 9.604  ; 9.604  ; 9.604  ; 9.604  ;
; SW[8]      ; HEX1[6]     ; 9.489  ; 9.489  ; 9.489  ; 9.489  ;
; SW[8]      ; HEX2[0]     ; 7.785  ; 7.785  ; 7.785  ; 7.785  ;
; SW[8]      ; HEX2[1]     ; 7.792  ; 7.792  ; 7.792  ; 7.792  ;
; SW[8]      ; HEX2[2]     ; 7.851  ; 7.851  ; 7.851  ; 7.851  ;
; SW[8]      ; HEX2[3]     ; 7.855  ; 7.855  ; 7.855  ; 7.855  ;
; SW[8]      ; HEX2[4]     ; 7.807  ; 7.807  ; 7.807  ; 7.807  ;
; SW[8]      ; HEX2[5]     ; 7.813  ; 7.813  ; 7.813  ; 7.813  ;
; SW[8]      ; HEX2[6]     ; 8.136  ; 8.136  ; 8.136  ; 8.136  ;
; SW[8]      ; HEX3[0]     ; 8.649  ; 8.649  ; 8.649  ; 8.649  ;
; SW[8]      ; HEX3[1]     ; 8.851  ; 8.851  ; 8.851  ; 8.851  ;
; SW[8]      ; HEX3[2]     ; 8.863  ; 8.863  ; 8.863  ; 8.863  ;
; SW[8]      ; HEX3[3]     ; 8.271  ; 8.271  ; 8.271  ; 8.271  ;
; SW[8]      ; HEX3[4]     ; 8.289  ; 8.289  ; 8.289  ; 8.289  ;
; SW[8]      ; HEX3[5]     ; 8.629  ; 8.629  ; 8.629  ; 8.629  ;
; SW[8]      ; HEX3[6]     ; 8.711  ; 8.711  ; 8.711  ; 8.711  ;
; SW[9]      ; HEX0[0]     ; 10.491 ; 10.491 ; 10.491 ; 10.491 ;
; SW[9]      ; HEX0[1]     ; 10.163 ; 10.163 ; 10.163 ; 10.163 ;
; SW[9]      ; HEX0[2]     ; 10.505 ; 10.505 ; 10.505 ; 10.505 ;
; SW[9]      ; HEX0[3]     ; 10.506 ; 10.506 ; 10.506 ; 10.506 ;
; SW[9]      ; HEX0[4]     ; 10.605 ; 10.605 ; 10.605 ; 10.605 ;
; SW[9]      ; HEX0[5]     ; 10.597 ; 10.597 ; 10.597 ; 10.597 ;
; SW[9]      ; HEX0[6]     ; 10.526 ; 10.526 ; 10.526 ; 10.526 ;
; SW[9]      ; HEX1[0]     ; 11.046 ; 11.046 ; 11.046 ; 11.046 ;
; SW[9]      ; HEX1[1]     ; 10.670 ; 10.670 ; 10.670 ; 10.670 ;
; SW[9]      ; HEX1[2]     ; 10.674 ; 10.674 ; 10.674 ; 10.674 ;
; SW[9]      ; HEX1[3]     ; 10.678 ; 10.678 ; 10.678 ; 10.678 ;
; SW[9]      ; HEX1[4]     ; 10.686 ; 10.686 ; 10.686 ; 10.686 ;
; SW[9]      ; HEX1[5]     ; 11.048 ; 11.048 ; 11.048 ; 11.048 ;
; SW[9]      ; HEX1[6]     ; 10.933 ; 10.933 ; 10.933 ; 10.933 ;
; SW[9]      ; HEX2[0]     ; 11.659 ; 11.659 ; 11.659 ; 11.659 ;
; SW[9]      ; HEX2[1]     ; 11.666 ; 11.666 ; 11.666 ; 11.666 ;
; SW[9]      ; HEX2[2]     ; 11.725 ; 11.712 ; 11.712 ; 11.725 ;
; SW[9]      ; HEX2[3]     ; 11.729 ; 11.729 ; 11.729 ; 11.729 ;
; SW[9]      ; HEX2[4]     ; 11.681 ; 11.681 ; 11.681 ; 11.681 ;
; SW[9]      ; HEX2[5]     ; 11.687 ; 11.687 ; 11.687 ; 11.687 ;
; SW[9]      ; HEX2[6]     ; 12.010 ; 12.010 ; 12.010 ; 12.010 ;
; SW[9]      ; HEX3[0]     ; 11.486 ; 11.486 ; 11.486 ; 11.486 ;
; SW[9]      ; HEX3[1]     ; 11.683 ; 11.683 ; 11.683 ; 11.683 ;
; SW[9]      ; HEX3[2]     ; 11.670 ; 11.670 ; 11.670 ; 11.670 ;
; SW[9]      ; HEX3[3]     ; 11.104 ; 11.104 ; 11.104 ; 11.104 ;
; SW[9]      ; HEX3[4]     ; 11.126 ; 11.126 ; 11.126 ; 11.126 ;
; SW[9]      ; HEX3[5]     ; 11.468 ; 11.468 ; 11.468 ; 11.468 ;
; SW[9]      ; HEX3[6]     ; 11.548 ; 11.548 ; 11.548 ; 11.548 ;
+------------+-------------+--------+--------+--------+--------+


+-------------------------------------------------------------------------+
; Output Enable Times                                                     ;
+--------------+------------+-------+------+------------+-----------------+
; Data Port    ; Clock Port ; Rise  ; Fall ; Clock Edge ; Clock Reference ;
+--------------+------------+-------+------+------------+-----------------+
; SRAM_DQ[*]   ; CLOCK_50   ; 8.214 ;      ; Rise       ; CLOCK_50        ;
;  SRAM_DQ[0]  ; CLOCK_50   ; 9.097 ;      ; Rise       ; CLOCK_50        ;
;  SRAM_DQ[1]  ; CLOCK_50   ; 9.107 ;      ; Rise       ; CLOCK_50        ;
;  SRAM_DQ[2]  ; CLOCK_50   ; 8.849 ;      ; Rise       ; CLOCK_50        ;
;  SRAM_DQ[3]  ; CLOCK_50   ; 8.859 ;      ; Rise       ; CLOCK_50        ;
;  SRAM_DQ[4]  ; CLOCK_50   ; 8.528 ;      ; Rise       ; CLOCK_50        ;
;  SRAM_DQ[5]  ; CLOCK_50   ; 8.896 ;      ; Rise       ; CLOCK_50        ;
;  SRAM_DQ[6]  ; CLOCK_50   ; 8.214 ;      ; Rise       ; CLOCK_50        ;
;  SRAM_DQ[7]  ; CLOCK_50   ; 8.509 ;      ; Rise       ; CLOCK_50        ;
;  SRAM_DQ[8]  ; CLOCK_50   ; 8.830 ;      ; Rise       ; CLOCK_50        ;
;  SRAM_DQ[9]  ; CLOCK_50   ; 8.830 ;      ; Rise       ; CLOCK_50        ;
;  SRAM_DQ[10] ; CLOCK_50   ; 8.823 ;      ; Rise       ; CLOCK_50        ;
;  SRAM_DQ[11] ; CLOCK_50   ; 8.824 ;      ; Rise       ; CLOCK_50        ;
;  SRAM_DQ[12] ; CLOCK_50   ; 8.844 ;      ; Rise       ; CLOCK_50        ;
;  SRAM_DQ[13] ; CLOCK_50   ; 8.833 ;      ; Rise       ; CLOCK_50        ;
;  SRAM_DQ[14] ; CLOCK_50   ; 9.109 ;      ; Rise       ; CLOCK_50        ;
;  SRAM_DQ[15] ; CLOCK_50   ; 9.101 ;      ; Rise       ; CLOCK_50        ;
+--------------+------------+-------+------+------------+-----------------+


+-------------------------------------------------------------------------+
; Minimum Output Enable Times                                             ;
+--------------+------------+-------+------+------------+-----------------+
; Data Port    ; Clock Port ; Rise  ; Fall ; Clock Edge ; Clock Reference ;
+--------------+------------+-------+------+------------+-----------------+
; SRAM_DQ[*]   ; CLOCK_50   ; 8.110 ;      ; Rise       ; CLOCK_50        ;
;  SRAM_DQ[0]  ; CLOCK_50   ; 8.993 ;      ; Rise       ; CLOCK_50        ;
;  SRAM_DQ[1]  ; CLOCK_50   ; 9.003 ;      ; Rise       ; CLOCK_50        ;
;  SRAM_DQ[2]  ; CLOCK_50   ; 8.745 ;      ; Rise       ; CLOCK_50        ;
;  SRAM_DQ[3]  ; CLOCK_50   ; 8.755 ;      ; Rise       ; CLOCK_50        ;
;  SRAM_DQ[4]  ; CLOCK_50   ; 8.424 ;      ; Rise       ; CLOCK_50        ;
;  SRAM_DQ[5]  ; CLOCK_50   ; 8.792 ;      ; Rise       ; CLOCK_50        ;
;  SRAM_DQ[6]  ; CLOCK_50   ; 8.110 ;      ; Rise       ; CLOCK_50        ;
;  SRAM_DQ[7]  ; CLOCK_50   ; 8.405 ;      ; Rise       ; CLOCK_50        ;
;  SRAM_DQ[8]  ; CLOCK_50   ; 8.698 ;      ; Rise       ; CLOCK_50        ;
;  SRAM_DQ[9]  ; CLOCK_50   ; 8.698 ;      ; Rise       ; CLOCK_50        ;
;  SRAM_DQ[10] ; CLOCK_50   ; 8.691 ;      ; Rise       ; CLOCK_50        ;
;  SRAM_DQ[11] ; CLOCK_50   ; 8.692 ;      ; Rise       ; CLOCK_50        ;
;  SRAM_DQ[12] ; CLOCK_50   ; 8.712 ;      ; Rise       ; CLOCK_50        ;
;  SRAM_DQ[13] ; CLOCK_50   ; 8.701 ;      ; Rise       ; CLOCK_50        ;
;  SRAM_DQ[14] ; CLOCK_50   ; 8.977 ;      ; Rise       ; CLOCK_50        ;
;  SRAM_DQ[15] ; CLOCK_50   ; 8.969 ;      ; Rise       ; CLOCK_50        ;
+--------------+------------+-------+------+------------+-----------------+


+----------------------------------------------------------------------------------+
; Output Disable Times                                                             ;
+--------------+------------+-----------+-----------+------------+-----------------+
; Data Port    ; Clock Port ; 0 to Hi-Z ; 1 to Hi-Z ; Clock Edge ; Clock Reference ;
+--------------+------------+-----------+-----------+------------+-----------------+
; SRAM_DQ[*]   ; CLOCK_50   ; 8.214     ;           ; Rise       ; CLOCK_50        ;
;  SRAM_DQ[0]  ; CLOCK_50   ; 9.097     ;           ; Rise       ; CLOCK_50        ;
;  SRAM_DQ[1]  ; CLOCK_50   ; 9.107     ;           ; Rise       ; CLOCK_50        ;
;  SRAM_DQ[2]  ; CLOCK_50   ; 8.849     ;           ; Rise       ; CLOCK_50        ;
;  SRAM_DQ[3]  ; CLOCK_50   ; 8.859     ;           ; Rise       ; CLOCK_50        ;
;  SRAM_DQ[4]  ; CLOCK_50   ; 8.528     ;           ; Rise       ; CLOCK_50        ;
;  SRAM_DQ[5]  ; CLOCK_50   ; 8.896     ;           ; Rise       ; CLOCK_50        ;
;  SRAM_DQ[6]  ; CLOCK_50   ; 8.214     ;           ; Rise       ; CLOCK_50        ;
;  SRAM_DQ[7]  ; CLOCK_50   ; 8.509     ;           ; Rise       ; CLOCK_50        ;
;  SRAM_DQ[8]  ; CLOCK_50   ; 8.830     ;           ; Rise       ; CLOCK_50        ;
;  SRAM_DQ[9]  ; CLOCK_50   ; 8.830     ;           ; Rise       ; CLOCK_50        ;
;  SRAM_DQ[10] ; CLOCK_50   ; 8.823     ;           ; Rise       ; CLOCK_50        ;
;  SRAM_DQ[11] ; CLOCK_50   ; 8.824     ;           ; Rise       ; CLOCK_50        ;
;  SRAM_DQ[12] ; CLOCK_50   ; 8.844     ;           ; Rise       ; CLOCK_50        ;
;  SRAM_DQ[13] ; CLOCK_50   ; 8.833     ;           ; Rise       ; CLOCK_50        ;
;  SRAM_DQ[14] ; CLOCK_50   ; 9.109     ;           ; Rise       ; CLOCK_50        ;
;  SRAM_DQ[15] ; CLOCK_50   ; 9.101     ;           ; Rise       ; CLOCK_50        ;
+--------------+------------+-----------+-----------+------------+-----------------+


+----------------------------------------------------------------------------------+
; Minimum Output Disable Times                                                     ;
+--------------+------------+-----------+-----------+------------+-----------------+
; Data Port    ; Clock Port ; 0 to Hi-Z ; 1 to Hi-Z ; Clock Edge ; Clock Reference ;
+--------------+------------+-----------+-----------+------------+-----------------+
; SRAM_DQ[*]   ; CLOCK_50   ; 8.110     ;           ; Rise       ; CLOCK_50        ;
;  SRAM_DQ[0]  ; CLOCK_50   ; 8.993     ;           ; Rise       ; CLOCK_50        ;
;  SRAM_DQ[1]  ; CLOCK_50   ; 9.003     ;           ; Rise       ; CLOCK_50        ;
;  SRAM_DQ[2]  ; CLOCK_50   ; 8.745     ;           ; Rise       ; CLOCK_50        ;
;  SRAM_DQ[3]  ; CLOCK_50   ; 8.755     ;           ; Rise       ; CLOCK_50        ;
;  SRAM_DQ[4]  ; CLOCK_50   ; 8.424     ;           ; Rise       ; CLOCK_50        ;
;  SRAM_DQ[5]  ; CLOCK_50   ; 8.792     ;           ; Rise       ; CLOCK_50        ;
;  SRAM_DQ[6]  ; CLOCK_50   ; 8.110     ;           ; Rise       ; CLOCK_50        ;
;  SRAM_DQ[7]  ; CLOCK_50   ; 8.405     ;           ; Rise       ; CLOCK_50        ;
;  SRAM_DQ[8]  ; CLOCK_50   ; 8.698     ;           ; Rise       ; CLOCK_50        ;
;  SRAM_DQ[9]  ; CLOCK_50   ; 8.698     ;           ; Rise       ; CLOCK_50        ;
;  SRAM_DQ[10] ; CLOCK_50   ; 8.691     ;           ; Rise       ; CLOCK_50        ;
;  SRAM_DQ[11] ; CLOCK_50   ; 8.692     ;           ; Rise       ; CLOCK_50        ;
;  SRAM_DQ[12] ; CLOCK_50   ; 8.712     ;           ; Rise       ; CLOCK_50        ;
;  SRAM_DQ[13] ; CLOCK_50   ; 8.701     ;           ; Rise       ; CLOCK_50        ;
;  SRAM_DQ[14] ; CLOCK_50   ; 8.977     ;           ; Rise       ; CLOCK_50        ;
;  SRAM_DQ[15] ; CLOCK_50   ; 8.969     ;           ; Rise       ; CLOCK_50        ;
+--------------+------------+-----------+-----------+------------+-----------------+


+-----------------------------------+
; Fast Model Setup Summary          ;
+----------+--------+---------------+
; Clock    ; Slack  ; End Point TNS ;
+----------+--------+---------------+
; CLOCK_50 ; 12.499 ; 0.000         ;
+----------+--------+---------------+


+----------------------------------+
; Fast Model Hold Summary          ;
+----------+-------+---------------+
; Clock    ; Slack ; End Point TNS ;
+----------+-------+---------------+
; CLOCK_50 ; 0.038 ; 0.000         ;
+----------+-------+---------------+


+-----------------------------------+
; Fast Model Recovery Summary       ;
+----------+--------+---------------+
; Clock    ; Slack  ; End Point TNS ;
+----------+--------+---------------+
; CLOCK_50 ; 17.701 ; 0.000         ;
+----------+--------+---------------+


+----------------------------------+
; Fast Model Removal Summary       ;
+----------+-------+---------------+
; Clock    ; Slack ; End Point TNS ;
+----------+-------+---------------+
; CLOCK_50 ; 1.931 ; 0.000         ;
+----------+-------+---------------+


+----------------------------------------+
; Fast Model Minimum Pulse Width Summary ;
+----------+-------+---------------------+
; Clock    ; Slack ; End Point TNS       ;
+----------+-------+---------------------+
; CLOCK_50 ; 7.873 ; 0.000               ;
+----------+-------+---------------------+


+------------------------------------------------------------------------------------------------------------------------------------------------------------------------------------------------------------------------+
; Fast Model Setup: 'CLOCK_50'                                                                                                                                                                                           ;
+--------+---------------------------------------------------------+-------------------------------------------------------------------------------+--------------+-------------+--------------+------------+------------+
; Slack  ; From Node                                               ; To Node                                                                       ; Launch Clock ; Latch Clock ; Relationship ; Clock Skew ; Data Delay ;
+--------+---------------------------------------------------------+-------------------------------------------------------------------------------+--------------+-------------+--------------+------------+------------+
; 12.499 ; decoder:decoder|imm[0]                                  ; memory_controller:mem|memory_mapped_io:memory_mapped_io|vga_palette_color[11] ; CLOCK_50     ; CLOCK_50    ; 20.000       ; -0.003     ; 7.530      ;
; 12.619 ; decoder:decoder|imm[0]                                  ; memory_controller:mem|memory_mapped_io:memory_mapped_io|vga_pen_x[4]          ; CLOCK_50     ; CLOCK_50    ; 20.000       ; 0.001      ; 7.414      ;
; 12.619 ; decoder:decoder|imm[0]                                  ; memory_controller:mem|memory_mapped_io:memory_mapped_io|vga_pen_x[0]          ; CLOCK_50     ; CLOCK_50    ; 20.000       ; 0.001      ; 7.414      ;
; 12.630 ; decoder:decoder|imm[0]                                  ; memory_controller:mem|memory_mapped_io:memory_mapped_io|vga_palette_color[6]  ; CLOCK_50     ; CLOCK_50    ; 20.000       ; -0.003     ; 7.399      ;
; 12.640 ; decoder:decoder|imm[0]                                  ; memory_controller:mem|memory_mapped_io:memory_mapped_io|ps2_get_key[3]        ; CLOCK_50     ; CLOCK_50    ; 20.000       ; 0.002      ; 7.394      ;
; 12.643 ; decoder:decoder|imm[0]                                  ; memory_controller:mem|memory_mapped_io:memory_mapped_io|vga_pen_y[5]          ; CLOCK_50     ; CLOCK_50    ; 20.000       ; 0.001      ; 7.390      ;
; 12.649 ; decoder:decoder|imm[1]                                  ; memory_controller:mem|memory_mapped_io:memory_mapped_io|vga_palette_color[11] ; CLOCK_50     ; CLOCK_50    ; 20.000       ; -0.004     ; 7.379      ;
; 12.704 ; decoder:decoder|imm[0]                                  ; memory_controller:mem|memory_mapped_io:memory_mapped_io|vga_palette_index[1]  ; CLOCK_50     ; CLOCK_50    ; 20.000       ; -0.003     ; 7.325      ;
; 12.704 ; decoder:decoder|imm[0]                                  ; memory_controller:mem|memory_mapped_io:memory_mapped_io|vga_palette_index[0]  ; CLOCK_50     ; CLOCK_50    ; 20.000       ; -0.003     ; 7.325      ;
; 12.704 ; decoder:decoder|imm[0]                                  ; memory_controller:mem|memory_mapped_io:memory_mapped_io|vga_palette_index[3]  ; CLOCK_50     ; CLOCK_50    ; 20.000       ; -0.003     ; 7.325      ;
; 12.704 ; decoder:decoder|imm[0]                                  ; memory_controller:mem|memory_mapped_io:memory_mapped_io|vga_palette_index[2]  ; CLOCK_50     ; CLOCK_50    ; 20.000       ; -0.003     ; 7.325      ;
; 12.704 ; decoder:decoder|imm[0]                                  ; memory_controller:mem|memory_mapped_io:memory_mapped_io|vga_write_palette     ; CLOCK_50     ; CLOCK_50    ; 20.000       ; -0.003     ; 7.325      ;
; 12.704 ; decoder:decoder|imm[0]                                  ; memory_controller:mem|memory_mapped_io:memory_mapped_io|vga_palette_color[8]  ; CLOCK_50     ; CLOCK_50    ; 20.000       ; -0.003     ; 7.325      ;
; 12.704 ; decoder:decoder|imm[0]                                  ; memory_controller:mem|memory_mapped_io:memory_mapped_io|vga_palette_color[9]  ; CLOCK_50     ; CLOCK_50    ; 20.000       ; -0.003     ; 7.325      ;
; 12.704 ; decoder:decoder|imm[0]                                  ; memory_controller:mem|memory_mapped_io:memory_mapped_io|vga_palette_color[10] ; CLOCK_50     ; CLOCK_50    ; 20.000       ; -0.003     ; 7.325      ;
; 12.704 ; decoder:decoder|imm[0]                                  ; memory_controller:mem|memory_mapped_io:memory_mapped_io|vga_palette_color[4]  ; CLOCK_50     ; CLOCK_50    ; 20.000       ; -0.003     ; 7.325      ;
; 12.704 ; decoder:decoder|imm[0]                                  ; memory_controller:mem|memory_mapped_io:memory_mapped_io|vga_palette_color[5]  ; CLOCK_50     ; CLOCK_50    ; 20.000       ; -0.003     ; 7.325      ;
; 12.704 ; decoder:decoder|imm[0]                                  ; memory_controller:mem|memory_mapped_io:memory_mapped_io|vga_palette_color[7]  ; CLOCK_50     ; CLOCK_50    ; 20.000       ; -0.003     ; 7.325      ;
; 12.704 ; decoder:decoder|imm[0]                                  ; memory_controller:mem|memory_mapped_io:memory_mapped_io|vga_palette_color[0]  ; CLOCK_50     ; CLOCK_50    ; 20.000       ; -0.003     ; 7.325      ;
; 12.704 ; decoder:decoder|imm[0]                                  ; memory_controller:mem|memory_mapped_io:memory_mapped_io|vga_palette_color[1]  ; CLOCK_50     ; CLOCK_50    ; 20.000       ; -0.003     ; 7.325      ;
; 12.704 ; decoder:decoder|imm[0]                                  ; memory_controller:mem|memory_mapped_io:memory_mapped_io|vga_palette_color[2]  ; CLOCK_50     ; CLOCK_50    ; 20.000       ; -0.003     ; 7.325      ;
; 12.704 ; decoder:decoder|imm[0]                                  ; memory_controller:mem|memory_mapped_io:memory_mapped_io|vga_palette_color[3]  ; CLOCK_50     ; CLOCK_50    ; 20.000       ; -0.003     ; 7.325      ;
; 12.717 ; decoder:decoder|imm[3]                                  ; memory_controller:mem|memory_mapped_io:memory_mapped_io|vga_palette_color[11] ; CLOCK_50     ; CLOCK_50    ; 20.000       ; 0.008      ; 7.323      ;
; 12.718 ; decoder:decoder|imm[0]                                  ; memory_controller:mem|memory_mapped_io:memory_mapped_io|vga_pen_x[2]          ; CLOCK_50     ; CLOCK_50    ; 20.000       ; -0.003     ; 7.311      ;
; 12.718 ; decoder:decoder|imm[0]                                  ; memory_controller:mem|memory_mapped_io:memory_mapped_io|vga_pen_y[1]          ; CLOCK_50     ; CLOCK_50    ; 20.000       ; -0.003     ; 7.311      ;
; 12.718 ; decoder:decoder|imm[0]                                  ; memory_controller:mem|memory_mapped_io:memory_mapped_io|vga_pen_x[3]          ; CLOCK_50     ; CLOCK_50    ; 20.000       ; -0.003     ; 7.311      ;
; 12.718 ; decoder:decoder|imm[0]                                  ; memory_controller:mem|memory_mapped_io:memory_mapped_io|vga_pen_y[2]          ; CLOCK_50     ; CLOCK_50    ; 20.000       ; -0.003     ; 7.311      ;
; 12.718 ; decoder:decoder|imm[0]                                  ; memory_controller:mem|memory_mapped_io:memory_mapped_io|vga_pen_y[3]          ; CLOCK_50     ; CLOCK_50    ; 20.000       ; -0.003     ; 7.311      ;
; 12.718 ; decoder:decoder|imm[0]                                  ; memory_controller:mem|memory_mapped_io:memory_mapped_io|vga_pen_y[4]          ; CLOCK_50     ; CLOCK_50    ; 20.000       ; -0.003     ; 7.311      ;
; 12.718 ; decoder:decoder|imm[0]                                  ; memory_controller:mem|memory_mapped_io:memory_mapped_io|vga_pen_y[7]          ; CLOCK_50     ; CLOCK_50    ; 20.000       ; -0.003     ; 7.311      ;
; 12.718 ; decoder:decoder|imm[0]                                  ; memory_controller:mem|memory_mapped_io:memory_mapped_io|vga_pen_y[8]          ; CLOCK_50     ; CLOCK_50    ; 20.000       ; -0.003     ; 7.311      ;
; 12.721 ; decoder:decoder|imm[0]                                  ; memory_controller:mem|memory_mapped_io:memory_mapped_io|vga_pen_y[0]          ; CLOCK_50     ; CLOCK_50    ; 20.000       ; -0.002     ; 7.309      ;
; 12.721 ; decoder:decoder|imm[0]                                  ; memory_controller:mem|memory_mapped_io:memory_mapped_io|vga_pen_x[6]          ; CLOCK_50     ; CLOCK_50    ; 20.000       ; -0.002     ; 7.309      ;
; 12.721 ; decoder:decoder|imm[0]                                  ; memory_controller:mem|memory_mapped_io:memory_mapped_io|vga_pen_x[7]          ; CLOCK_50     ; CLOCK_50    ; 20.000       ; -0.002     ; 7.309      ;
; 12.721 ; decoder:decoder|imm[0]                                  ; memory_controller:mem|memory_mapped_io:memory_mapped_io|vga_pen_x[8]          ; CLOCK_50     ; CLOCK_50    ; 20.000       ; -0.002     ; 7.309      ;
; 12.721 ; decoder:decoder|imm[0]                                  ; memory_controller:mem|memory_mapped_io:memory_mapped_io|vga_pen_x[1]          ; CLOCK_50     ; CLOCK_50    ; 20.000       ; -0.002     ; 7.309      ;
; 12.721 ; decoder:decoder|imm[0]                                  ; memory_controller:mem|memory_mapped_io:memory_mapped_io|vga_pen_color[3]      ; CLOCK_50     ; CLOCK_50    ; 20.000       ; -0.002     ; 7.309      ;
; 12.721 ; decoder:decoder|imm[0]                                  ; memory_controller:mem|memory_mapped_io:memory_mapped_io|vga_pen_color[2]      ; CLOCK_50     ; CLOCK_50    ; 20.000       ; -0.002     ; 7.309      ;
; 12.726 ; decoder:decoder|imm[0]                                  ; memory_controller:mem|memory_mapped_io:memory_mapped_io|vga_pen_y[6]          ; CLOCK_50     ; CLOCK_50    ; 20.000       ; -0.002     ; 7.304      ;
; 12.751 ; decoder:decoder|rs2[1]                                  ; memory_controller:mem|memory_mapped_io:memory_mapped_io|vga_palette_color[11] ; CLOCK_50     ; CLOCK_50    ; 20.000       ; 0.002      ; 7.283      ;
; 12.756 ; decoder:decoder|rs1[16]                                 ; memory_controller:mem|memory_mapped_io:memory_mapped_io|vga_palette_color[11] ; CLOCK_50     ; CLOCK_50    ; 20.000       ; 0.003      ; 7.279      ;
; 12.763 ; decoder:decoder|imm[2]                                  ; memory_controller:mem|memory_mapped_io:memory_mapped_io|vga_palette_color[11] ; CLOCK_50     ; CLOCK_50    ; 20.000       ; 0.008      ; 7.277      ;
; 12.769 ; decoder:decoder|imm[1]                                  ; memory_controller:mem|memory_mapped_io:memory_mapped_io|vga_pen_x[4]          ; CLOCK_50     ; CLOCK_50    ; 20.000       ; 0.000      ; 7.263      ;
; 12.769 ; decoder:decoder|imm[1]                                  ; memory_controller:mem|memory_mapped_io:memory_mapped_io|vga_pen_x[0]          ; CLOCK_50     ; CLOCK_50    ; 20.000       ; 0.000      ; 7.263      ;
; 12.770 ; decoder:decoder|imm[0]                                  ; memory_controller:mem|memory_mapped_io:memory_mapped_io|LEDR[0]               ; CLOCK_50     ; CLOCK_50    ; 20.000       ; -0.002     ; 7.260      ;
; 12.770 ; decoder:decoder|imm[0]                                  ; memory_controller:mem|memory_mapped_io:memory_mapped_io|LEDR[1]               ; CLOCK_50     ; CLOCK_50    ; 20.000       ; -0.002     ; 7.260      ;
; 12.770 ; decoder:decoder|imm[0]                                  ; memory_controller:mem|memory_mapped_io:memory_mapped_io|LEDR[2]               ; CLOCK_50     ; CLOCK_50    ; 20.000       ; -0.002     ; 7.260      ;
; 12.770 ; decoder:decoder|imm[0]                                  ; memory_controller:mem|memory_mapped_io:memory_mapped_io|LEDR[3]               ; CLOCK_50     ; CLOCK_50    ; 20.000       ; -0.002     ; 7.260      ;
; 12.770 ; decoder:decoder|imm[0]                                  ; memory_controller:mem|memory_mapped_io:memory_mapped_io|LEDR[4]               ; CLOCK_50     ; CLOCK_50    ; 20.000       ; -0.002     ; 7.260      ;
; 12.770 ; decoder:decoder|imm[0]                                  ; memory_controller:mem|memory_mapped_io:memory_mapped_io|LEDR[5]               ; CLOCK_50     ; CLOCK_50    ; 20.000       ; -0.002     ; 7.260      ;
; 12.770 ; decoder:decoder|imm[0]                                  ; memory_controller:mem|memory_mapped_io:memory_mapped_io|LEDR[6]               ; CLOCK_50     ; CLOCK_50    ; 20.000       ; -0.002     ; 7.260      ;
; 12.770 ; decoder:decoder|imm[0]                                  ; memory_controller:mem|memory_mapped_io:memory_mapped_io|LEDR[7]               ; CLOCK_50     ; CLOCK_50    ; 20.000       ; -0.002     ; 7.260      ;
; 12.770 ; decoder:decoder|imm[0]                                  ; memory_controller:mem|memory_mapped_io:memory_mapped_io|LEDR[9]               ; CLOCK_50     ; CLOCK_50    ; 20.000       ; -0.002     ; 7.260      ;
; 12.771 ; instruction_fetch_and_pc:instruction_fetch_and_pc|pc[4] ; memory_controller:mem|memory_mapped_io:memory_mapped_io|vga_palette_color[11] ; CLOCK_50     ; CLOCK_50    ; 20.000       ; 0.005      ; 7.266      ;
; 12.778 ; instruction_fetch_and_pc:instruction_fetch_and_pc|pc[3] ; memory_controller:mem|memory_mapped_io:memory_mapped_io|vga_palette_color[11] ; CLOCK_50     ; CLOCK_50    ; 20.000       ; 0.005      ; 7.259      ;
; 12.780 ; decoder:decoder|imm[1]                                  ; memory_controller:mem|memory_mapped_io:memory_mapped_io|vga_palette_color[6]  ; CLOCK_50     ; CLOCK_50    ; 20.000       ; -0.004     ; 7.248      ;
; 12.780 ; decoder:decoder|imm[14]                                 ; memory_controller:mem|memory_mapped_io:memory_mapped_io|vga_palette_color[11] ; CLOCK_50     ; CLOCK_50    ; 20.000       ; -0.011     ; 7.241      ;
; 12.787 ; decoder:decoder|imm[15]                                 ; memory_controller:mem|memory_mapped_io:memory_mapped_io|vga_palette_color[11] ; CLOCK_50     ; CLOCK_50    ; 20.000       ; -0.012     ; 7.233      ;
; 12.788 ; decoder:decoder|imm[13]                                 ; memory_controller:mem|memory_mapped_io:memory_mapped_io|vga_palette_color[11] ; CLOCK_50     ; CLOCK_50    ; 20.000       ; -0.010     ; 7.234      ;
; 12.790 ; decoder:decoder|imm[1]                                  ; memory_controller:mem|memory_mapped_io:memory_mapped_io|ps2_get_key[3]        ; CLOCK_50     ; CLOCK_50    ; 20.000       ; 0.001      ; 7.243      ;
; 12.790 ; decoder:decoder|imm[29]                                 ; memory_controller:mem|memory_mapped_io:memory_mapped_io|vga_palette_color[11] ; CLOCK_50     ; CLOCK_50    ; 20.000       ; -0.011     ; 7.231      ;
; 12.793 ; decoder:decoder|imm[1]                                  ; memory_controller:mem|memory_mapped_io:memory_mapped_io|vga_pen_y[5]          ; CLOCK_50     ; CLOCK_50    ; 20.000       ; 0.000      ; 7.239      ;
; 12.805 ; instruction_fetch_and_pc:instruction_fetch_and_pc|pc[2] ; memory_controller:mem|memory_mapped_io:memory_mapped_io|vga_palette_color[11] ; CLOCK_50     ; CLOCK_50    ; 20.000       ; 0.002      ; 7.229      ;
; 12.831 ; decoder:decoder|rs1[18]                                 ; memory_controller:mem|memory_mapped_io:memory_mapped_io|vga_palette_color[11] ; CLOCK_50     ; CLOCK_50    ; 20.000       ; 0.007      ; 7.208      ;
; 12.832 ; decoder:decoder|rs1[0]                                  ; memory_controller:mem|memory_mapped_io:memory_mapped_io|vga_palette_color[11] ; CLOCK_50     ; CLOCK_50    ; 20.000       ; -0.006     ; 7.194      ;
; 12.837 ; decoder:decoder|imm[3]                                  ; memory_controller:mem|memory_mapped_io:memory_mapped_io|vga_pen_x[4]          ; CLOCK_50     ; CLOCK_50    ; 20.000       ; 0.012      ; 7.207      ;
; 12.837 ; decoder:decoder|imm[3]                                  ; memory_controller:mem|memory_mapped_io:memory_mapped_io|vga_pen_x[0]          ; CLOCK_50     ; CLOCK_50    ; 20.000       ; 0.012      ; 7.207      ;
; 12.838 ; instruction_fetch_and_pc:instruction_fetch_and_pc|pc[7] ; memory_controller:mem|memory_mapped_io:memory_mapped_io|vga_palette_color[11] ; CLOCK_50     ; CLOCK_50    ; 20.000       ; 0.011      ; 7.205      ;
; 12.845 ; decoder:decoder|imm[4]                                  ; memory_controller:mem|memory_mapped_io:memory_mapped_io|vga_palette_color[11] ; CLOCK_50     ; CLOCK_50    ; 20.000       ; 0.008      ; 7.195      ;
; 12.847 ; instruction_fetch_and_pc:instruction_fetch_and_pc|pc[5] ; memory_controller:mem|memory_mapped_io:memory_mapped_io|vga_palette_color[11] ; CLOCK_50     ; CLOCK_50    ; 20.000       ; 0.011      ; 7.196      ;
; 12.848 ; decoder:decoder|imm[3]                                  ; memory_controller:mem|memory_mapped_io:memory_mapped_io|vga_palette_color[6]  ; CLOCK_50     ; CLOCK_50    ; 20.000       ; 0.008      ; 7.192      ;
; 12.850 ; decoder:decoder|imm[8]                                  ; memory_controller:mem|memory_mapped_io:memory_mapped_io|vga_palette_color[11] ; CLOCK_50     ; CLOCK_50    ; 20.000       ; -0.012     ; 7.170      ;
; 12.854 ; decoder:decoder|imm[1]                                  ; memory_controller:mem|memory_mapped_io:memory_mapped_io|vga_palette_index[1]  ; CLOCK_50     ; CLOCK_50    ; 20.000       ; -0.004     ; 7.174      ;
; 12.854 ; decoder:decoder|imm[1]                                  ; memory_controller:mem|memory_mapped_io:memory_mapped_io|vga_palette_index[0]  ; CLOCK_50     ; CLOCK_50    ; 20.000       ; -0.004     ; 7.174      ;
; 12.854 ; decoder:decoder|imm[1]                                  ; memory_controller:mem|memory_mapped_io:memory_mapped_io|vga_palette_index[3]  ; CLOCK_50     ; CLOCK_50    ; 20.000       ; -0.004     ; 7.174      ;
; 12.854 ; decoder:decoder|imm[1]                                  ; memory_controller:mem|memory_mapped_io:memory_mapped_io|vga_palette_index[2]  ; CLOCK_50     ; CLOCK_50    ; 20.000       ; -0.004     ; 7.174      ;
; 12.854 ; decoder:decoder|imm[1]                                  ; memory_controller:mem|memory_mapped_io:memory_mapped_io|vga_write_palette     ; CLOCK_50     ; CLOCK_50    ; 20.000       ; -0.004     ; 7.174      ;
; 12.854 ; decoder:decoder|imm[1]                                  ; memory_controller:mem|memory_mapped_io:memory_mapped_io|vga_palette_color[8]  ; CLOCK_50     ; CLOCK_50    ; 20.000       ; -0.004     ; 7.174      ;
; 12.854 ; decoder:decoder|imm[1]                                  ; memory_controller:mem|memory_mapped_io:memory_mapped_io|vga_palette_color[9]  ; CLOCK_50     ; CLOCK_50    ; 20.000       ; -0.004     ; 7.174      ;
; 12.854 ; decoder:decoder|imm[1]                                  ; memory_controller:mem|memory_mapped_io:memory_mapped_io|vga_palette_color[10] ; CLOCK_50     ; CLOCK_50    ; 20.000       ; -0.004     ; 7.174      ;
; 12.854 ; decoder:decoder|imm[1]                                  ; memory_controller:mem|memory_mapped_io:memory_mapped_io|vga_palette_color[4]  ; CLOCK_50     ; CLOCK_50    ; 20.000       ; -0.004     ; 7.174      ;
; 12.854 ; decoder:decoder|imm[1]                                  ; memory_controller:mem|memory_mapped_io:memory_mapped_io|vga_palette_color[5]  ; CLOCK_50     ; CLOCK_50    ; 20.000       ; -0.004     ; 7.174      ;
; 12.854 ; decoder:decoder|imm[1]                                  ; memory_controller:mem|memory_mapped_io:memory_mapped_io|vga_palette_color[7]  ; CLOCK_50     ; CLOCK_50    ; 20.000       ; -0.004     ; 7.174      ;
; 12.854 ; decoder:decoder|imm[1]                                  ; memory_controller:mem|memory_mapped_io:memory_mapped_io|vga_palette_color[0]  ; CLOCK_50     ; CLOCK_50    ; 20.000       ; -0.004     ; 7.174      ;
; 12.854 ; decoder:decoder|imm[1]                                  ; memory_controller:mem|memory_mapped_io:memory_mapped_io|vga_palette_color[1]  ; CLOCK_50     ; CLOCK_50    ; 20.000       ; -0.004     ; 7.174      ;
; 12.854 ; decoder:decoder|imm[1]                                  ; memory_controller:mem|memory_mapped_io:memory_mapped_io|vga_palette_color[2]  ; CLOCK_50     ; CLOCK_50    ; 20.000       ; -0.004     ; 7.174      ;
; 12.854 ; decoder:decoder|imm[1]                                  ; memory_controller:mem|memory_mapped_io:memory_mapped_io|vga_palette_color[3]  ; CLOCK_50     ; CLOCK_50    ; 20.000       ; -0.004     ; 7.174      ;
; 12.858 ; decoder:decoder|imm[3]                                  ; memory_controller:mem|memory_mapped_io:memory_mapped_io|ps2_get_key[3]        ; CLOCK_50     ; CLOCK_50    ; 20.000       ; 0.013      ; 7.187      ;
; 12.859 ; decoder:decoder|imm[30]                                 ; memory_controller:mem|memory_mapped_io:memory_mapped_io|vga_palette_color[11] ; CLOCK_50     ; CLOCK_50    ; 20.000       ; -0.011     ; 7.162      ;
; 12.860 ; decoder:decoder|imm[17]                                 ; memory_controller:mem|memory_mapped_io:memory_mapped_io|vga_palette_color[11] ; CLOCK_50     ; CLOCK_50    ; 20.000       ; -0.010     ; 7.162      ;
; 12.860 ; decoder:decoder|imm[26]                                 ; memory_controller:mem|memory_mapped_io:memory_mapped_io|vga_palette_color[11] ; CLOCK_50     ; CLOCK_50    ; 20.000       ; -0.002     ; 7.170      ;
; 12.861 ; decoder:decoder|imm[3]                                  ; memory_controller:mem|memory_mapped_io:memory_mapped_io|vga_pen_y[5]          ; CLOCK_50     ; CLOCK_50    ; 20.000       ; 0.012      ; 7.183      ;
; 12.861 ; decoder:decoder|rs1[13]                                 ; memory_controller:mem|memory_mapped_io:memory_mapped_io|vga_palette_color[11] ; CLOCK_50     ; CLOCK_50    ; 20.000       ; -0.002     ; 7.169      ;
; 12.863 ; decoder:decoder|imm[12]                                 ; memory_controller:mem|memory_mapped_io:memory_mapped_io|vga_palette_color[11] ; CLOCK_50     ; CLOCK_50    ; 20.000       ; -0.011     ; 7.158      ;
; 12.865 ; decoder:decoder|rs1[1]                                  ; memory_controller:mem|memory_mapped_io:memory_mapped_io|vga_palette_color[11] ; CLOCK_50     ; CLOCK_50    ; 20.000       ; -0.006     ; 7.161      ;
; 12.868 ; decoder:decoder|imm[1]                                  ; memory_controller:mem|memory_mapped_io:memory_mapped_io|vga_pen_x[2]          ; CLOCK_50     ; CLOCK_50    ; 20.000       ; -0.004     ; 7.160      ;
; 12.868 ; decoder:decoder|imm[1]                                  ; memory_controller:mem|memory_mapped_io:memory_mapped_io|vga_pen_y[1]          ; CLOCK_50     ; CLOCK_50    ; 20.000       ; -0.004     ; 7.160      ;
; 12.868 ; decoder:decoder|imm[1]                                  ; memory_controller:mem|memory_mapped_io:memory_mapped_io|vga_pen_x[3]          ; CLOCK_50     ; CLOCK_50    ; 20.000       ; -0.004     ; 7.160      ;
; 12.868 ; decoder:decoder|imm[1]                                  ; memory_controller:mem|memory_mapped_io:memory_mapped_io|vga_pen_y[2]          ; CLOCK_50     ; CLOCK_50    ; 20.000       ; -0.004     ; 7.160      ;
; 12.868 ; decoder:decoder|imm[1]                                  ; memory_controller:mem|memory_mapped_io:memory_mapped_io|vga_pen_y[3]          ; CLOCK_50     ; CLOCK_50    ; 20.000       ; -0.004     ; 7.160      ;
+--------+---------------------------------------------------------+-------------------------------------------------------------------------------+--------------+-------------+--------------+------------+------------+


+-------------------------------------------------------------------------------------------------------------------------------------------------------------------------------------------------------------------------------------------+
; Fast Model Hold: 'CLOCK_50'                                                                                                                                                                                                               ;
+-------+------------------------------------------------------------------------------+------------------------------------------------------------------------------+--------------+-------------+--------------+------------+------------+
; Slack ; From Node                                                                    ; To Node                                                                      ; Launch Clock ; Latch Clock ; Relationship ; Clock Skew ; Data Delay ;
+-------+------------------------------------------------------------------------------+------------------------------------------------------------------------------+--------------+-------------+--------------+------------+------------+
; 0.038 ; processor_state_manager:processor_state_manager|processor_state[2]           ; processor_state_manager:processor_state_manager|processor_state[0]           ; CLOCK_50     ; CLOCK_50    ; 0.000        ; 0.234      ; 0.424      ;
; 0.165 ; processor_state_manager:processor_state_manager|processor_state[2]           ; processor_state_manager:processor_state_manager|processor_state[1]           ; CLOCK_50     ; CLOCK_50    ; 0.000        ; 0.234      ; 0.551      ;
; 0.215 ; rst_n_init:rst_n_init|counter[1]                                             ; rst_n_init:rst_n_init|counter[1]                                             ; CLOCK_50     ; CLOCK_50    ; 0.000        ; 0.000      ; 0.367      ;
; 0.215 ; rst_n_init:rst_n_init|counter[0]                                             ; rst_n_init:rst_n_init|counter[0]                                             ; CLOCK_50     ; CLOCK_50    ; 0.000        ; 0.000      ; 0.367      ;
; 0.215 ; memory_controller:mem|flash_interface32bit:flash32|state.READ1               ; memory_controller:mem|flash_interface32bit:flash32|state.READ1               ; CLOCK_50     ; CLOCK_50    ; 0.000        ; 0.000      ; 0.367      ;
; 0.215 ; memory_controller:mem|flash_interface32bit:flash32|delay_counter[0]          ; memory_controller:mem|flash_interface32bit:flash32|delay_counter[0]          ; CLOCK_50     ; CLOCK_50    ; 0.000        ; 0.000      ; 0.367      ;
; 0.215 ; memory_controller:mem|flash_interface32bit:flash32|delay_counter[1]          ; memory_controller:mem|flash_interface32bit:flash32|delay_counter[1]          ; CLOCK_50     ; CLOCK_50    ; 0.000        ; 0.000      ; 0.367      ;
; 0.215 ; memory_controller:mem|flash_interface32bit:flash32|delay_counter[2]          ; memory_controller:mem|flash_interface32bit:flash32|delay_counter[2]          ; CLOCK_50     ; CLOCK_50    ; 0.000        ; 0.000      ; 0.367      ;
; 0.215 ; memory_controller:mem|flash_interface32bit:flash32|state.READ2               ; memory_controller:mem|flash_interface32bit:flash32|state.READ2               ; CLOCK_50     ; CLOCK_50    ; 0.000        ; 0.000      ; 0.367      ;
; 0.215 ; memory_controller:mem|flash_interface32bit:flash32|state.READ3               ; memory_controller:mem|flash_interface32bit:flash32|state.READ3               ; CLOCK_50     ; CLOCK_50    ; 0.000        ; 0.000      ; 0.367      ;
; 0.215 ; memory_controller:mem|flash_interface32bit:flash32|state.READ4               ; memory_controller:mem|flash_interface32bit:flash32|state.READ4               ; CLOCK_50     ; CLOCK_50    ; 0.000        ; 0.000      ; 0.367      ;
; 0.215 ; memory_controller:mem|flash_interface32bit:flash32|state.READ_BYTE           ; memory_controller:mem|flash_interface32bit:flash32|state.READ_BYTE           ; CLOCK_50     ; CLOCK_50    ; 0.000        ; 0.000      ; 0.367      ;
; 0.215 ; memory_controller:mem|flash_interface32bit:flash32|state.IDLE                ; memory_controller:mem|flash_interface32bit:flash32|state.IDLE                ; CLOCK_50     ; CLOCK_50    ; 0.000        ; 0.000      ; 0.367      ;
; 0.215 ; memory_controller:mem|flash_interface32bit:flash32|data[8]                   ; memory_controller:mem|flash_interface32bit:flash32|data[8]                   ; CLOCK_50     ; CLOCK_50    ; 0.000        ; 0.000      ; 0.367      ;
; 0.215 ; memory_controller:mem|flash_interface32bit:flash32|data[18]                  ; memory_controller:mem|flash_interface32bit:flash32|data[18]                  ; CLOCK_50     ; CLOCK_50    ; 0.000        ; 0.000      ; 0.367      ;
; 0.215 ; memory_controller:mem|flash_interface32bit:flash32|data[16]                  ; memory_controller:mem|flash_interface32bit:flash32|data[16]                  ; CLOCK_50     ; CLOCK_50    ; 0.000        ; 0.000      ; 0.367      ;
; 0.215 ; memory_controller:mem|flash_interface32bit:flash32|data[23]                  ; memory_controller:mem|flash_interface32bit:flash32|data[23]                  ; CLOCK_50     ; CLOCK_50    ; 0.000        ; 0.000      ; 0.367      ;
; 0.215 ; memory_controller:mem|flash_interface32bit:flash32|data[7]                   ; memory_controller:mem|flash_interface32bit:flash32|data[7]                   ; CLOCK_50     ; CLOCK_50    ; 0.000        ; 0.000      ; 0.367      ;
; 0.215 ; memory_controller:mem|flash_interface32bit:flash32|data[0]                   ; memory_controller:mem|flash_interface32bit:flash32|data[0]                   ; CLOCK_50     ; CLOCK_50    ; 0.000        ; 0.000      ; 0.367      ;
; 0.215 ; memory_controller:mem|flash_interface32bit:flash32|data[31]                  ; memory_controller:mem|flash_interface32bit:flash32|data[31]                  ; CLOCK_50     ; CLOCK_50    ; 0.000        ; 0.000      ; 0.367      ;
; 0.215 ; memory_controller:mem|flash_interface32bit:flash32|data[2]                   ; memory_controller:mem|flash_interface32bit:flash32|data[2]                   ; CLOCK_50     ; CLOCK_50    ; 0.000        ; 0.000      ; 0.367      ;
; 0.215 ; memory_controller:mem|flash_interface32bit:flash32|data[9]                   ; memory_controller:mem|flash_interface32bit:flash32|data[9]                   ; CLOCK_50     ; CLOCK_50    ; 0.000        ; 0.000      ; 0.367      ;
; 0.215 ; memory_controller:mem|flash_interface32bit:flash32|data[1]                   ; memory_controller:mem|flash_interface32bit:flash32|data[1]                   ; CLOCK_50     ; CLOCK_50    ; 0.000        ; 0.000      ; 0.367      ;
; 0.215 ; memory_controller:mem|flash_interface32bit:flash32|data[21]                  ; memory_controller:mem|flash_interface32bit:flash32|data[21]                  ; CLOCK_50     ; CLOCK_50    ; 0.000        ; 0.000      ; 0.367      ;
; 0.215 ; memory_controller:mem|flash_interface32bit:flash32|data[3]                   ; memory_controller:mem|flash_interface32bit:flash32|data[3]                   ; CLOCK_50     ; CLOCK_50    ; 0.000        ; 0.000      ; 0.367      ;
; 0.215 ; memory_controller:mem|flash_interface32bit:flash32|data[4]                   ; memory_controller:mem|flash_interface32bit:flash32|data[4]                   ; CLOCK_50     ; CLOCK_50    ; 0.000        ; 0.000      ; 0.367      ;
; 0.215 ; memory_controller:mem|sram_interface32bit:sram32|writing                     ; memory_controller:mem|sram_interface32bit:sram32|writing                     ; CLOCK_50     ; CLOCK_50    ; 0.000        ; 0.000      ; 0.367      ;
; 0.215 ; memory_controller:mem|flash_interface32bit:flash32|data[6]                   ; memory_controller:mem|flash_interface32bit:flash32|data[6]                   ; CLOCK_50     ; CLOCK_50    ; 0.000        ; 0.000      ; 0.367      ;
; 0.215 ; memory_controller:mem|memory_mapped_io:memory_mapped_io|state.IDLE           ; memory_controller:mem|memory_mapped_io:memory_mapped_io|state.IDLE           ; CLOCK_50     ; CLOCK_50    ; 0.000        ; 0.000      ; 0.367      ;
; 0.215 ; ps2_interface:ps2_interface|reset_counter[22]                                ; ps2_interface:ps2_interface|reset_counter[22]                                ; CLOCK_50     ; CLOCK_50    ; 0.000        ; 0.000      ; 0.367      ;
; 0.215 ; memory_controller:mem|memory_mapped_io:memory_mapped_io|data_out[0]          ; memory_controller:mem|memory_mapped_io:memory_mapped_io|data_out[0]          ; CLOCK_50     ; CLOCK_50    ; 0.000        ; 0.000      ; 0.367      ;
; 0.215 ; memory_controller:mem|flash_interface32bit:flash32|data[24]                  ; memory_controller:mem|flash_interface32bit:flash32|data[24]                  ; CLOCK_50     ; CLOCK_50    ; 0.000        ; 0.000      ; 0.367      ;
; 0.215 ; memory_controller:mem|flash_interface32bit:flash32|data[25]                  ; memory_controller:mem|flash_interface32bit:flash32|data[25]                  ; CLOCK_50     ; CLOCK_50    ; 0.000        ; 0.000      ; 0.367      ;
; 0.215 ; memory_controller:mem|flash_interface32bit:flash32|data[27]                  ; memory_controller:mem|flash_interface32bit:flash32|data[27]                  ; CLOCK_50     ; CLOCK_50    ; 0.000        ; 0.000      ; 0.367      ;
; 0.215 ; memory_controller:mem|flash_interface32bit:flash32|data[26]                  ; memory_controller:mem|flash_interface32bit:flash32|data[26]                  ; CLOCK_50     ; CLOCK_50    ; 0.000        ; 0.000      ; 0.367      ;
; 0.215 ; memory_controller:mem|flash_interface32bit:flash32|data[5]                   ; memory_controller:mem|flash_interface32bit:flash32|data[5]                   ; CLOCK_50     ; CLOCK_50    ; 0.000        ; 0.000      ; 0.367      ;
; 0.215 ; memory_controller:mem|flash_interface32bit:flash32|data[12]                  ; memory_controller:mem|flash_interface32bit:flash32|data[12]                  ; CLOCK_50     ; CLOCK_50    ; 0.000        ; 0.000      ; 0.367      ;
; 0.215 ; memory_controller:mem|flash_interface32bit:flash32|data[11]                  ; memory_controller:mem|flash_interface32bit:flash32|data[11]                  ; CLOCK_50     ; CLOCK_50    ; 0.000        ; 0.000      ; 0.367      ;
; 0.215 ; memory_controller:mem|flash_interface32bit:flash32|data[30]                  ; memory_controller:mem|flash_interface32bit:flash32|data[30]                  ; CLOCK_50     ; CLOCK_50    ; 0.000        ; 0.000      ; 0.367      ;
; 0.215 ; memory_controller:mem|flash_interface32bit:flash32|data[10]                  ; memory_controller:mem|flash_interface32bit:flash32|data[10]                  ; CLOCK_50     ; CLOCK_50    ; 0.000        ; 0.000      ; 0.367      ;
; 0.215 ; memory_controller:mem|flash_interface32bit:flash32|data[19]                  ; memory_controller:mem|flash_interface32bit:flash32|data[19]                  ; CLOCK_50     ; CLOCK_50    ; 0.000        ; 0.000      ; 0.367      ;
; 0.215 ; memory_controller:mem|flash_interface32bit:flash32|data[17]                  ; memory_controller:mem|flash_interface32bit:flash32|data[17]                  ; CLOCK_50     ; CLOCK_50    ; 0.000        ; 0.000      ; 0.367      ;
; 0.215 ; memory_controller:mem|flash_interface32bit:flash32|data[13]                  ; memory_controller:mem|flash_interface32bit:flash32|data[13]                  ; CLOCK_50     ; CLOCK_50    ; 0.000        ; 0.000      ; 0.367      ;
; 0.215 ; memory_controller:mem|flash_interface32bit:flash32|data[15]                  ; memory_controller:mem|flash_interface32bit:flash32|data[15]                  ; CLOCK_50     ; CLOCK_50    ; 0.000        ; 0.000      ; 0.367      ;
; 0.215 ; memory_controller:mem|flash_interface32bit:flash32|data[14]                  ; memory_controller:mem|flash_interface32bit:flash32|data[14]                  ; CLOCK_50     ; CLOCK_50    ; 0.000        ; 0.000      ; 0.367      ;
; 0.215 ; memory_controller:mem|flash_interface32bit:flash32|data[20]                  ; memory_controller:mem|flash_interface32bit:flash32|data[20]                  ; CLOCK_50     ; CLOCK_50    ; 0.000        ; 0.000      ; 0.367      ;
; 0.215 ; button_debounce:sram_command_trigger|internal_debounce                       ; button_debounce:sram_command_trigger|internal_debounce                       ; CLOCK_50     ; CLOCK_50    ; 0.000        ; 0.000      ; 0.367      ;
; 0.215 ; memory_controller:mem|flash_interface32bit:flash32|data[29]                  ; memory_controller:mem|flash_interface32bit:flash32|data[29]                  ; CLOCK_50     ; CLOCK_50    ; 0.000        ; 0.000      ; 0.367      ;
; 0.215 ; memory_controller:mem|last_module.FLASH                                      ; memory_controller:mem|last_module.FLASH                                      ; CLOCK_50     ; CLOCK_50    ; 0.000        ; 0.000      ; 0.367      ;
; 0.215 ; memory_controller:mem|flash_interface32bit:flash32|data[22]                  ; memory_controller:mem|flash_interface32bit:flash32|data[22]                  ; CLOCK_50     ; CLOCK_50    ; 0.000        ; 0.000      ; 0.367      ;
; 0.215 ; memory_controller:mem|flash_interface32bit:flash32|data[28]                  ; memory_controller:mem|flash_interface32bit:flash32|data[28]                  ; CLOCK_50     ; CLOCK_50    ; 0.000        ; 0.000      ; 0.367      ;
; 0.215 ; memory_controller:mem|last_module.SRAM                                       ; memory_controller:mem|last_module.SRAM                                       ; CLOCK_50     ; CLOCK_50    ; 0.000        ; 0.000      ; 0.367      ;
; 0.215 ; memory_controller:mem|memory_mapped_io:memory_mapped_io|finished             ; memory_controller:mem|memory_mapped_io:memory_mapped_io|finished             ; CLOCK_50     ; CLOCK_50    ; 0.000        ; 0.000      ; 0.367      ;
; 0.215 ; memory_controller:mem|sram_interface32bit:sram32|finished                    ; memory_controller:mem|sram_interface32bit:sram32|finished                    ; CLOCK_50     ; CLOCK_50    ; 0.000        ; 0.000      ; 0.367      ;
; 0.215 ; memory_controller:mem|flash_interface32bit:flash32|finished                  ; memory_controller:mem|flash_interface32bit:flash32|finished                  ; CLOCK_50     ; CLOCK_50    ; 0.000        ; 0.000      ; 0.367      ;
; 0.215 ; memory_controller:mem|memory_mapped_io:memory_mapped_io|vga_pen_draw         ; memory_controller:mem|memory_mapped_io:memory_mapped_io|vga_pen_draw         ; CLOCK_50     ; CLOCK_50    ; 0.000        ; 0.000      ; 0.367      ;
; 0.215 ; button_debounce:num_display_control|debounced                                ; button_debounce:num_display_control|debounced                                ; CLOCK_50     ; CLOCK_50    ; 0.000        ; 0.000      ; 0.367      ;
; 0.215 ; memory_controller:mem|flash_interface32bit:flash32|interface_addr[0]         ; memory_controller:mem|flash_interface32bit:flash32|interface_addr[0]         ; CLOCK_50     ; CLOCK_50    ; 0.000        ; 0.000      ; 0.367      ;
; 0.215 ; memory_controller:mem|sram_interface32bit:sram32|interface_addr[0]           ; memory_controller:mem|sram_interface32bit:sram32|interface_addr[0]           ; CLOCK_50     ; CLOCK_50    ; 0.000        ; 0.000      ; 0.367      ;
; 0.215 ; memory_controller:mem|sram_interface32bit:sram32|interface_upper_byte_mask_n ; memory_controller:mem|sram_interface32bit:sram32|interface_upper_byte_mask_n ; CLOCK_50     ; CLOCK_50    ; 0.000        ; 0.000      ; 0.367      ;
; 0.215 ; processor_state_manager:processor_state_manager|processor_state[0]           ; processor_state_manager:processor_state_manager|processor_state[0]           ; CLOCK_50     ; CLOCK_50    ; 0.000        ; 0.000      ; 0.367      ;
; 0.215 ; processor_state_manager:processor_state_manager|processor_state[1]           ; processor_state_manager:processor_state_manager|processor_state[1]           ; CLOCK_50     ; CLOCK_50    ; 0.000        ; 0.000      ; 0.367      ;
; 0.240 ; button_debounce:sram_command_trigger|sync1                                   ; button_debounce:sram_command_trigger|sync2                                   ; CLOCK_50     ; CLOCK_50    ; 0.000        ; 0.000      ; 0.392      ;
; 0.240 ; memory_controller:mem|flash_interface32bit:flash32|state.READ2               ; memory_controller:mem|flash_interface32bit:flash32|state.READ3               ; CLOCK_50     ; CLOCK_50    ; 0.000        ; 0.000      ; 0.392      ;
; 0.243 ; button_debounce:sram_command_trigger|counter[22]                             ; button_debounce:sram_command_trigger|counter[22]                             ; CLOCK_50     ; CLOCK_50    ; 0.000        ; 0.000      ; 0.395      ;
; 0.243 ; button_debounce:num_display_control|counter[22]                              ; button_debounce:num_display_control|counter[22]                              ; CLOCK_50     ; CLOCK_50    ; 0.000        ; 0.000      ; 0.395      ;
; 0.250 ; button_debounce:sram_command_trigger|precise_count_down[22]                  ; button_debounce:sram_command_trigger|precise_count_down[22]                  ; CLOCK_50     ; CLOCK_50    ; 0.000        ; 0.000      ; 0.402      ;
; 0.254 ; button_debounce:sram_command_trigger|internal_debounce                       ; button_debounce:sram_command_trigger|debounced                               ; CLOCK_50     ; CLOCK_50    ; 0.000        ; 0.000      ; 0.406      ;
; 0.259 ; vga_interface:vga_interface|x_counter[9]                                     ; vga_interface:vga_interface|x_counter[9]                                     ; CLOCK_50     ; CLOCK_50    ; 0.000        ; 0.000      ; 0.411      ;
; 0.264 ; rst_n_init:rst_n_init|counter[0]                                             ; rst_n_init:rst_n_init|counter[1]                                             ; CLOCK_50     ; CLOCK_50    ; 0.000        ; 0.000      ; 0.416      ;
; 0.266 ; rst_n_init:rst_n_init|rst_n                                                  ; memory_controller:mem|last_module.FLASH                                      ; CLOCK_50     ; CLOCK_50    ; 0.000        ; 0.221      ; 0.639      ;
; 0.312 ; memory_controller:mem|sram_interface32bit:sram32|state.UNALIGNED_READ3       ; memory_controller:mem|sram_interface32bit:sram32|data_out[0]                 ; CLOCK_50     ; CLOCK_50    ; 0.000        ; 0.000      ; 0.464      ;
; 0.320 ; memory_controller:mem|sram_interface32bit:sram32|state.UNALIGNED_READ3       ; memory_controller:mem|sram_interface32bit:sram32|data_out[4]                 ; CLOCK_50     ; CLOCK_50    ; 0.000        ; 0.000      ; 0.472      ;
; 0.335 ; rst_n_init:rst_n_init|counter[1]                                             ; rst_n_init:rst_n_init|counter[0]                                             ; CLOCK_50     ; CLOCK_50    ; 0.000        ; 0.000      ; 0.487      ;
; 0.335 ; memory_controller:mem|flash_interface32bit:flash32|state.READ3               ; memory_controller:mem|flash_interface32bit:flash32|data[8]                   ; CLOCK_50     ; CLOCK_50    ; 0.000        ; 0.000      ; 0.487      ;
; 0.339 ; memory_controller:mem|flash_interface32bit:flash32|state.READ3               ; memory_controller:mem|flash_interface32bit:flash32|state.READ4               ; CLOCK_50     ; CLOCK_50    ; 0.000        ; 0.000      ; 0.491      ;
; 0.351 ; processor_state_manager:processor_state_manager|processor_state[2]           ; memory_access:memory_access|read_res[13]                                     ; CLOCK_50     ; CLOCK_50    ; 0.000        ; 0.226      ; 0.729      ;
; 0.353 ; button_debounce:sram_command_trigger|counter[11]                             ; button_debounce:sram_command_trigger|counter[11]                             ; CLOCK_50     ; CLOCK_50    ; 0.000        ; 0.000      ; 0.505      ;
; 0.353 ; button_debounce:num_display_control|counter[11]                              ; button_debounce:num_display_control|counter[11]                              ; CLOCK_50     ; CLOCK_50    ; 0.000        ; 0.000      ; 0.505      ;
; 0.354 ; button_debounce:sram_command_trigger|counter[2]                              ; button_debounce:sram_command_trigger|counter[2]                              ; CLOCK_50     ; CLOCK_50    ; 0.000        ; 0.000      ; 0.506      ;
; 0.354 ; button_debounce:num_display_control|counter[2]                               ; button_debounce:num_display_control|counter[2]                               ; CLOCK_50     ; CLOCK_50    ; 0.000        ; 0.000      ; 0.506      ;
; 0.356 ; processor_state_manager:processor_state_manager|processor_state[2]           ; memory_access:memory_access|read_res[0]                                      ; CLOCK_50     ; CLOCK_50    ; 0.000        ; 0.226      ; 0.734      ;
; 0.356 ; button_debounce:sram_command_trigger|counter[4]                              ; button_debounce:sram_command_trigger|counter[4]                              ; CLOCK_50     ; CLOCK_50    ; 0.000        ; 0.000      ; 0.508      ;
; 0.356 ; button_debounce:sram_command_trigger|counter[6]                              ; button_debounce:sram_command_trigger|counter[6]                              ; CLOCK_50     ; CLOCK_50    ; 0.000        ; 0.000      ; 0.508      ;
; 0.356 ; button_debounce:num_display_control|counter[4]                               ; button_debounce:num_display_control|counter[4]                               ; CLOCK_50     ; CLOCK_50    ; 0.000        ; 0.000      ; 0.508      ;
; 0.356 ; button_debounce:num_display_control|counter[6]                               ; button_debounce:num_display_control|counter[6]                               ; CLOCK_50     ; CLOCK_50    ; 0.000        ; 0.000      ; 0.508      ;
; 0.357 ; button_debounce:sram_command_trigger|counter[12]                             ; button_debounce:sram_command_trigger|counter[12]                             ; CLOCK_50     ; CLOCK_50    ; 0.000        ; 0.000      ; 0.509      ;
; 0.357 ; button_debounce:sram_command_trigger|precise_count_down[11]                  ; button_debounce:sram_command_trigger|precise_count_down[11]                  ; CLOCK_50     ; CLOCK_50    ; 0.000        ; 0.000      ; 0.509      ;
; 0.357 ; button_debounce:num_display_control|counter[12]                              ; button_debounce:num_display_control|counter[12]                              ; CLOCK_50     ; CLOCK_50    ; 0.000        ; 0.000      ; 0.509      ;
; 0.358 ; button_debounce:sram_command_trigger|counter[13]                             ; button_debounce:sram_command_trigger|counter[13]                             ; CLOCK_50     ; CLOCK_50    ; 0.000        ; 0.000      ; 0.510      ;
; 0.358 ; button_debounce:sram_command_trigger|counter[20]                             ; button_debounce:sram_command_trigger|counter[20]                             ; CLOCK_50     ; CLOCK_50    ; 0.000        ; 0.000      ; 0.510      ;
; 0.358 ; vga_interface:vga_interface|x_counter[1]                                     ; vga_interface:vga_interface|x_counter[1]                                     ; CLOCK_50     ; CLOCK_50    ; 0.000        ; 0.000      ; 0.510      ;
; 0.358 ; button_debounce:num_display_control|counter[13]                              ; button_debounce:num_display_control|counter[13]                              ; CLOCK_50     ; CLOCK_50    ; 0.000        ; 0.000      ; 0.510      ;
; 0.358 ; button_debounce:num_display_control|counter[20]                              ; button_debounce:num_display_control|counter[20]                              ; CLOCK_50     ; CLOCK_50    ; 0.000        ; 0.000      ; 0.510      ;
; 0.359 ; processor_state_manager:processor_state_manager|processor_state[2]           ; memory_access:memory_access|read_res[6]                                      ; CLOCK_50     ; CLOCK_50    ; 0.000        ; 0.227      ; 0.738      ;
; 0.359 ; button_debounce:sram_command_trigger|counter[8]                              ; button_debounce:sram_command_trigger|counter[8]                              ; CLOCK_50     ; CLOCK_50    ; 0.000        ; 0.000      ; 0.511      ;
; 0.359 ; button_debounce:sram_command_trigger|counter[9]                              ; button_debounce:sram_command_trigger|counter[9]                              ; CLOCK_50     ; CLOCK_50    ; 0.000        ; 0.000      ; 0.511      ;
; 0.359 ; button_debounce:sram_command_trigger|counter[10]                             ; button_debounce:sram_command_trigger|counter[10]                             ; CLOCK_50     ; CLOCK_50    ; 0.000        ; 0.000      ; 0.511      ;
; 0.359 ; button_debounce:sram_command_trigger|counter[15]                             ; button_debounce:sram_command_trigger|counter[15]                             ; CLOCK_50     ; CLOCK_50    ; 0.000        ; 0.000      ; 0.511      ;
; 0.359 ; button_debounce:sram_command_trigger|counter[18]                             ; button_debounce:sram_command_trigger|counter[18]                             ; CLOCK_50     ; CLOCK_50    ; 0.000        ; 0.000      ; 0.511      ;
+-------+------------------------------------------------------------------------------+------------------------------------------------------------------------------+--------------+-------------+--------------+------------+------------+


+----------------------------------------------------------------------------------------------------------------------------------------------------------------------------------------+
; Fast Model Recovery: 'CLOCK_50'                                                                                                                                                        ;
+--------+-----------------------------+---------------------------------------------------------------------------+--------------+-------------+--------------+------------+------------+
; Slack  ; From Node                   ; To Node                                                                   ; Launch Clock ; Latch Clock ; Relationship ; Clock Skew ; Data Delay ;
+--------+-----------------------------+---------------------------------------------------------------------------+--------------+-------------+--------------+------------+------------+
; 17.701 ; rst_n_init:rst_n_init|rst_n ; processor_state_manager:processor_state_manager|processor_state[2]        ; CLOCK_50     ; CLOCK_50    ; 20.000       ; 0.000      ; 2.331      ;
; 17.749 ; rst_n_init:rst_n_init|rst_n ; reg_bank:reg_bank|registers[12][3]                                        ; CLOCK_50     ; CLOCK_50    ; 20.000       ; 0.230      ; 2.513      ;
; 17.749 ; rst_n_init:rst_n_init|rst_n ; reg_bank:reg_bank|registers[13][3]                                        ; CLOCK_50     ; CLOCK_50    ; 20.000       ; 0.230      ; 2.513      ;
; 17.749 ; rst_n_init:rst_n_init|rst_n ; reg_bank:reg_bank|registers[12][4]                                        ; CLOCK_50     ; CLOCK_50    ; 20.000       ; 0.230      ; 2.513      ;
; 17.749 ; rst_n_init:rst_n_init|rst_n ; reg_bank:reg_bank|registers[13][4]                                        ; CLOCK_50     ; CLOCK_50    ; 20.000       ; 0.230      ; 2.513      ;
; 17.749 ; rst_n_init:rst_n_init|rst_n ; reg_bank:reg_bank|registers[13][21]                                       ; CLOCK_50     ; CLOCK_50    ; 20.000       ; 0.230      ; 2.513      ;
; 17.749 ; rst_n_init:rst_n_init|rst_n ; reg_bank:reg_bank|registers[12][21]                                       ; CLOCK_50     ; CLOCK_50    ; 20.000       ; 0.230      ; 2.513      ;
; 17.749 ; rst_n_init:rst_n_init|rst_n ; reg_bank:reg_bank|registers[13][12]                                       ; CLOCK_50     ; CLOCK_50    ; 20.000       ; 0.230      ; 2.513      ;
; 17.749 ; rst_n_init:rst_n_init|rst_n ; reg_bank:reg_bank|registers[13][15]                                       ; CLOCK_50     ; CLOCK_50    ; 20.000       ; 0.230      ; 2.513      ;
; 17.749 ; rst_n_init:rst_n_init|rst_n ; reg_bank:reg_bank|registers[12][15]                                       ; CLOCK_50     ; CLOCK_50    ; 20.000       ; 0.230      ; 2.513      ;
; 17.749 ; rst_n_init:rst_n_init|rst_n ; reg_bank:reg_bank|registers[12][16]                                       ; CLOCK_50     ; CLOCK_50    ; 20.000       ; 0.230      ; 2.513      ;
; 17.749 ; rst_n_init:rst_n_init|rst_n ; reg_bank:reg_bank|registers[13][16]                                       ; CLOCK_50     ; CLOCK_50    ; 20.000       ; 0.230      ; 2.513      ;
; 17.749 ; rst_n_init:rst_n_init|rst_n ; reg_bank:reg_bank|registers[12][10]                                       ; CLOCK_50     ; CLOCK_50    ; 20.000       ; 0.230      ; 2.513      ;
; 17.749 ; rst_n_init:rst_n_init|rst_n ; reg_bank:reg_bank|registers[13][17]                                       ; CLOCK_50     ; CLOCK_50    ; 20.000       ; 0.230      ; 2.513      ;
; 17.749 ; rst_n_init:rst_n_init|rst_n ; reg_bank:reg_bank|registers[12][17]                                       ; CLOCK_50     ; CLOCK_50    ; 20.000       ; 0.230      ; 2.513      ;
; 17.749 ; rst_n_init:rst_n_init|rst_n ; reg_bank:reg_bank|registers[12][0]                                        ; CLOCK_50     ; CLOCK_50    ; 20.000       ; 0.230      ; 2.513      ;
; 17.749 ; rst_n_init:rst_n_init|rst_n ; reg_bank:reg_bank|registers[13][0]                                        ; CLOCK_50     ; CLOCK_50    ; 20.000       ; 0.230      ; 2.513      ;
; 17.767 ; rst_n_init:rst_n_init|rst_n ; reg_bank:reg_bank|registers[26][20]                                       ; CLOCK_50     ; CLOCK_50    ; 20.000       ; 0.220      ; 2.485      ;
; 17.767 ; rst_n_init:rst_n_init|rst_n ; reg_bank:reg_bank|registers[18][20]                                       ; CLOCK_50     ; CLOCK_50    ; 20.000       ; 0.220      ; 2.485      ;
; 17.767 ; rst_n_init:rst_n_init|rst_n ; reg_bank:reg_bank|registers[18][7]                                        ; CLOCK_50     ; CLOCK_50    ; 20.000       ; 0.220      ; 2.485      ;
; 17.767 ; rst_n_init:rst_n_init|rst_n ; reg_bank:reg_bank|registers[26][7]                                        ; CLOCK_50     ; CLOCK_50    ; 20.000       ; 0.220      ; 2.485      ;
; 17.767 ; rst_n_init:rst_n_init|rst_n ; reg_bank:reg_bank|registers[26][8]                                        ; CLOCK_50     ; CLOCK_50    ; 20.000       ; 0.220      ; 2.485      ;
; 17.767 ; rst_n_init:rst_n_init|rst_n ; reg_bank:reg_bank|registers[18][8]                                        ; CLOCK_50     ; CLOCK_50    ; 20.000       ; 0.220      ; 2.485      ;
; 17.767 ; rst_n_init:rst_n_init|rst_n ; reg_bank:reg_bank|registers[26][14]                                       ; CLOCK_50     ; CLOCK_50    ; 20.000       ; 0.220      ; 2.485      ;
; 17.767 ; rst_n_init:rst_n_init|rst_n ; reg_bank:reg_bank|registers[18][14]                                       ; CLOCK_50     ; CLOCK_50    ; 20.000       ; 0.220      ; 2.485      ;
; 17.767 ; rst_n_init:rst_n_init|rst_n ; reg_bank:reg_bank|registers[26][6]                                        ; CLOCK_50     ; CLOCK_50    ; 20.000       ; 0.220      ; 2.485      ;
; 17.767 ; rst_n_init:rst_n_init|rst_n ; reg_bank:reg_bank|registers[18][6]                                        ; CLOCK_50     ; CLOCK_50    ; 20.000       ; 0.220      ; 2.485      ;
; 17.768 ; rst_n_init:rst_n_init|rst_n ; reg_bank:reg_bank|registers[29][24]                                       ; CLOCK_50     ; CLOCK_50    ; 20.000       ; 0.223      ; 2.487      ;
; 17.768 ; rst_n_init:rst_n_init|rst_n ; reg_bank:reg_bank|registers[30][27]                                       ; CLOCK_50     ; CLOCK_50    ; 20.000       ; 0.223      ; 2.487      ;
; 17.768 ; rst_n_init:rst_n_init|rst_n ; reg_bank:reg_bank|registers[7][6]                                         ; CLOCK_50     ; CLOCK_50    ; 20.000       ; 0.236      ; 2.500      ;
; 17.768 ; rst_n_init:rst_n_init|rst_n ; reg_bank:reg_bank|registers[6][6]                                         ; CLOCK_50     ; CLOCK_50    ; 20.000       ; 0.236      ; 2.500      ;
; 17.770 ; rst_n_init:rst_n_init|rst_n ; reg_bank:reg_bank|registers[10][12]                                       ; CLOCK_50     ; CLOCK_50    ; 20.000       ; 0.230      ; 2.492      ;
; 17.770 ; rst_n_init:rst_n_init|rst_n ; reg_bank:reg_bank|registers[12][12]                                       ; CLOCK_50     ; CLOCK_50    ; 20.000       ; 0.230      ; 2.492      ;
; 17.770 ; rst_n_init:rst_n_init|rst_n ; reg_bank:reg_bank|registers[12][9]                                        ; CLOCK_50     ; CLOCK_50    ; 20.000       ; 0.230      ; 2.492      ;
; 17.777 ; rst_n_init:rst_n_init|rst_n ; reg_bank:reg_bank|registers[31][23]                                       ; CLOCK_50     ; CLOCK_50    ; 20.000       ; 0.243      ; 2.498      ;
; 17.777 ; rst_n_init:rst_n_init|rst_n ; reg_bank:reg_bank|registers[31][20]                                       ; CLOCK_50     ; CLOCK_50    ; 20.000       ; 0.243      ; 2.498      ;
; 17.777 ; rst_n_init:rst_n_init|rst_n ; reg_bank:reg_bank|registers[27][20]                                       ; CLOCK_50     ; CLOCK_50    ; 20.000       ; 0.243      ; 2.498      ;
; 17.777 ; rst_n_init:rst_n_init|rst_n ; reg_bank:reg_bank|registers[1][12]                                        ; CLOCK_50     ; CLOCK_50    ; 20.000       ; 0.222      ; 2.477      ;
; 17.777 ; rst_n_init:rst_n_init|rst_n ; reg_bank:reg_bank|registers[25][15]                                       ; CLOCK_50     ; CLOCK_50    ; 20.000       ; 0.222      ; 2.477      ;
; 17.777 ; rst_n_init:rst_n_init|rst_n ; reg_bank:reg_bank|registers[1][15]                                        ; CLOCK_50     ; CLOCK_50    ; 20.000       ; 0.222      ; 2.477      ;
; 17.778 ; rst_n_init:rst_n_init|rst_n ; reg_bank:reg_bank|registers[22][25]                                       ; CLOCK_50     ; CLOCK_50    ; 20.000       ; 0.237      ; 2.491      ;
; 17.778 ; rst_n_init:rst_n_init|rst_n ; reg_bank:reg_bank|registers[30][25]                                       ; CLOCK_50     ; CLOCK_50    ; 20.000       ; 0.237      ; 2.491      ;
; 17.778 ; rst_n_init:rst_n_init|rst_n ; reg_bank:reg_bank|registers[9][19]                                        ; CLOCK_50     ; CLOCK_50    ; 20.000       ; 0.246      ; 2.500      ;
; 17.778 ; rst_n_init:rst_n_init|rst_n ; reg_bank:reg_bank|registers[11][19]                                       ; CLOCK_50     ; CLOCK_50    ; 20.000       ; 0.246      ; 2.500      ;
; 17.778 ; rst_n_init:rst_n_init|rst_n ; reg_bank:reg_bank|registers[22][9]                                        ; CLOCK_50     ; CLOCK_50    ; 20.000       ; 0.237      ; 2.491      ;
; 17.778 ; rst_n_init:rst_n_init|rst_n ; reg_bank:reg_bank|registers[30][9]                                        ; CLOCK_50     ; CLOCK_50    ; 20.000       ; 0.237      ; 2.491      ;
; 17.778 ; rst_n_init:rst_n_init|rst_n ; reg_bank:reg_bank|registers[30][14]                                       ; CLOCK_50     ; CLOCK_50    ; 20.000       ; 0.237      ; 2.491      ;
; 17.778 ; rst_n_init:rst_n_init|rst_n ; reg_bank:reg_bank|registers[22][14]                                       ; CLOCK_50     ; CLOCK_50    ; 20.000       ; 0.237      ; 2.491      ;
; 17.778 ; rst_n_init:rst_n_init|rst_n ; reg_bank:reg_bank|registers[30][15]                                       ; CLOCK_50     ; CLOCK_50    ; 20.000       ; 0.237      ; 2.491      ;
; 17.778 ; rst_n_init:rst_n_init|rst_n ; reg_bank:reg_bank|registers[22][15]                                       ; CLOCK_50     ; CLOCK_50    ; 20.000       ; 0.237      ; 2.491      ;
; 17.778 ; rst_n_init:rst_n_init|rst_n ; reg_bank:reg_bank|registers[16][15]                                       ; CLOCK_50     ; CLOCK_50    ; 20.000       ; 0.237      ; 2.491      ;
; 17.778 ; rst_n_init:rst_n_init|rst_n ; reg_bank:reg_bank|registers[16][6]                                        ; CLOCK_50     ; CLOCK_50    ; 20.000       ; 0.237      ; 2.491      ;
; 17.778 ; rst_n_init:rst_n_init|rst_n ; reg_bank:reg_bank|registers[24][0]                                        ; CLOCK_50     ; CLOCK_50    ; 20.000       ; 0.237      ; 2.491      ;
; 17.778 ; rst_n_init:rst_n_init|rst_n ; reg_bank:reg_bank|registers[16][0]                                        ; CLOCK_50     ; CLOCK_50    ; 20.000       ; 0.237      ; 2.491      ;
; 17.778 ; rst_n_init:rst_n_init|rst_n ; reg_bank:reg_bank|registers[22][0]                                        ; CLOCK_50     ; CLOCK_50    ; 20.000       ; 0.237      ; 2.491      ;
; 17.778 ; rst_n_init:rst_n_init|rst_n ; reg_bank:reg_bank|registers[30][0]                                        ; CLOCK_50     ; CLOCK_50    ; 20.000       ; 0.237      ; 2.491      ;
; 17.779 ; rst_n_init:rst_n_init|rst_n ; reg_bank:reg_bank|registers[4][1]                                         ; CLOCK_50     ; CLOCK_50    ; 20.000       ; 0.238      ; 2.491      ;
; 17.779 ; rst_n_init:rst_n_init|rst_n ; reg_bank:reg_bank|registers[22][26]                                       ; CLOCK_50     ; CLOCK_50    ; 20.000       ; 0.238      ; 2.491      ;
; 17.779 ; rst_n_init:rst_n_init|rst_n ; reg_bank:reg_bank|registers[31][7]                                        ; CLOCK_50     ; CLOCK_50    ; 20.000       ; 0.228      ; 2.481      ;
; 17.779 ; rst_n_init:rst_n_init|rst_n ; reg_bank:reg_bank|registers[31][15]                                       ; CLOCK_50     ; CLOCK_50    ; 20.000       ; 0.228      ; 2.481      ;
; 17.779 ; rst_n_init:rst_n_init|rst_n ; reg_bank:reg_bank|registers[29][15]                                       ; CLOCK_50     ; CLOCK_50    ; 20.000       ; 0.228      ; 2.481      ;
; 17.779 ; rst_n_init:rst_n_init|rst_n ; reg_bank:reg_bank|registers[22][29]                                       ; CLOCK_50     ; CLOCK_50    ; 20.000       ; 0.238      ; 2.491      ;
; 17.779 ; rst_n_init:rst_n_init|rst_n ; reg_bank:reg_bank|registers[4][31]                                        ; CLOCK_50     ; CLOCK_50    ; 20.000       ; 0.238      ; 2.491      ;
; 17.782 ; rst_n_init:rst_n_init|rst_n ; reg_bank:reg_bank|registers[15][13]                                       ; CLOCK_50     ; CLOCK_50    ; 20.000       ; 0.229      ; 2.479      ;
; 17.782 ; rst_n_init:rst_n_init|rst_n ; reg_bank:reg_bank|registers[4][9]                                         ; CLOCK_50     ; CLOCK_50    ; 20.000       ; 0.229      ; 2.479      ;
; 17.782 ; rst_n_init:rst_n_init|rst_n ; reg_bank:reg_bank|registers[15][8]                                        ; CLOCK_50     ; CLOCK_50    ; 20.000       ; 0.229      ; 2.479      ;
; 17.782 ; rst_n_init:rst_n_init|rst_n ; reg_bank:reg_bank|registers[17][15]                                       ; CLOCK_50     ; CLOCK_50    ; 20.000       ; 0.226      ; 2.476      ;
; 17.782 ; rst_n_init:rst_n_init|rst_n ; reg_bank:reg_bank|registers[21][15]                                       ; CLOCK_50     ; CLOCK_50    ; 20.000       ; 0.226      ; 2.476      ;
; 17.782 ; rst_n_init:rst_n_init|rst_n ; reg_bank:reg_bank|registers[15][10]                                       ; CLOCK_50     ; CLOCK_50    ; 20.000       ; 0.229      ; 2.479      ;
; 17.934 ; rst_n_init:rst_n_init|rst_n ; memory_controller:mem|sram_interface32bit:sram32|state.READ2              ; CLOCK_50     ; CLOCK_50    ; 20.000       ; 0.221      ; 2.319      ;
; 17.934 ; rst_n_init:rst_n_init|rst_n ; memory_controller:mem|sram_interface32bit:sram32|state.UNALIGNED_WRITE1   ; CLOCK_50     ; CLOCK_50    ; 20.000       ; 0.222      ; 2.320      ;
; 17.934 ; rst_n_init:rst_n_init|rst_n ; memory_controller:mem|flash_interface32bit:flash32|data[18]               ; CLOCK_50     ; CLOCK_50    ; 20.000       ; 0.227      ; 2.325      ;
; 17.934 ; rst_n_init:rst_n_init|rst_n ; memory_controller:mem|flash_interface32bit:flash32|data[23]               ; CLOCK_50     ; CLOCK_50    ; 20.000       ; 0.227      ; 2.325      ;
; 17.934 ; rst_n_init:rst_n_init|rst_n ; memory_controller:mem|sram_interface32bit:sram32|state.READ_BYTE_LOWER    ; CLOCK_50     ; CLOCK_50    ; 20.000       ; 0.221      ; 2.319      ;
; 17.934 ; rst_n_init:rst_n_init|rst_n ; memory_controller:mem|sram_interface32bit:sram32|state.READ_BYTE_UPPER    ; CLOCK_50     ; CLOCK_50    ; 20.000       ; 0.222      ; 2.320      ;
; 17.934 ; rst_n_init:rst_n_init|rst_n ; memory_controller:mem|sram_interface32bit:sram32|state.UNALIGNED_READ3    ; CLOCK_50     ; CLOCK_50    ; 20.000       ; 0.214      ; 2.312      ;
; 17.934 ; rst_n_init:rst_n_init|rst_n ; memory_controller:mem|sram_interface32bit:sram32|data_out[7]              ; CLOCK_50     ; CLOCK_50    ; 20.000       ; 0.214      ; 2.312      ;
; 17.934 ; rst_n_init:rst_n_init|rst_n ; memory_controller:mem|flash_interface32bit:flash32|data[7]                ; CLOCK_50     ; CLOCK_50    ; 20.000       ; 0.233      ; 2.331      ;
; 17.934 ; rst_n_init:rst_n_init|rst_n ; instruction_fetch_and_pc:instruction_fetch_and_pc|saved_instruction32[31] ; CLOCK_50     ; CLOCK_50    ; 20.000       ; 0.233      ; 2.331      ;
; 17.934 ; rst_n_init:rst_n_init|rst_n ; memory_controller:mem|sram_interface32bit:sram32|data_out[0]              ; CLOCK_50     ; CLOCK_50    ; 20.000       ; 0.214      ; 2.312      ;
; 17.934 ; rst_n_init:rst_n_init|rst_n ; memory_controller:mem|flash_interface32bit:flash32|data[31]               ; CLOCK_50     ; CLOCK_50    ; 20.000       ; 0.227      ; 2.325      ;
; 17.934 ; rst_n_init:rst_n_init|rst_n ; instruction_fetch_and_pc:instruction_fetch_and_pc|saved_instruction32[7]  ; CLOCK_50     ; CLOCK_50    ; 20.000       ; 0.233      ; 2.331      ;
; 17.934 ; rst_n_init:rst_n_init|rst_n ; memory_controller:mem|flash_interface32bit:flash32|data[2]                ; CLOCK_50     ; CLOCK_50    ; 20.000       ; 0.233      ; 2.331      ;
; 17.934 ; rst_n_init:rst_n_init|rst_n ; memory_controller:mem|sram_interface32bit:sram32|data_out[2]              ; CLOCK_50     ; CLOCK_50    ; 20.000       ; 0.214      ; 2.312      ;
; 17.934 ; rst_n_init:rst_n_init|rst_n ; memory_controller:mem|flash_interface32bit:flash32|data[9]                ; CLOCK_50     ; CLOCK_50    ; 20.000       ; 0.233      ; 2.331      ;
; 17.934 ; rst_n_init:rst_n_init|rst_n ; memory_controller:mem|sram_interface32bit:sram32|data_out[1]              ; CLOCK_50     ; CLOCK_50    ; 20.000       ; 0.214      ; 2.312      ;
; 17.934 ; rst_n_init:rst_n_init|rst_n ; memory_controller:mem|flash_interface32bit:flash32|data[1]                ; CLOCK_50     ; CLOCK_50    ; 20.000       ; 0.233      ; 2.331      ;
; 17.934 ; rst_n_init:rst_n_init|rst_n ; instruction_fetch_and_pc:instruction_fetch_and_pc|saved_instruction32[15] ; CLOCK_50     ; CLOCK_50    ; 20.000       ; 0.227      ; 2.325      ;
; 17.934 ; rst_n_init:rst_n_init|rst_n ; reg_bank:reg_bank|registers[10][25]                                       ; CLOCK_50     ; CLOCK_50    ; 20.000       ; 0.231      ; 2.329      ;
; 17.934 ; rst_n_init:rst_n_init|rst_n ; reg_bank:reg_bank|registers[4][25]                                        ; CLOCK_50     ; CLOCK_50    ; 20.000       ; 0.232      ; 2.330      ;
; 17.934 ; rst_n_init:rst_n_init|rst_n ; reg_bank:reg_bank|registers[5][25]                                        ; CLOCK_50     ; CLOCK_50    ; 20.000       ; 0.232      ; 2.330      ;
; 17.934 ; rst_n_init:rst_n_init|rst_n ; reg_bank:reg_bank|registers[16][25]                                       ; CLOCK_50     ; CLOCK_50    ; 20.000       ; 0.235      ; 2.333      ;
; 17.934 ; rst_n_init:rst_n_init|rst_n ; reg_bank:reg_bank|registers[24][25]                                       ; CLOCK_50     ; CLOCK_50    ; 20.000       ; 0.235      ; 2.333      ;
; 17.934 ; rst_n_init:rst_n_init|rst_n ; reg_bank:reg_bank|registers[29][25]                                       ; CLOCK_50     ; CLOCK_50    ; 20.000       ; 0.236      ; 2.334      ;
; 17.934 ; rst_n_init:rst_n_init|rst_n ; reg_bank:reg_bank|registers[17][25]                                       ; CLOCK_50     ; CLOCK_50    ; 20.000       ; 0.236      ; 2.334      ;
; 17.934 ; rst_n_init:rst_n_init|rst_n ; reg_bank:reg_bank|registers[25][25]                                       ; CLOCK_50     ; CLOCK_50    ; 20.000       ; 0.236      ; 2.334      ;
; 17.934 ; rst_n_init:rst_n_init|rst_n ; reg_bank:reg_bank|registers[19][25]                                       ; CLOCK_50     ; CLOCK_50    ; 20.000       ; 0.216      ; 2.314      ;
; 17.934 ; rst_n_init:rst_n_init|rst_n ; reg_bank:reg_bank|registers[27][25]                                       ; CLOCK_50     ; CLOCK_50    ; 20.000       ; 0.216      ; 2.314      ;
; 17.934 ; rst_n_init:rst_n_init|rst_n ; reg_bank:reg_bank|registers[31][25]                                       ; CLOCK_50     ; CLOCK_50    ; 20.000       ; 0.216      ; 2.314      ;
; 17.934 ; rst_n_init:rst_n_init|rst_n ; reg_bank:reg_bank|registers[23][25]                                       ; CLOCK_50     ; CLOCK_50    ; 20.000       ; 0.216      ; 2.314      ;
+--------+-----------------------------+---------------------------------------------------------------------------+--------------+-------------+--------------+------------+------------+


+-------------------------------------------------------------------------------------------------------------------------------------------------------------------------------------------+
; Fast Model Removal: 'CLOCK_50'                                                                                                                                                            ;
+-------+-----------------------------+-------------------------------------------------------------------------------+--------------+-------------+--------------+------------+------------+
; Slack ; From Node                   ; To Node                                                                       ; Launch Clock ; Latch Clock ; Relationship ; Clock Skew ; Data Delay ;
+-------+-----------------------------+-------------------------------------------------------------------------------+--------------+-------------+--------------+------------+------------+
; 1.931 ; rst_n_init:rst_n_init|rst_n ; reg_bank:reg_bank|registers[2][25]                                            ; CLOCK_50     ; CLOCK_50    ; 0.000        ; 0.228      ; 2.311      ;
; 1.931 ; rst_n_init:rst_n_init|rst_n ; reg_bank:reg_bank|registers[5][1]                                             ; CLOCK_50     ; CLOCK_50    ; 0.000        ; 0.232      ; 2.315      ;
; 1.931 ; rst_n_init:rst_n_init|rst_n ; reg_bank:reg_bank|registers[11][1]                                            ; CLOCK_50     ; CLOCK_50    ; 0.000        ; 0.240      ; 2.323      ;
; 1.931 ; rst_n_init:rst_n_init|rst_n ; reg_bank:reg_bank|registers[9][1]                                             ; CLOCK_50     ; CLOCK_50    ; 0.000        ; 0.240      ; 2.323      ;
; 1.931 ; rst_n_init:rst_n_init|rst_n ; instruction_fetch_and_pc:instruction_fetch_and_pc|pc[23]                      ; CLOCK_50     ; CLOCK_50    ; 0.000        ; 0.226      ; 2.309      ;
; 1.931 ; rst_n_init:rst_n_init|rst_n ; reg_bank:reg_bank|registers[16][3]                                            ; CLOCK_50     ; CLOCK_50    ; 0.000        ; 0.240      ; 2.323      ;
; 1.931 ; rst_n_init:rst_n_init|rst_n ; reg_bank:reg_bank|registers[22][3]                                            ; CLOCK_50     ; CLOCK_50    ; 0.000        ; 0.240      ; 2.323      ;
; 1.931 ; rst_n_init:rst_n_init|rst_n ; reg_bank:reg_bank|registers[18][3]                                            ; CLOCK_50     ; CLOCK_50    ; 0.000        ; 0.240      ; 2.323      ;
; 1.931 ; rst_n_init:rst_n_init|rst_n ; instruction_fetch_and_pc:instruction_fetch_and_pc|pc[21]                      ; CLOCK_50     ; CLOCK_50    ; 0.000        ; 0.226      ; 2.309      ;
; 1.931 ; rst_n_init:rst_n_init|rst_n ; reg_bank:reg_bank|registers[20][19]                                           ; CLOCK_50     ; CLOCK_50    ; 0.000        ; 0.240      ; 2.323      ;
; 1.931 ; rst_n_init:rst_n_init|rst_n ; reg_bank:reg_bank|registers[18][19]                                           ; CLOCK_50     ; CLOCK_50    ; 0.000        ; 0.240      ; 2.323      ;
; 1.931 ; rst_n_init:rst_n_init|rst_n ; reg_bank:reg_bank|registers[22][19]                                           ; CLOCK_50     ; CLOCK_50    ; 0.000        ; 0.240      ; 2.323      ;
; 1.931 ; rst_n_init:rst_n_init|rst_n ; reg_bank:reg_bank|registers[20][30]                                           ; CLOCK_50     ; CLOCK_50    ; 0.000        ; 0.240      ; 2.323      ;
; 1.931 ; rst_n_init:rst_n_init|rst_n ; reg_bank:reg_bank|registers[16][30]                                           ; CLOCK_50     ; CLOCK_50    ; 0.000        ; 0.240      ; 2.323      ;
; 1.931 ; rst_n_init:rst_n_init|rst_n ; reg_bank:reg_bank|registers[18][30]                                           ; CLOCK_50     ; CLOCK_50    ; 0.000        ; 0.240      ; 2.323      ;
; 1.931 ; rst_n_init:rst_n_init|rst_n ; reg_bank:reg_bank|registers[22][30]                                           ; CLOCK_50     ; CLOCK_50    ; 0.000        ; 0.240      ; 2.323      ;
; 1.931 ; rst_n_init:rst_n_init|rst_n ; instruction_fetch_and_pc:instruction_fetch_and_pc|pc[25]                      ; CLOCK_50     ; CLOCK_50    ; 0.000        ; 0.226      ; 2.309      ;
; 1.931 ; rst_n_init:rst_n_init|rst_n ; reg_bank:reg_bank|registers[3][26]                                            ; CLOCK_50     ; CLOCK_50    ; 0.000        ; 0.228      ; 2.311      ;
; 1.931 ; rst_n_init:rst_n_init|rst_n ; reg_bank:reg_bank|registers[2][26]                                            ; CLOCK_50     ; CLOCK_50    ; 0.000        ; 0.228      ; 2.311      ;
; 1.931 ; rst_n_init:rst_n_init|rst_n ; reg_bank:reg_bank|registers[31][28]                                           ; CLOCK_50     ; CLOCK_50    ; 0.000        ; 0.232      ; 2.315      ;
; 1.931 ; rst_n_init:rst_n_init|rst_n ; reg_bank:reg_bank|registers[30][20]                                           ; CLOCK_50     ; CLOCK_50    ; 0.000        ; 0.235      ; 2.318      ;
; 1.931 ; rst_n_init:rst_n_init|rst_n ; reg_bank:reg_bank|registers[22][20]                                           ; CLOCK_50     ; CLOCK_50    ; 0.000        ; 0.235      ; 2.318      ;
; 1.931 ; rst_n_init:rst_n_init|rst_n ; reg_bank:reg_bank|registers[3][12]                                            ; CLOCK_50     ; CLOCK_50    ; 0.000        ; 0.228      ; 2.311      ;
; 1.931 ; rst_n_init:rst_n_init|rst_n ; reg_bank:reg_bank|registers[2][12]                                            ; CLOCK_50     ; CLOCK_50    ; 0.000        ; 0.228      ; 2.311      ;
; 1.931 ; rst_n_init:rst_n_init|rst_n ; reg_bank:reg_bank|registers[30][7]                                            ; CLOCK_50     ; CLOCK_50    ; 0.000        ; 0.235      ; 2.318      ;
; 1.931 ; rst_n_init:rst_n_init|rst_n ; reg_bank:reg_bank|registers[22][7]                                            ; CLOCK_50     ; CLOCK_50    ; 0.000        ; 0.235      ; 2.318      ;
; 1.931 ; rst_n_init:rst_n_init|rst_n ; reg_bank:reg_bank|registers[8][7]                                             ; CLOCK_50     ; CLOCK_50    ; 0.000        ; 0.240      ; 2.323      ;
; 1.931 ; rst_n_init:rst_n_init|rst_n ; reg_bank:reg_bank|registers[9][7]                                             ; CLOCK_50     ; CLOCK_50    ; 0.000        ; 0.240      ; 2.323      ;
; 1.931 ; rst_n_init:rst_n_init|rst_n ; reg_bank:reg_bank|registers[11][7]                                            ; CLOCK_50     ; CLOCK_50    ; 0.000        ; 0.240      ; 2.323      ;
; 1.931 ; rst_n_init:rst_n_init|rst_n ; instruction_fetch_and_pc:instruction_fetch_and_pc|pc[11]                      ; CLOCK_50     ; CLOCK_50    ; 0.000        ; 0.249      ; 2.332      ;
; 1.931 ; rst_n_init:rst_n_init|rst_n ; reg_bank:reg_bank|registers[22][11]                                           ; CLOCK_50     ; CLOCK_50    ; 0.000        ; 0.235      ; 2.318      ;
; 1.931 ; rst_n_init:rst_n_init|rst_n ; reg_bank:reg_bank|registers[30][11]                                           ; CLOCK_50     ; CLOCK_50    ; 0.000        ; 0.235      ; 2.318      ;
; 1.931 ; rst_n_init:rst_n_init|rst_n ; instruction_fetch_and_pc:instruction_fetch_and_pc|pc[7]                       ; CLOCK_50     ; CLOCK_50    ; 0.000        ; 0.226      ; 2.309      ;
; 1.931 ; rst_n_init:rst_n_init|rst_n ; reg_bank:reg_bank|registers[10][7]                                            ; CLOCK_50     ; CLOCK_50    ; 0.000        ; 0.240      ; 2.323      ;
; 1.931 ; rst_n_init:rst_n_init|rst_n ; reg_bank:reg_bank|registers[10][8]                                            ; CLOCK_50     ; CLOCK_50    ; 0.000        ; 0.240      ; 2.323      ;
; 1.931 ; rst_n_init:rst_n_init|rst_n ; reg_bank:reg_bank|registers[8][8]                                             ; CLOCK_50     ; CLOCK_50    ; 0.000        ; 0.240      ; 2.323      ;
; 1.931 ; rst_n_init:rst_n_init|rst_n ; instruction_fetch_and_pc:instruction_fetch_and_pc|pc[18]                      ; CLOCK_50     ; CLOCK_50    ; 0.000        ; 0.226      ; 2.309      ;
; 1.931 ; rst_n_init:rst_n_init|rst_n ; reg_bank:reg_bank|registers[20][18]                                           ; CLOCK_50     ; CLOCK_50    ; 0.000        ; 0.240      ; 2.323      ;
; 1.931 ; rst_n_init:rst_n_init|rst_n ; reg_bank:reg_bank|registers[16][18]                                           ; CLOCK_50     ; CLOCK_50    ; 0.000        ; 0.240      ; 2.323      ;
; 1.931 ; rst_n_init:rst_n_init|rst_n ; reg_bank:reg_bank|registers[22][18]                                           ; CLOCK_50     ; CLOCK_50    ; 0.000        ; 0.240      ; 2.323      ;
; 1.931 ; rst_n_init:rst_n_init|rst_n ; reg_bank:reg_bank|registers[18][18]                                           ; CLOCK_50     ; CLOCK_50    ; 0.000        ; 0.240      ; 2.323      ;
; 1.931 ; rst_n_init:rst_n_init|rst_n ; reg_bank:reg_bank|registers[25][24]                                           ; CLOCK_50     ; CLOCK_50    ; 0.000        ; 0.232      ; 2.315      ;
; 1.931 ; rst_n_init:rst_n_init|rst_n ; reg_bank:reg_bank|registers[10][24]                                           ; CLOCK_50     ; CLOCK_50    ; 0.000        ; 0.240      ; 2.323      ;
; 1.931 ; rst_n_init:rst_n_init|rst_n ; instruction_fetch_and_pc:instruction_fetch_and_pc|pc[5]                       ; CLOCK_50     ; CLOCK_50    ; 0.000        ; 0.226      ; 2.309      ;
; 1.931 ; rst_n_init:rst_n_init|rst_n ; instruction_fetch_and_pc:instruction_fetch_and_pc|pc[12]                      ; CLOCK_50     ; CLOCK_50    ; 0.000        ; 0.231      ; 2.314      ;
; 1.931 ; rst_n_init:rst_n_init|rst_n ; instruction_fetch_and_pc:instruction_fetch_and_pc|pc[19]                      ; CLOCK_50     ; CLOCK_50    ; 0.000        ; 0.226      ; 2.309      ;
; 1.931 ; rst_n_init:rst_n_init|rst_n ; instruction_fetch_and_pc:instruction_fetch_and_pc|pc[10]                      ; CLOCK_50     ; CLOCK_50    ; 0.000        ; 0.226      ; 2.309      ;
; 1.931 ; rst_n_init:rst_n_init|rst_n ; instruction_fetch_and_pc:instruction_fetch_and_pc|pc[29]                      ; CLOCK_50     ; CLOCK_50    ; 0.000        ; 0.243      ; 2.326      ;
; 1.931 ; rst_n_init:rst_n_init|rst_n ; reg_bank:reg_bank|registers[16][5]                                            ; CLOCK_50     ; CLOCK_50    ; 0.000        ; 0.239      ; 2.322      ;
; 1.931 ; rst_n_init:rst_n_init|rst_n ; reg_bank:reg_bank|registers[20][5]                                            ; CLOCK_50     ; CLOCK_50    ; 0.000        ; 0.239      ; 2.322      ;
; 1.931 ; rst_n_init:rst_n_init|rst_n ; reg_bank:reg_bank|registers[19][5]                                            ; CLOCK_50     ; CLOCK_50    ; 0.000        ; 0.236      ; 2.319      ;
; 1.931 ; rst_n_init:rst_n_init|rst_n ; reg_bank:reg_bank|registers[30][10]                                           ; CLOCK_50     ; CLOCK_50    ; 0.000        ; 0.235      ; 2.318      ;
; 1.931 ; rst_n_init:rst_n_init|rst_n ; reg_bank:reg_bank|registers[22][10]                                           ; CLOCK_50     ; CLOCK_50    ; 0.000        ; 0.235      ; 2.318      ;
; 1.931 ; rst_n_init:rst_n_init|rst_n ; reg_bank:reg_bank|registers[19][6]                                            ; CLOCK_50     ; CLOCK_50    ; 0.000        ; 0.236      ; 2.319      ;
; 1.931 ; rst_n_init:rst_n_init|rst_n ; reg_bank:reg_bank|registers[31][6]                                            ; CLOCK_50     ; CLOCK_50    ; 0.000        ; 0.236      ; 2.319      ;
; 1.931 ; rst_n_init:rst_n_init|rst_n ; reg_bank:reg_bank|registers[8][24]                                            ; CLOCK_50     ; CLOCK_50    ; 0.000        ; 0.240      ; 2.323      ;
; 1.931 ; rst_n_init:rst_n_init|rst_n ; instruction_fetch_and_pc:instruction_fetch_and_pc|pc[31]                      ; CLOCK_50     ; CLOCK_50    ; 0.000        ; 0.243      ; 2.326      ;
; 1.931 ; rst_n_init:rst_n_init|rst_n ; reg_bank:reg_bank|registers[19][31]                                           ; CLOCK_50     ; CLOCK_50    ; 0.000        ; 0.236      ; 2.319      ;
; 1.931 ; rst_n_init:rst_n_init|rst_n ; reg_bank:reg_bank|registers[31][31]                                           ; CLOCK_50     ; CLOCK_50    ; 0.000        ; 0.236      ; 2.319      ;
; 1.931 ; rst_n_init:rst_n_init|rst_n ; reg_bank:reg_bank|registers[5][31]                                            ; CLOCK_50     ; CLOCK_50    ; 0.000        ; 0.232      ; 2.315      ;
; 1.931 ; rst_n_init:rst_n_init|rst_n ; reg_bank:reg_bank|registers[10][31]                                           ; CLOCK_50     ; CLOCK_50    ; 0.000        ; 0.240      ; 2.323      ;
; 1.931 ; rst_n_init:rst_n_init|rst_n ; reg_bank:reg_bank|registers[8][31]                                            ; CLOCK_50     ; CLOCK_50    ; 0.000        ; 0.240      ; 2.323      ;
; 1.931 ; rst_n_init:rst_n_init|rst_n ; reg_bank:reg_bank|registers[11][31]                                           ; CLOCK_50     ; CLOCK_50    ; 0.000        ; 0.240      ; 2.323      ;
; 1.931 ; rst_n_init:rst_n_init|rst_n ; reg_bank:reg_bank|registers[9][31]                                            ; CLOCK_50     ; CLOCK_50    ; 0.000        ; 0.240      ; 2.323      ;
; 1.931 ; rst_n_init:rst_n_init|rst_n ; reg_bank:reg_bank|registers[10][2]                                            ; CLOCK_50     ; CLOCK_50    ; 0.000        ; 0.240      ; 2.323      ;
; 1.931 ; rst_n_init:rst_n_init|rst_n ; reg_bank:reg_bank|registers[8][2]                                             ; CLOCK_50     ; CLOCK_50    ; 0.000        ; 0.240      ; 2.323      ;
; 1.931 ; rst_n_init:rst_n_init|rst_n ; reg_bank:reg_bank|registers[9][2]                                             ; CLOCK_50     ; CLOCK_50    ; 0.000        ; 0.240      ; 2.323      ;
; 1.931 ; rst_n_init:rst_n_init|rst_n ; reg_bank:reg_bank|registers[11][2]                                            ; CLOCK_50     ; CLOCK_50    ; 0.000        ; 0.240      ; 2.323      ;
; 1.931 ; rst_n_init:rst_n_init|rst_n ; reg_bank:reg_bank|registers[18][17]                                           ; CLOCK_50     ; CLOCK_50    ; 0.000        ; 0.240      ; 2.323      ;
; 1.931 ; rst_n_init:rst_n_init|rst_n ; reg_bank:reg_bank|registers[22][17]                                           ; CLOCK_50     ; CLOCK_50    ; 0.000        ; 0.240      ; 2.323      ;
; 1.931 ; rst_n_init:rst_n_init|rst_n ; reg_bank:reg_bank|registers[2][17]                                            ; CLOCK_50     ; CLOCK_50    ; 0.000        ; 0.228      ; 2.311      ;
; 1.931 ; rst_n_init:rst_n_init|rst_n ; reg_bank:reg_bank|registers[20][3]                                            ; CLOCK_50     ; CLOCK_50    ; 0.000        ; 0.240      ; 2.323      ;
; 1.931 ; rst_n_init:rst_n_init|rst_n ; reg_bank:reg_bank|registers[31][0]                                            ; CLOCK_50     ; CLOCK_50    ; 0.000        ; 0.232      ; 2.315      ;
; 1.931 ; rst_n_init:rst_n_init|rst_n ; reg_bank:reg_bank|registers[11][0]                                            ; CLOCK_50     ; CLOCK_50    ; 0.000        ; 0.240      ; 2.323      ;
; 1.931 ; rst_n_init:rst_n_init|rst_n ; reg_bank:reg_bank|registers[9][0]                                             ; CLOCK_50     ; CLOCK_50    ; 0.000        ; 0.240      ; 2.323      ;
; 1.931 ; rst_n_init:rst_n_init|rst_n ; reg_bank:reg_bank|registers[6][0]                                             ; CLOCK_50     ; CLOCK_50    ; 0.000        ; 0.235      ; 2.318      ;
; 1.931 ; rst_n_init:rst_n_init|rst_n ; reg_bank:reg_bank|registers[15][0]                                            ; CLOCK_50     ; CLOCK_50    ; 0.000        ; 0.232      ; 2.315      ;
; 1.931 ; rst_n_init:rst_n_init|rst_n ; memory_controller:mem|memory_mapped_io:memory_mapped_io|vga_pen_x[2]          ; CLOCK_50     ; CLOCK_50    ; 0.000        ; 0.237      ; 2.320      ;
; 1.931 ; rst_n_init:rst_n_init|rst_n ; memory_controller:mem|memory_mapped_io:memory_mapped_io|vga_pen_y[1]          ; CLOCK_50     ; CLOCK_50    ; 0.000        ; 0.237      ; 2.320      ;
; 1.931 ; rst_n_init:rst_n_init|rst_n ; memory_controller:mem|memory_mapped_io:memory_mapped_io|vga_pen_x[3]          ; CLOCK_50     ; CLOCK_50    ; 0.000        ; 0.237      ; 2.320      ;
; 1.931 ; rst_n_init:rst_n_init|rst_n ; memory_controller:mem|memory_mapped_io:memory_mapped_io|vga_pen_y[2]          ; CLOCK_50     ; CLOCK_50    ; 0.000        ; 0.237      ; 2.320      ;
; 1.931 ; rst_n_init:rst_n_init|rst_n ; memory_controller:mem|memory_mapped_io:memory_mapped_io|vga_pen_y[3]          ; CLOCK_50     ; CLOCK_50    ; 0.000        ; 0.237      ; 2.320      ;
; 1.931 ; rst_n_init:rst_n_init|rst_n ; memory_controller:mem|memory_mapped_io:memory_mapped_io|vga_pen_y[4]          ; CLOCK_50     ; CLOCK_50    ; 0.000        ; 0.237      ; 2.320      ;
; 1.931 ; rst_n_init:rst_n_init|rst_n ; memory_controller:mem|memory_mapped_io:memory_mapped_io|vga_pen_y[7]          ; CLOCK_50     ; CLOCK_50    ; 0.000        ; 0.237      ; 2.320      ;
; 1.931 ; rst_n_init:rst_n_init|rst_n ; memory_controller:mem|memory_mapped_io:memory_mapped_io|vga_pen_y[8]          ; CLOCK_50     ; CLOCK_50    ; 0.000        ; 0.237      ; 2.320      ;
; 1.931 ; rst_n_init:rst_n_init|rst_n ; memory_controller:mem|memory_mapped_io:memory_mapped_io|vga_palette_index[1]  ; CLOCK_50     ; CLOCK_50    ; 0.000        ; 0.237      ; 2.320      ;
; 1.931 ; rst_n_init:rst_n_init|rst_n ; memory_controller:mem|memory_mapped_io:memory_mapped_io|vga_palette_index[0]  ; CLOCK_50     ; CLOCK_50    ; 0.000        ; 0.237      ; 2.320      ;
; 1.931 ; rst_n_init:rst_n_init|rst_n ; memory_controller:mem|memory_mapped_io:memory_mapped_io|vga_palette_index[3]  ; CLOCK_50     ; CLOCK_50    ; 0.000        ; 0.237      ; 2.320      ;
; 1.931 ; rst_n_init:rst_n_init|rst_n ; memory_controller:mem|memory_mapped_io:memory_mapped_io|vga_palette_index[2]  ; CLOCK_50     ; CLOCK_50    ; 0.000        ; 0.237      ; 2.320      ;
; 1.931 ; rst_n_init:rst_n_init|rst_n ; memory_controller:mem|memory_mapped_io:memory_mapped_io|vga_write_palette     ; CLOCK_50     ; CLOCK_50    ; 0.000        ; 0.237      ; 2.320      ;
; 1.931 ; rst_n_init:rst_n_init|rst_n ; memory_controller:mem|memory_mapped_io:memory_mapped_io|vga_palette_color[8]  ; CLOCK_50     ; CLOCK_50    ; 0.000        ; 0.237      ; 2.320      ;
; 1.931 ; rst_n_init:rst_n_init|rst_n ; memory_controller:mem|memory_mapped_io:memory_mapped_io|vga_palette_color[9]  ; CLOCK_50     ; CLOCK_50    ; 0.000        ; 0.237      ; 2.320      ;
; 1.931 ; rst_n_init:rst_n_init|rst_n ; memory_controller:mem|memory_mapped_io:memory_mapped_io|vga_palette_color[10] ; CLOCK_50     ; CLOCK_50    ; 0.000        ; 0.237      ; 2.320      ;
; 1.931 ; rst_n_init:rst_n_init|rst_n ; memory_controller:mem|memory_mapped_io:memory_mapped_io|vga_palette_color[11] ; CLOCK_50     ; CLOCK_50    ; 0.000        ; 0.237      ; 2.320      ;
; 1.931 ; rst_n_init:rst_n_init|rst_n ; memory_controller:mem|memory_mapped_io:memory_mapped_io|vga_palette_color[4]  ; CLOCK_50     ; CLOCK_50    ; 0.000        ; 0.237      ; 2.320      ;
; 1.931 ; rst_n_init:rst_n_init|rst_n ; memory_controller:mem|memory_mapped_io:memory_mapped_io|vga_palette_color[5]  ; CLOCK_50     ; CLOCK_50    ; 0.000        ; 0.237      ; 2.320      ;
; 1.931 ; rst_n_init:rst_n_init|rst_n ; memory_controller:mem|memory_mapped_io:memory_mapped_io|vga_palette_color[6]  ; CLOCK_50     ; CLOCK_50    ; 0.000        ; 0.237      ; 2.320      ;
; 1.931 ; rst_n_init:rst_n_init|rst_n ; memory_controller:mem|memory_mapped_io:memory_mapped_io|vga_palette_color[7]  ; CLOCK_50     ; CLOCK_50    ; 0.000        ; 0.237      ; 2.320      ;
; 1.931 ; rst_n_init:rst_n_init|rst_n ; memory_controller:mem|memory_mapped_io:memory_mapped_io|vga_palette_color[0]  ; CLOCK_50     ; CLOCK_50    ; 0.000        ; 0.237      ; 2.320      ;
; 1.931 ; rst_n_init:rst_n_init|rst_n ; memory_controller:mem|memory_mapped_io:memory_mapped_io|vga_palette_color[1]  ; CLOCK_50     ; CLOCK_50    ; 0.000        ; 0.237      ; 2.320      ;
+-------+-----------------------------+-------------------------------------------------------------------------------+--------------+-------------+--------------+------------+------------+


+---------------------------------------------------------------------------------------------------------------------------------------------------------------------------------------------------------+
; Fast Model Minimum Pulse Width: 'CLOCK_50'                                                                                                                                                              ;
+-------+--------------+----------------+------------------+----------+------------+----------------------------------------------------------------------------------------------------------------------+
; Slack ; Actual Width ; Required Width ; Type             ; Clock    ; Clock Edge ; Target                                                                                                               ;
+-------+--------------+----------------+------------------+----------+------------+----------------------------------------------------------------------------------------------------------------------+
; 7.873 ; 10.000       ; 2.127          ; High Pulse Width ; CLOCK_50 ; Rise       ; vga_interface:vga_interface|altsyncram:pixels_rtl_0|altsyncram_41h1:auto_generated|ram_block1a0~porta_address_reg0   ;
; 7.873 ; 10.000       ; 2.127          ; Low Pulse Width  ; CLOCK_50 ; Rise       ; vga_interface:vga_interface|altsyncram:pixels_rtl_0|altsyncram_41h1:auto_generated|ram_block1a0~porta_address_reg0   ;
; 7.873 ; 10.000       ; 2.127          ; High Pulse Width ; CLOCK_50 ; Rise       ; vga_interface:vga_interface|altsyncram:pixels_rtl_0|altsyncram_41h1:auto_generated|ram_block1a0~porta_address_reg1   ;
; 7.873 ; 10.000       ; 2.127          ; Low Pulse Width  ; CLOCK_50 ; Rise       ; vga_interface:vga_interface|altsyncram:pixels_rtl_0|altsyncram_41h1:auto_generated|ram_block1a0~porta_address_reg1   ;
; 7.873 ; 10.000       ; 2.127          ; High Pulse Width ; CLOCK_50 ; Rise       ; vga_interface:vga_interface|altsyncram:pixels_rtl_0|altsyncram_41h1:auto_generated|ram_block1a0~porta_address_reg10  ;
; 7.873 ; 10.000       ; 2.127          ; Low Pulse Width  ; CLOCK_50 ; Rise       ; vga_interface:vga_interface|altsyncram:pixels_rtl_0|altsyncram_41h1:auto_generated|ram_block1a0~porta_address_reg10  ;
; 7.873 ; 10.000       ; 2.127          ; High Pulse Width ; CLOCK_50 ; Rise       ; vga_interface:vga_interface|altsyncram:pixels_rtl_0|altsyncram_41h1:auto_generated|ram_block1a0~porta_address_reg11  ;
; 7.873 ; 10.000       ; 2.127          ; Low Pulse Width  ; CLOCK_50 ; Rise       ; vga_interface:vga_interface|altsyncram:pixels_rtl_0|altsyncram_41h1:auto_generated|ram_block1a0~porta_address_reg11  ;
; 7.873 ; 10.000       ; 2.127          ; High Pulse Width ; CLOCK_50 ; Rise       ; vga_interface:vga_interface|altsyncram:pixels_rtl_0|altsyncram_41h1:auto_generated|ram_block1a0~porta_address_reg2   ;
; 7.873 ; 10.000       ; 2.127          ; Low Pulse Width  ; CLOCK_50 ; Rise       ; vga_interface:vga_interface|altsyncram:pixels_rtl_0|altsyncram_41h1:auto_generated|ram_block1a0~porta_address_reg2   ;
; 7.873 ; 10.000       ; 2.127          ; High Pulse Width ; CLOCK_50 ; Rise       ; vga_interface:vga_interface|altsyncram:pixels_rtl_0|altsyncram_41h1:auto_generated|ram_block1a0~porta_address_reg3   ;
; 7.873 ; 10.000       ; 2.127          ; Low Pulse Width  ; CLOCK_50 ; Rise       ; vga_interface:vga_interface|altsyncram:pixels_rtl_0|altsyncram_41h1:auto_generated|ram_block1a0~porta_address_reg3   ;
; 7.873 ; 10.000       ; 2.127          ; High Pulse Width ; CLOCK_50 ; Rise       ; vga_interface:vga_interface|altsyncram:pixels_rtl_0|altsyncram_41h1:auto_generated|ram_block1a0~porta_address_reg4   ;
; 7.873 ; 10.000       ; 2.127          ; Low Pulse Width  ; CLOCK_50 ; Rise       ; vga_interface:vga_interface|altsyncram:pixels_rtl_0|altsyncram_41h1:auto_generated|ram_block1a0~porta_address_reg4   ;
; 7.873 ; 10.000       ; 2.127          ; High Pulse Width ; CLOCK_50 ; Rise       ; vga_interface:vga_interface|altsyncram:pixels_rtl_0|altsyncram_41h1:auto_generated|ram_block1a0~porta_address_reg5   ;
; 7.873 ; 10.000       ; 2.127          ; Low Pulse Width  ; CLOCK_50 ; Rise       ; vga_interface:vga_interface|altsyncram:pixels_rtl_0|altsyncram_41h1:auto_generated|ram_block1a0~porta_address_reg5   ;
; 7.873 ; 10.000       ; 2.127          ; High Pulse Width ; CLOCK_50 ; Rise       ; vga_interface:vga_interface|altsyncram:pixels_rtl_0|altsyncram_41h1:auto_generated|ram_block1a0~porta_address_reg6   ;
; 7.873 ; 10.000       ; 2.127          ; Low Pulse Width  ; CLOCK_50 ; Rise       ; vga_interface:vga_interface|altsyncram:pixels_rtl_0|altsyncram_41h1:auto_generated|ram_block1a0~porta_address_reg6   ;
; 7.873 ; 10.000       ; 2.127          ; High Pulse Width ; CLOCK_50 ; Rise       ; vga_interface:vga_interface|altsyncram:pixels_rtl_0|altsyncram_41h1:auto_generated|ram_block1a0~porta_address_reg7   ;
; 7.873 ; 10.000       ; 2.127          ; Low Pulse Width  ; CLOCK_50 ; Rise       ; vga_interface:vga_interface|altsyncram:pixels_rtl_0|altsyncram_41h1:auto_generated|ram_block1a0~porta_address_reg7   ;
; 7.873 ; 10.000       ; 2.127          ; High Pulse Width ; CLOCK_50 ; Rise       ; vga_interface:vga_interface|altsyncram:pixels_rtl_0|altsyncram_41h1:auto_generated|ram_block1a0~porta_address_reg8   ;
; 7.873 ; 10.000       ; 2.127          ; Low Pulse Width  ; CLOCK_50 ; Rise       ; vga_interface:vga_interface|altsyncram:pixels_rtl_0|altsyncram_41h1:auto_generated|ram_block1a0~porta_address_reg8   ;
; 7.873 ; 10.000       ; 2.127          ; High Pulse Width ; CLOCK_50 ; Rise       ; vga_interface:vga_interface|altsyncram:pixels_rtl_0|altsyncram_41h1:auto_generated|ram_block1a0~porta_address_reg9   ;
; 7.873 ; 10.000       ; 2.127          ; Low Pulse Width  ; CLOCK_50 ; Rise       ; vga_interface:vga_interface|altsyncram:pixels_rtl_0|altsyncram_41h1:auto_generated|ram_block1a0~porta_address_reg9   ;
; 7.873 ; 10.000       ; 2.127          ; High Pulse Width ; CLOCK_50 ; Rise       ; vga_interface:vga_interface|altsyncram:pixels_rtl_0|altsyncram_41h1:auto_generated|ram_block1a0~porta_datain_reg0    ;
; 7.873 ; 10.000       ; 2.127          ; Low Pulse Width  ; CLOCK_50 ; Rise       ; vga_interface:vga_interface|altsyncram:pixels_rtl_0|altsyncram_41h1:auto_generated|ram_block1a0~porta_datain_reg0    ;
; 7.873 ; 10.000       ; 2.127          ; High Pulse Width ; CLOCK_50 ; Rise       ; vga_interface:vga_interface|altsyncram:pixels_rtl_0|altsyncram_41h1:auto_generated|ram_block1a0~porta_memory_reg0    ;
; 7.873 ; 10.000       ; 2.127          ; Low Pulse Width  ; CLOCK_50 ; Rise       ; vga_interface:vga_interface|altsyncram:pixels_rtl_0|altsyncram_41h1:auto_generated|ram_block1a0~porta_memory_reg0    ;
; 7.873 ; 10.000       ; 2.127          ; High Pulse Width ; CLOCK_50 ; Rise       ; vga_interface:vga_interface|altsyncram:pixels_rtl_0|altsyncram_41h1:auto_generated|ram_block1a0~porta_we_reg         ;
; 7.873 ; 10.000       ; 2.127          ; Low Pulse Width  ; CLOCK_50 ; Rise       ; vga_interface:vga_interface|altsyncram:pixels_rtl_0|altsyncram_41h1:auto_generated|ram_block1a0~porta_we_reg         ;
; 7.873 ; 10.000       ; 2.127          ; High Pulse Width ; CLOCK_50 ; Rise       ; vga_interface:vga_interface|altsyncram:pixels_rtl_0|altsyncram_41h1:auto_generated|ram_block1a0~portb_address_reg0   ;
; 7.873 ; 10.000       ; 2.127          ; Low Pulse Width  ; CLOCK_50 ; Rise       ; vga_interface:vga_interface|altsyncram:pixels_rtl_0|altsyncram_41h1:auto_generated|ram_block1a0~portb_address_reg0   ;
; 7.873 ; 10.000       ; 2.127          ; High Pulse Width ; CLOCK_50 ; Rise       ; vga_interface:vga_interface|altsyncram:pixels_rtl_0|altsyncram_41h1:auto_generated|ram_block1a0~portb_address_reg1   ;
; 7.873 ; 10.000       ; 2.127          ; Low Pulse Width  ; CLOCK_50 ; Rise       ; vga_interface:vga_interface|altsyncram:pixels_rtl_0|altsyncram_41h1:auto_generated|ram_block1a0~portb_address_reg1   ;
; 7.873 ; 10.000       ; 2.127          ; High Pulse Width ; CLOCK_50 ; Rise       ; vga_interface:vga_interface|altsyncram:pixels_rtl_0|altsyncram_41h1:auto_generated|ram_block1a0~portb_address_reg10  ;
; 7.873 ; 10.000       ; 2.127          ; Low Pulse Width  ; CLOCK_50 ; Rise       ; vga_interface:vga_interface|altsyncram:pixels_rtl_0|altsyncram_41h1:auto_generated|ram_block1a0~portb_address_reg10  ;
; 7.873 ; 10.000       ; 2.127          ; High Pulse Width ; CLOCK_50 ; Rise       ; vga_interface:vga_interface|altsyncram:pixels_rtl_0|altsyncram_41h1:auto_generated|ram_block1a0~portb_address_reg11  ;
; 7.873 ; 10.000       ; 2.127          ; Low Pulse Width  ; CLOCK_50 ; Rise       ; vga_interface:vga_interface|altsyncram:pixels_rtl_0|altsyncram_41h1:auto_generated|ram_block1a0~portb_address_reg11  ;
; 7.873 ; 10.000       ; 2.127          ; High Pulse Width ; CLOCK_50 ; Rise       ; vga_interface:vga_interface|altsyncram:pixels_rtl_0|altsyncram_41h1:auto_generated|ram_block1a0~portb_address_reg2   ;
; 7.873 ; 10.000       ; 2.127          ; Low Pulse Width  ; CLOCK_50 ; Rise       ; vga_interface:vga_interface|altsyncram:pixels_rtl_0|altsyncram_41h1:auto_generated|ram_block1a0~portb_address_reg2   ;
; 7.873 ; 10.000       ; 2.127          ; High Pulse Width ; CLOCK_50 ; Rise       ; vga_interface:vga_interface|altsyncram:pixels_rtl_0|altsyncram_41h1:auto_generated|ram_block1a0~portb_address_reg3   ;
; 7.873 ; 10.000       ; 2.127          ; Low Pulse Width  ; CLOCK_50 ; Rise       ; vga_interface:vga_interface|altsyncram:pixels_rtl_0|altsyncram_41h1:auto_generated|ram_block1a0~portb_address_reg3   ;
; 7.873 ; 10.000       ; 2.127          ; High Pulse Width ; CLOCK_50 ; Rise       ; vga_interface:vga_interface|altsyncram:pixels_rtl_0|altsyncram_41h1:auto_generated|ram_block1a0~portb_address_reg4   ;
; 7.873 ; 10.000       ; 2.127          ; Low Pulse Width  ; CLOCK_50 ; Rise       ; vga_interface:vga_interface|altsyncram:pixels_rtl_0|altsyncram_41h1:auto_generated|ram_block1a0~portb_address_reg4   ;
; 7.873 ; 10.000       ; 2.127          ; High Pulse Width ; CLOCK_50 ; Rise       ; vga_interface:vga_interface|altsyncram:pixels_rtl_0|altsyncram_41h1:auto_generated|ram_block1a0~portb_address_reg5   ;
; 7.873 ; 10.000       ; 2.127          ; Low Pulse Width  ; CLOCK_50 ; Rise       ; vga_interface:vga_interface|altsyncram:pixels_rtl_0|altsyncram_41h1:auto_generated|ram_block1a0~portb_address_reg5   ;
; 7.873 ; 10.000       ; 2.127          ; High Pulse Width ; CLOCK_50 ; Rise       ; vga_interface:vga_interface|altsyncram:pixels_rtl_0|altsyncram_41h1:auto_generated|ram_block1a0~portb_address_reg6   ;
; 7.873 ; 10.000       ; 2.127          ; Low Pulse Width  ; CLOCK_50 ; Rise       ; vga_interface:vga_interface|altsyncram:pixels_rtl_0|altsyncram_41h1:auto_generated|ram_block1a0~portb_address_reg6   ;
; 7.873 ; 10.000       ; 2.127          ; High Pulse Width ; CLOCK_50 ; Rise       ; vga_interface:vga_interface|altsyncram:pixels_rtl_0|altsyncram_41h1:auto_generated|ram_block1a0~portb_address_reg7   ;
; 7.873 ; 10.000       ; 2.127          ; Low Pulse Width  ; CLOCK_50 ; Rise       ; vga_interface:vga_interface|altsyncram:pixels_rtl_0|altsyncram_41h1:auto_generated|ram_block1a0~portb_address_reg7   ;
; 7.873 ; 10.000       ; 2.127          ; High Pulse Width ; CLOCK_50 ; Rise       ; vga_interface:vga_interface|altsyncram:pixels_rtl_0|altsyncram_41h1:auto_generated|ram_block1a0~portb_address_reg8   ;
; 7.873 ; 10.000       ; 2.127          ; Low Pulse Width  ; CLOCK_50 ; Rise       ; vga_interface:vga_interface|altsyncram:pixels_rtl_0|altsyncram_41h1:auto_generated|ram_block1a0~portb_address_reg8   ;
; 7.873 ; 10.000       ; 2.127          ; High Pulse Width ; CLOCK_50 ; Rise       ; vga_interface:vga_interface|altsyncram:pixels_rtl_0|altsyncram_41h1:auto_generated|ram_block1a0~portb_address_reg9   ;
; 7.873 ; 10.000       ; 2.127          ; Low Pulse Width  ; CLOCK_50 ; Rise       ; vga_interface:vga_interface|altsyncram:pixels_rtl_0|altsyncram_41h1:auto_generated|ram_block1a0~portb_address_reg9   ;
; 7.873 ; 10.000       ; 2.127          ; High Pulse Width ; CLOCK_50 ; Rise       ; vga_interface:vga_interface|altsyncram:pixels_rtl_0|altsyncram_41h1:auto_generated|ram_block1a10~porta_address_reg0  ;
; 7.873 ; 10.000       ; 2.127          ; Low Pulse Width  ; CLOCK_50 ; Rise       ; vga_interface:vga_interface|altsyncram:pixels_rtl_0|altsyncram_41h1:auto_generated|ram_block1a10~porta_address_reg0  ;
; 7.873 ; 10.000       ; 2.127          ; High Pulse Width ; CLOCK_50 ; Rise       ; vga_interface:vga_interface|altsyncram:pixels_rtl_0|altsyncram_41h1:auto_generated|ram_block1a10~porta_address_reg1  ;
; 7.873 ; 10.000       ; 2.127          ; Low Pulse Width  ; CLOCK_50 ; Rise       ; vga_interface:vga_interface|altsyncram:pixels_rtl_0|altsyncram_41h1:auto_generated|ram_block1a10~porta_address_reg1  ;
; 7.873 ; 10.000       ; 2.127          ; High Pulse Width ; CLOCK_50 ; Rise       ; vga_interface:vga_interface|altsyncram:pixels_rtl_0|altsyncram_41h1:auto_generated|ram_block1a10~porta_address_reg10 ;
; 7.873 ; 10.000       ; 2.127          ; Low Pulse Width  ; CLOCK_50 ; Rise       ; vga_interface:vga_interface|altsyncram:pixels_rtl_0|altsyncram_41h1:auto_generated|ram_block1a10~porta_address_reg10 ;
; 7.873 ; 10.000       ; 2.127          ; High Pulse Width ; CLOCK_50 ; Rise       ; vga_interface:vga_interface|altsyncram:pixels_rtl_0|altsyncram_41h1:auto_generated|ram_block1a10~porta_address_reg11 ;
; 7.873 ; 10.000       ; 2.127          ; Low Pulse Width  ; CLOCK_50 ; Rise       ; vga_interface:vga_interface|altsyncram:pixels_rtl_0|altsyncram_41h1:auto_generated|ram_block1a10~porta_address_reg11 ;
; 7.873 ; 10.000       ; 2.127          ; High Pulse Width ; CLOCK_50 ; Rise       ; vga_interface:vga_interface|altsyncram:pixels_rtl_0|altsyncram_41h1:auto_generated|ram_block1a10~porta_address_reg2  ;
; 7.873 ; 10.000       ; 2.127          ; Low Pulse Width  ; CLOCK_50 ; Rise       ; vga_interface:vga_interface|altsyncram:pixels_rtl_0|altsyncram_41h1:auto_generated|ram_block1a10~porta_address_reg2  ;
; 7.873 ; 10.000       ; 2.127          ; High Pulse Width ; CLOCK_50 ; Rise       ; vga_interface:vga_interface|altsyncram:pixels_rtl_0|altsyncram_41h1:auto_generated|ram_block1a10~porta_address_reg3  ;
; 7.873 ; 10.000       ; 2.127          ; Low Pulse Width  ; CLOCK_50 ; Rise       ; vga_interface:vga_interface|altsyncram:pixels_rtl_0|altsyncram_41h1:auto_generated|ram_block1a10~porta_address_reg3  ;
; 7.873 ; 10.000       ; 2.127          ; High Pulse Width ; CLOCK_50 ; Rise       ; vga_interface:vga_interface|altsyncram:pixels_rtl_0|altsyncram_41h1:auto_generated|ram_block1a10~porta_address_reg4  ;
; 7.873 ; 10.000       ; 2.127          ; Low Pulse Width  ; CLOCK_50 ; Rise       ; vga_interface:vga_interface|altsyncram:pixels_rtl_0|altsyncram_41h1:auto_generated|ram_block1a10~porta_address_reg4  ;
; 7.873 ; 10.000       ; 2.127          ; High Pulse Width ; CLOCK_50 ; Rise       ; vga_interface:vga_interface|altsyncram:pixels_rtl_0|altsyncram_41h1:auto_generated|ram_block1a10~porta_address_reg5  ;
; 7.873 ; 10.000       ; 2.127          ; Low Pulse Width  ; CLOCK_50 ; Rise       ; vga_interface:vga_interface|altsyncram:pixels_rtl_0|altsyncram_41h1:auto_generated|ram_block1a10~porta_address_reg5  ;
; 7.873 ; 10.000       ; 2.127          ; High Pulse Width ; CLOCK_50 ; Rise       ; vga_interface:vga_interface|altsyncram:pixels_rtl_0|altsyncram_41h1:auto_generated|ram_block1a10~porta_address_reg6  ;
; 7.873 ; 10.000       ; 2.127          ; Low Pulse Width  ; CLOCK_50 ; Rise       ; vga_interface:vga_interface|altsyncram:pixels_rtl_0|altsyncram_41h1:auto_generated|ram_block1a10~porta_address_reg6  ;
; 7.873 ; 10.000       ; 2.127          ; High Pulse Width ; CLOCK_50 ; Rise       ; vga_interface:vga_interface|altsyncram:pixels_rtl_0|altsyncram_41h1:auto_generated|ram_block1a10~porta_address_reg7  ;
; 7.873 ; 10.000       ; 2.127          ; Low Pulse Width  ; CLOCK_50 ; Rise       ; vga_interface:vga_interface|altsyncram:pixels_rtl_0|altsyncram_41h1:auto_generated|ram_block1a10~porta_address_reg7  ;
; 7.873 ; 10.000       ; 2.127          ; High Pulse Width ; CLOCK_50 ; Rise       ; vga_interface:vga_interface|altsyncram:pixels_rtl_0|altsyncram_41h1:auto_generated|ram_block1a10~porta_address_reg8  ;
; 7.873 ; 10.000       ; 2.127          ; Low Pulse Width  ; CLOCK_50 ; Rise       ; vga_interface:vga_interface|altsyncram:pixels_rtl_0|altsyncram_41h1:auto_generated|ram_block1a10~porta_address_reg8  ;
; 7.873 ; 10.000       ; 2.127          ; High Pulse Width ; CLOCK_50 ; Rise       ; vga_interface:vga_interface|altsyncram:pixels_rtl_0|altsyncram_41h1:auto_generated|ram_block1a10~porta_address_reg9  ;
; 7.873 ; 10.000       ; 2.127          ; Low Pulse Width  ; CLOCK_50 ; Rise       ; vga_interface:vga_interface|altsyncram:pixels_rtl_0|altsyncram_41h1:auto_generated|ram_block1a10~porta_address_reg9  ;
; 7.873 ; 10.000       ; 2.127          ; High Pulse Width ; CLOCK_50 ; Rise       ; vga_interface:vga_interface|altsyncram:pixels_rtl_0|altsyncram_41h1:auto_generated|ram_block1a10~porta_datain_reg0   ;
; 7.873 ; 10.000       ; 2.127          ; Low Pulse Width  ; CLOCK_50 ; Rise       ; vga_interface:vga_interface|altsyncram:pixels_rtl_0|altsyncram_41h1:auto_generated|ram_block1a10~porta_datain_reg0   ;
; 7.873 ; 10.000       ; 2.127          ; High Pulse Width ; CLOCK_50 ; Rise       ; vga_interface:vga_interface|altsyncram:pixels_rtl_0|altsyncram_41h1:auto_generated|ram_block1a10~porta_memory_reg0   ;
; 7.873 ; 10.000       ; 2.127          ; Low Pulse Width  ; CLOCK_50 ; Rise       ; vga_interface:vga_interface|altsyncram:pixels_rtl_0|altsyncram_41h1:auto_generated|ram_block1a10~porta_memory_reg0   ;
; 7.873 ; 10.000       ; 2.127          ; High Pulse Width ; CLOCK_50 ; Rise       ; vga_interface:vga_interface|altsyncram:pixels_rtl_0|altsyncram_41h1:auto_generated|ram_block1a10~porta_we_reg        ;
; 7.873 ; 10.000       ; 2.127          ; Low Pulse Width  ; CLOCK_50 ; Rise       ; vga_interface:vga_interface|altsyncram:pixels_rtl_0|altsyncram_41h1:auto_generated|ram_block1a10~porta_we_reg        ;
; 7.873 ; 10.000       ; 2.127          ; High Pulse Width ; CLOCK_50 ; Rise       ; vga_interface:vga_interface|altsyncram:pixels_rtl_0|altsyncram_41h1:auto_generated|ram_block1a10~portb_address_reg0  ;
; 7.873 ; 10.000       ; 2.127          ; Low Pulse Width  ; CLOCK_50 ; Rise       ; vga_interface:vga_interface|altsyncram:pixels_rtl_0|altsyncram_41h1:auto_generated|ram_block1a10~portb_address_reg0  ;
; 7.873 ; 10.000       ; 2.127          ; High Pulse Width ; CLOCK_50 ; Rise       ; vga_interface:vga_interface|altsyncram:pixels_rtl_0|altsyncram_41h1:auto_generated|ram_block1a10~portb_address_reg1  ;
; 7.873 ; 10.000       ; 2.127          ; Low Pulse Width  ; CLOCK_50 ; Rise       ; vga_interface:vga_interface|altsyncram:pixels_rtl_0|altsyncram_41h1:auto_generated|ram_block1a10~portb_address_reg1  ;
; 7.873 ; 10.000       ; 2.127          ; High Pulse Width ; CLOCK_50 ; Rise       ; vga_interface:vga_interface|altsyncram:pixels_rtl_0|altsyncram_41h1:auto_generated|ram_block1a10~portb_address_reg10 ;
; 7.873 ; 10.000       ; 2.127          ; Low Pulse Width  ; CLOCK_50 ; Rise       ; vga_interface:vga_interface|altsyncram:pixels_rtl_0|altsyncram_41h1:auto_generated|ram_block1a10~portb_address_reg10 ;
; 7.873 ; 10.000       ; 2.127          ; High Pulse Width ; CLOCK_50 ; Rise       ; vga_interface:vga_interface|altsyncram:pixels_rtl_0|altsyncram_41h1:auto_generated|ram_block1a10~portb_address_reg11 ;
; 7.873 ; 10.000       ; 2.127          ; Low Pulse Width  ; CLOCK_50 ; Rise       ; vga_interface:vga_interface|altsyncram:pixels_rtl_0|altsyncram_41h1:auto_generated|ram_block1a10~portb_address_reg11 ;
; 7.873 ; 10.000       ; 2.127          ; High Pulse Width ; CLOCK_50 ; Rise       ; vga_interface:vga_interface|altsyncram:pixels_rtl_0|altsyncram_41h1:auto_generated|ram_block1a10~portb_address_reg2  ;
; 7.873 ; 10.000       ; 2.127          ; Low Pulse Width  ; CLOCK_50 ; Rise       ; vga_interface:vga_interface|altsyncram:pixels_rtl_0|altsyncram_41h1:auto_generated|ram_block1a10~portb_address_reg2  ;
; 7.873 ; 10.000       ; 2.127          ; High Pulse Width ; CLOCK_50 ; Rise       ; vga_interface:vga_interface|altsyncram:pixels_rtl_0|altsyncram_41h1:auto_generated|ram_block1a10~portb_address_reg3  ;
; 7.873 ; 10.000       ; 2.127          ; Low Pulse Width  ; CLOCK_50 ; Rise       ; vga_interface:vga_interface|altsyncram:pixels_rtl_0|altsyncram_41h1:auto_generated|ram_block1a10~portb_address_reg3  ;
; 7.873 ; 10.000       ; 2.127          ; High Pulse Width ; CLOCK_50 ; Rise       ; vga_interface:vga_interface|altsyncram:pixels_rtl_0|altsyncram_41h1:auto_generated|ram_block1a10~portb_address_reg4  ;
; 7.873 ; 10.000       ; 2.127          ; Low Pulse Width  ; CLOCK_50 ; Rise       ; vga_interface:vga_interface|altsyncram:pixels_rtl_0|altsyncram_41h1:auto_generated|ram_block1a10~portb_address_reg4  ;
; 7.873 ; 10.000       ; 2.127          ; High Pulse Width ; CLOCK_50 ; Rise       ; vga_interface:vga_interface|altsyncram:pixels_rtl_0|altsyncram_41h1:auto_generated|ram_block1a10~portb_address_reg5  ;
; 7.873 ; 10.000       ; 2.127          ; Low Pulse Width  ; CLOCK_50 ; Rise       ; vga_interface:vga_interface|altsyncram:pixels_rtl_0|altsyncram_41h1:auto_generated|ram_block1a10~portb_address_reg5  ;
+-------+--------------+----------------+------------------+----------+------------+----------------------------------------------------------------------------------------------------------------------+


+--------------------------------------------------------------------------+
; Setup Times                                                              ;
+--------------+------------+-------+-------+------------+-----------------+
; Data Port    ; Clock Port ; Rise  ; Fall  ; Clock Edge ; Clock Reference ;
+--------------+------------+-------+-------+------------+-----------------+
; FL_DQ[*]     ; CLOCK_50   ; 2.539 ; 2.539 ; Rise       ; CLOCK_50        ;
;  FL_DQ[0]    ; CLOCK_50   ; 2.167 ; 2.167 ; Rise       ; CLOCK_50        ;
;  FL_DQ[1]    ; CLOCK_50   ; 2.290 ; 2.290 ; Rise       ; CLOCK_50        ;
;  FL_DQ[2]    ; CLOCK_50   ; 2.118 ; 2.118 ; Rise       ; CLOCK_50        ;
;  FL_DQ[3]    ; CLOCK_50   ; 2.192 ; 2.192 ; Rise       ; CLOCK_50        ;
;  FL_DQ[4]    ; CLOCK_50   ; 2.174 ; 2.174 ; Rise       ; CLOCK_50        ;
;  FL_DQ[5]    ; CLOCK_50   ; 2.265 ; 2.265 ; Rise       ; CLOCK_50        ;
;  FL_DQ[6]    ; CLOCK_50   ; 2.539 ; 2.539 ; Rise       ; CLOCK_50        ;
;  FL_DQ[7]    ; CLOCK_50   ; 2.524 ; 2.524 ; Rise       ; CLOCK_50        ;
; KEY[*]       ; CLOCK_50   ; 2.477 ; 2.477 ; Rise       ; CLOCK_50        ;
;  KEY[0]      ; CLOCK_50   ; 2.477 ; 2.477 ; Rise       ; CLOCK_50        ;
;  KEY[1]      ; CLOCK_50   ; 1.463 ; 1.463 ; Rise       ; CLOCK_50        ;
; SRAM_DQ[*]   ; CLOCK_50   ; 2.809 ; 2.809 ; Rise       ; CLOCK_50        ;
;  SRAM_DQ[0]  ; CLOCK_50   ; 2.809 ; 2.809 ; Rise       ; CLOCK_50        ;
;  SRAM_DQ[1]  ; CLOCK_50   ; 2.689 ; 2.689 ; Rise       ; CLOCK_50        ;
;  SRAM_DQ[2]  ; CLOCK_50   ; 2.506 ; 2.506 ; Rise       ; CLOCK_50        ;
;  SRAM_DQ[3]  ; CLOCK_50   ; 2.435 ; 2.435 ; Rise       ; CLOCK_50        ;
;  SRAM_DQ[4]  ; CLOCK_50   ; 2.547 ; 2.547 ; Rise       ; CLOCK_50        ;
;  SRAM_DQ[5]  ; CLOCK_50   ; 2.257 ; 2.257 ; Rise       ; CLOCK_50        ;
;  SRAM_DQ[6]  ; CLOCK_50   ; 2.398 ; 2.398 ; Rise       ; CLOCK_50        ;
;  SRAM_DQ[7]  ; CLOCK_50   ; 2.216 ; 2.216 ; Rise       ; CLOCK_50        ;
;  SRAM_DQ[8]  ; CLOCK_50   ; 2.682 ; 2.682 ; Rise       ; CLOCK_50        ;
;  SRAM_DQ[9]  ; CLOCK_50   ; 2.463 ; 2.463 ; Rise       ; CLOCK_50        ;
;  SRAM_DQ[10] ; CLOCK_50   ; 2.494 ; 2.494 ; Rise       ; CLOCK_50        ;
;  SRAM_DQ[11] ; CLOCK_50   ; 2.412 ; 2.412 ; Rise       ; CLOCK_50        ;
;  SRAM_DQ[12] ; CLOCK_50   ; 2.532 ; 2.532 ; Rise       ; CLOCK_50        ;
;  SRAM_DQ[13] ; CLOCK_50   ; 2.557 ; 2.557 ; Rise       ; CLOCK_50        ;
;  SRAM_DQ[14] ; CLOCK_50   ; 2.490 ; 2.490 ; Rise       ; CLOCK_50        ;
;  SRAM_DQ[15] ; CLOCK_50   ; 2.443 ; 2.443 ; Rise       ; CLOCK_50        ;
; SW[*]        ; CLOCK_50   ; 3.660 ; 3.660 ; Rise       ; CLOCK_50        ;
;  SW[2]       ; CLOCK_50   ; 3.660 ; 3.660 ; Rise       ; CLOCK_50        ;
;  SW[5]       ; CLOCK_50   ; 2.901 ; 2.901 ; Rise       ; CLOCK_50        ;
+--------------+------------+-------+-------+------------+-----------------+


+----------------------------------------------------------------------------+
; Hold Times                                                                 ;
+--------------+------------+--------+--------+------------+-----------------+
; Data Port    ; Clock Port ; Rise   ; Fall   ; Clock Edge ; Clock Reference ;
+--------------+------------+--------+--------+------------+-----------------+
; FL_DQ[*]     ; CLOCK_50   ; -1.892 ; -1.892 ; Rise       ; CLOCK_50        ;
;  FL_DQ[0]    ; CLOCK_50   ; -1.939 ; -1.939 ; Rise       ; CLOCK_50        ;
;  FL_DQ[1]    ; CLOCK_50   ; -2.034 ; -2.034 ; Rise       ; CLOCK_50        ;
;  FL_DQ[2]    ; CLOCK_50   ; -1.892 ; -1.892 ; Rise       ; CLOCK_50        ;
;  FL_DQ[3]    ; CLOCK_50   ; -1.938 ; -1.938 ; Rise       ; CLOCK_50        ;
;  FL_DQ[4]    ; CLOCK_50   ; -1.928 ; -1.928 ; Rise       ; CLOCK_50        ;
;  FL_DQ[5]    ; CLOCK_50   ; -2.142 ; -2.142 ; Rise       ; CLOCK_50        ;
;  FL_DQ[6]    ; CLOCK_50   ; -2.269 ; -2.269 ; Rise       ; CLOCK_50        ;
;  FL_DQ[7]    ; CLOCK_50   ; -2.162 ; -2.162 ; Rise       ; CLOCK_50        ;
; KEY[*]       ; CLOCK_50   ; -1.343 ; -1.343 ; Rise       ; CLOCK_50        ;
;  KEY[0]      ; CLOCK_50   ; -2.357 ; -2.357 ; Rise       ; CLOCK_50        ;
;  KEY[1]      ; CLOCK_50   ; -1.343 ; -1.343 ; Rise       ; CLOCK_50        ;
; SRAM_DQ[*]   ; CLOCK_50   ; -1.668 ; -1.668 ; Rise       ; CLOCK_50        ;
;  SRAM_DQ[0]  ; CLOCK_50   ; -1.881 ; -1.881 ; Rise       ; CLOCK_50        ;
;  SRAM_DQ[1]  ; CLOCK_50   ; -1.918 ; -1.918 ; Rise       ; CLOCK_50        ;
;  SRAM_DQ[2]  ; CLOCK_50   ; -1.886 ; -1.886 ; Rise       ; CLOCK_50        ;
;  SRAM_DQ[3]  ; CLOCK_50   ; -1.840 ; -1.840 ; Rise       ; CLOCK_50        ;
;  SRAM_DQ[4]  ; CLOCK_50   ; -1.737 ; -1.737 ; Rise       ; CLOCK_50        ;
;  SRAM_DQ[5]  ; CLOCK_50   ; -1.681 ; -1.681 ; Rise       ; CLOCK_50        ;
;  SRAM_DQ[6]  ; CLOCK_50   ; -1.685 ; -1.685 ; Rise       ; CLOCK_50        ;
;  SRAM_DQ[7]  ; CLOCK_50   ; -1.838 ; -1.838 ; Rise       ; CLOCK_50        ;
;  SRAM_DQ[8]  ; CLOCK_50   ; -1.749 ; -1.749 ; Rise       ; CLOCK_50        ;
;  SRAM_DQ[9]  ; CLOCK_50   ; -1.668 ; -1.668 ; Rise       ; CLOCK_50        ;
;  SRAM_DQ[10] ; CLOCK_50   ; -1.898 ; -1.898 ; Rise       ; CLOCK_50        ;
;  SRAM_DQ[11] ; CLOCK_50   ; -1.821 ; -1.821 ; Rise       ; CLOCK_50        ;
;  SRAM_DQ[12] ; CLOCK_50   ; -1.835 ; -1.835 ; Rise       ; CLOCK_50        ;
;  SRAM_DQ[13] ; CLOCK_50   ; -2.007 ; -2.007 ; Rise       ; CLOCK_50        ;
;  SRAM_DQ[14] ; CLOCK_50   ; -1.946 ; -1.946 ; Rise       ; CLOCK_50        ;
;  SRAM_DQ[15] ; CLOCK_50   ; -2.005 ; -2.005 ; Rise       ; CLOCK_50        ;
; SW[*]        ; CLOCK_50   ; -0.456 ; -0.456 ; Rise       ; CLOCK_50        ;
;  SW[2]       ; CLOCK_50   ; -1.215 ; -1.215 ; Rise       ; CLOCK_50        ;
;  SW[5]       ; CLOCK_50   ; -0.456 ; -0.456 ; Rise       ; CLOCK_50        ;
+--------------+------------+--------+--------+------------+-----------------+


+------------------------------------------------------------------------------+
; Clock to Output Times                                                        ;
+----------------+------------+--------+--------+------------+-----------------+
; Data Port      ; Clock Port ; Rise   ; Fall   ; Clock Edge ; Clock Reference ;
+----------------+------------+--------+--------+------------+-----------------+
; FL_ADDR[*]     ; CLOCK_50   ; 5.017  ; 5.017  ; Rise       ; CLOCK_50        ;
;  FL_ADDR[0]    ; CLOCK_50   ; 5.017  ; 5.017  ; Rise       ; CLOCK_50        ;
;  FL_ADDR[1]    ; CLOCK_50   ; 4.236  ; 4.236  ; Rise       ; CLOCK_50        ;
;  FL_ADDR[2]    ; CLOCK_50   ; 4.368  ; 4.368  ; Rise       ; CLOCK_50        ;
;  FL_ADDR[3]    ; CLOCK_50   ; 4.570  ; 4.570  ; Rise       ; CLOCK_50        ;
;  FL_ADDR[4]    ; CLOCK_50   ; 4.523  ; 4.523  ; Rise       ; CLOCK_50        ;
;  FL_ADDR[5]    ; CLOCK_50   ; 4.563  ; 4.563  ; Rise       ; CLOCK_50        ;
;  FL_ADDR[6]    ; CLOCK_50   ; 4.670  ; 4.670  ; Rise       ; CLOCK_50        ;
;  FL_ADDR[7]    ; CLOCK_50   ; 4.392  ; 4.392  ; Rise       ; CLOCK_50        ;
;  FL_ADDR[8]    ; CLOCK_50   ; 4.448  ; 4.448  ; Rise       ; CLOCK_50        ;
;  FL_ADDR[9]    ; CLOCK_50   ; 4.147  ; 4.147  ; Rise       ; CLOCK_50        ;
;  FL_ADDR[10]   ; CLOCK_50   ; 4.227  ; 4.227  ; Rise       ; CLOCK_50        ;
;  FL_ADDR[11]   ; CLOCK_50   ; 4.120  ; 4.120  ; Rise       ; CLOCK_50        ;
;  FL_ADDR[12]   ; CLOCK_50   ; 4.252  ; 4.252  ; Rise       ; CLOCK_50        ;
;  FL_ADDR[13]   ; CLOCK_50   ; 4.149  ; 4.149  ; Rise       ; CLOCK_50        ;
;  FL_ADDR[14]   ; CLOCK_50   ; 4.158  ; 4.158  ; Rise       ; CLOCK_50        ;
;  FL_ADDR[15]   ; CLOCK_50   ; 4.157  ; 4.157  ; Rise       ; CLOCK_50        ;
;  FL_ADDR[16]   ; CLOCK_50   ; 4.145  ; 4.145  ; Rise       ; CLOCK_50        ;
;  FL_ADDR[17]   ; CLOCK_50   ; 4.316  ; 4.316  ; Rise       ; CLOCK_50        ;
;  FL_ADDR[18]   ; CLOCK_50   ; 4.331  ; 4.331  ; Rise       ; CLOCK_50        ;
;  FL_ADDR[19]   ; CLOCK_50   ; 4.321  ; 4.321  ; Rise       ; CLOCK_50        ;
;  FL_ADDR[20]   ; CLOCK_50   ; 4.218  ; 4.218  ; Rise       ; CLOCK_50        ;
;  FL_ADDR[21]   ; CLOCK_50   ; 4.429  ; 4.429  ; Rise       ; CLOCK_50        ;
; HEX0[*]        ; CLOCK_50   ; 13.702 ; 13.702 ; Rise       ; CLOCK_50        ;
;  HEX0[0]       ; CLOCK_50   ; 13.607 ; 13.607 ; Rise       ; CLOCK_50        ;
;  HEX0[1]       ; CLOCK_50   ; 13.514 ; 13.514 ; Rise       ; CLOCK_50        ;
;  HEX0[2]       ; CLOCK_50   ; 13.645 ; 13.645 ; Rise       ; CLOCK_50        ;
;  HEX0[3]       ; CLOCK_50   ; 13.634 ; 13.634 ; Rise       ; CLOCK_50        ;
;  HEX0[4]       ; CLOCK_50   ; 13.700 ; 13.700 ; Rise       ; CLOCK_50        ;
;  HEX0[5]       ; CLOCK_50   ; 13.702 ; 13.702 ; Rise       ; CLOCK_50        ;
;  HEX0[6]       ; CLOCK_50   ; 13.652 ; 13.652 ; Rise       ; CLOCK_50        ;
; HEX1[*]        ; CLOCK_50   ; 13.351 ; 13.351 ; Rise       ; CLOCK_50        ;
;  HEX1[0]       ; CLOCK_50   ; 13.351 ; 13.351 ; Rise       ; CLOCK_50        ;
;  HEX1[1]       ; CLOCK_50   ; 13.184 ; 13.184 ; Rise       ; CLOCK_50        ;
;  HEX1[2]       ; CLOCK_50   ; 13.186 ; 13.186 ; Rise       ; CLOCK_50        ;
;  HEX1[3]       ; CLOCK_50   ; 13.191 ; 13.191 ; Rise       ; CLOCK_50        ;
;  HEX1[4]       ; CLOCK_50   ; 13.201 ; 13.201 ; Rise       ; CLOCK_50        ;
;  HEX1[5]       ; CLOCK_50   ; 13.347 ; 13.347 ; Rise       ; CLOCK_50        ;
;  HEX1[6]       ; CLOCK_50   ; 13.300 ; 13.300 ; Rise       ; CLOCK_50        ;
; HEX2[*]        ; CLOCK_50   ; 13.374 ; 13.374 ; Rise       ; CLOCK_50        ;
;  HEX2[0]       ; CLOCK_50   ; 13.238 ; 13.238 ; Rise       ; CLOCK_50        ;
;  HEX2[1]       ; CLOCK_50   ; 13.233 ; 13.233 ; Rise       ; CLOCK_50        ;
;  HEX2[2]       ; CLOCK_50   ; 13.289 ; 13.289 ; Rise       ; CLOCK_50        ;
;  HEX2[3]       ; CLOCK_50   ; 13.291 ; 13.291 ; Rise       ; CLOCK_50        ;
;  HEX2[4]       ; CLOCK_50   ; 13.264 ; 13.264 ; Rise       ; CLOCK_50        ;
;  HEX2[5]       ; CLOCK_50   ; 13.260 ; 13.260 ; Rise       ; CLOCK_50        ;
;  HEX2[6]       ; CLOCK_50   ; 13.374 ; 13.374 ; Rise       ; CLOCK_50        ;
; HEX3[*]        ; CLOCK_50   ; 13.078 ; 13.078 ; Rise       ; CLOCK_50        ;
;  HEX3[0]       ; CLOCK_50   ; 12.929 ; 12.929 ; Rise       ; CLOCK_50        ;
;  HEX3[1]       ; CLOCK_50   ; 13.070 ; 13.070 ; Rise       ; CLOCK_50        ;
;  HEX3[2]       ; CLOCK_50   ; 13.078 ; 13.078 ; Rise       ; CLOCK_50        ;
;  HEX3[3]       ; CLOCK_50   ; 12.759 ; 12.759 ; Rise       ; CLOCK_50        ;
;  HEX3[4]       ; CLOCK_50   ; 12.773 ; 12.773 ; Rise       ; CLOCK_50        ;
;  HEX3[5]       ; CLOCK_50   ; 12.908 ; 12.908 ; Rise       ; CLOCK_50        ;
;  HEX3[6]       ; CLOCK_50   ; 12.962 ; 12.962 ; Rise       ; CLOCK_50        ;
; LEDG[*]        ; CLOCK_50   ; 4.881  ; 4.881  ; Rise       ; CLOCK_50        ;
;  LEDG[1]       ; CLOCK_50   ; 4.881  ; 4.881  ; Rise       ; CLOCK_50        ;
;  LEDG[2]       ; CLOCK_50   ; 4.541  ; 4.541  ; Rise       ; CLOCK_50        ;
;  LEDG[3]       ; CLOCK_50   ; 4.765  ; 4.765  ; Rise       ; CLOCK_50        ;
;  LEDG[4]       ; CLOCK_50   ; 4.509  ; 4.509  ; Rise       ; CLOCK_50        ;
;  LEDG[5]       ; CLOCK_50   ; 4.792  ; 4.792  ; Rise       ; CLOCK_50        ;
;  LEDG[6]       ; CLOCK_50   ; 4.428  ; 4.428  ; Rise       ; CLOCK_50        ;
;  LEDG[7]       ; CLOCK_50   ; 4.325  ; 4.325  ; Rise       ; CLOCK_50        ;
; LEDR[*]        ; CLOCK_50   ; 4.775  ; 4.775  ; Rise       ; CLOCK_50        ;
;  LEDR[0]       ; CLOCK_50   ; 4.460  ; 4.460  ; Rise       ; CLOCK_50        ;
;  LEDR[1]       ; CLOCK_50   ; 4.371  ; 4.371  ; Rise       ; CLOCK_50        ;
;  LEDR[2]       ; CLOCK_50   ; 4.639  ; 4.639  ; Rise       ; CLOCK_50        ;
;  LEDR[3]       ; CLOCK_50   ; 4.476  ; 4.476  ; Rise       ; CLOCK_50        ;
;  LEDR[4]       ; CLOCK_50   ; 4.775  ; 4.775  ; Rise       ; CLOCK_50        ;
;  LEDR[5]       ; CLOCK_50   ; 4.706  ; 4.706  ; Rise       ; CLOCK_50        ;
;  LEDR[6]       ; CLOCK_50   ; 4.666  ; 4.666  ; Rise       ; CLOCK_50        ;
;  LEDR[7]       ; CLOCK_50   ; 4.615  ; 4.615  ; Rise       ; CLOCK_50        ;
;  LEDR[8]       ; CLOCK_50   ; 4.443  ; 4.443  ; Rise       ; CLOCK_50        ;
;  LEDR[9]       ; CLOCK_50   ; 4.414  ; 4.414  ; Rise       ; CLOCK_50        ;
; SRAM_ADDR[*]   ; CLOCK_50   ; 4.469  ; 4.469  ; Rise       ; CLOCK_50        ;
;  SRAM_ADDR[0]  ; CLOCK_50   ; 4.469  ; 4.469  ; Rise       ; CLOCK_50        ;
;  SRAM_ADDR[1]  ; CLOCK_50   ; 4.168  ; 4.168  ; Rise       ; CLOCK_50        ;
;  SRAM_ADDR[2]  ; CLOCK_50   ; 4.369  ; 4.369  ; Rise       ; CLOCK_50        ;
;  SRAM_ADDR[3]  ; CLOCK_50   ; 4.355  ; 4.355  ; Rise       ; CLOCK_50        ;
;  SRAM_ADDR[4]  ; CLOCK_50   ; 4.355  ; 4.355  ; Rise       ; CLOCK_50        ;
;  SRAM_ADDR[5]  ; CLOCK_50   ; 3.822  ; 3.822  ; Rise       ; CLOCK_50        ;
;  SRAM_ADDR[6]  ; CLOCK_50   ; 3.939  ; 3.939  ; Rise       ; CLOCK_50        ;
;  SRAM_ADDR[7]  ; CLOCK_50   ; 3.928  ; 3.928  ; Rise       ; CLOCK_50        ;
;  SRAM_ADDR[8]  ; CLOCK_50   ; 3.794  ; 3.794  ; Rise       ; CLOCK_50        ;
;  SRAM_ADDR[9]  ; CLOCK_50   ; 3.785  ; 3.785  ; Rise       ; CLOCK_50        ;
;  SRAM_ADDR[10] ; CLOCK_50   ; 3.766  ; 3.766  ; Rise       ; CLOCK_50        ;
;  SRAM_ADDR[11] ; CLOCK_50   ; 3.934  ; 3.934  ; Rise       ; CLOCK_50        ;
;  SRAM_ADDR[12] ; CLOCK_50   ; 3.924  ; 3.924  ; Rise       ; CLOCK_50        ;
;  SRAM_ADDR[13] ; CLOCK_50   ; 4.018  ; 4.018  ; Rise       ; CLOCK_50        ;
;  SRAM_ADDR[14] ; CLOCK_50   ; 4.069  ; 4.069  ; Rise       ; CLOCK_50        ;
;  SRAM_ADDR[15] ; CLOCK_50   ; 4.218  ; 4.218  ; Rise       ; CLOCK_50        ;
;  SRAM_ADDR[16] ; CLOCK_50   ; 4.328  ; 4.328  ; Rise       ; CLOCK_50        ;
;  SRAM_ADDR[17] ; CLOCK_50   ; 4.341  ; 4.341  ; Rise       ; CLOCK_50        ;
; SRAM_DQ[*]     ; CLOCK_50   ; 4.267  ; 4.267  ; Rise       ; CLOCK_50        ;
;  SRAM_DQ[0]    ; CLOCK_50   ; 4.147  ; 4.147  ; Rise       ; CLOCK_50        ;
;  SRAM_DQ[1]    ; CLOCK_50   ; 4.267  ; 4.267  ; Rise       ; CLOCK_50        ;
;  SRAM_DQ[2]    ; CLOCK_50   ; 4.191  ; 4.191  ; Rise       ; CLOCK_50        ;
;  SRAM_DQ[3]    ; CLOCK_50   ; 4.173  ; 4.173  ; Rise       ; CLOCK_50        ;
;  SRAM_DQ[4]    ; CLOCK_50   ; 3.937  ; 3.937  ; Rise       ; CLOCK_50        ;
;  SRAM_DQ[5]    ; CLOCK_50   ; 4.042  ; 4.042  ; Rise       ; CLOCK_50        ;
;  SRAM_DQ[6]    ; CLOCK_50   ; 3.813  ; 3.813  ; Rise       ; CLOCK_50        ;
;  SRAM_DQ[7]    ; CLOCK_50   ; 3.934  ; 3.934  ; Rise       ; CLOCK_50        ;
;  SRAM_DQ[8]    ; CLOCK_50   ; 4.024  ; 4.024  ; Rise       ; CLOCK_50        ;
;  SRAM_DQ[9]    ; CLOCK_50   ; 4.140  ; 4.140  ; Rise       ; CLOCK_50        ;
;  SRAM_DQ[10]   ; CLOCK_50   ; 4.115  ; 4.115  ; Rise       ; CLOCK_50        ;
;  SRAM_DQ[11]   ; CLOCK_50   ; 4.133  ; 4.133  ; Rise       ; CLOCK_50        ;
;  SRAM_DQ[12]   ; CLOCK_50   ; 4.067  ; 4.067  ; Rise       ; CLOCK_50        ;
;  SRAM_DQ[13]   ; CLOCK_50   ; 4.151  ; 4.151  ; Rise       ; CLOCK_50        ;
;  SRAM_DQ[14]   ; CLOCK_50   ; 4.125  ; 4.125  ; Rise       ; CLOCK_50        ;
;  SRAM_DQ[15]   ; CLOCK_50   ; 4.261  ; 4.261  ; Rise       ; CLOCK_50        ;
; SRAM_LB_N      ; CLOCK_50   ; 4.279  ; 4.279  ; Rise       ; CLOCK_50        ;
; SRAM_OE_N      ; CLOCK_50   ; 4.363  ; 4.363  ; Rise       ; CLOCK_50        ;
; SRAM_UB_N      ; CLOCK_50   ; 4.255  ; 4.255  ; Rise       ; CLOCK_50        ;
; SRAM_WE_N      ; CLOCK_50   ; 4.034  ; 4.034  ; Rise       ; CLOCK_50        ;
; VGA_B[*]       ; CLOCK_50   ; 10.773 ; 10.773 ; Rise       ; CLOCK_50        ;
;  VGA_B[0]      ; CLOCK_50   ; 10.385 ; 10.385 ; Rise       ; CLOCK_50        ;
;  VGA_B[1]      ; CLOCK_50   ; 10.773 ; 10.773 ; Rise       ; CLOCK_50        ;
;  VGA_B[2]      ; CLOCK_50   ; 10.452 ; 10.452 ; Rise       ; CLOCK_50        ;
;  VGA_B[3]      ; CLOCK_50   ; 10.665 ; 10.665 ; Rise       ; CLOCK_50        ;
; VGA_G[*]       ; CLOCK_50   ; 11.440 ; 11.440 ; Rise       ; CLOCK_50        ;
;  VGA_G[0]      ; CLOCK_50   ; 10.685 ; 10.685 ; Rise       ; CLOCK_50        ;
;  VGA_G[1]      ; CLOCK_50   ; 10.815 ; 10.815 ; Rise       ; CLOCK_50        ;
;  VGA_G[2]      ; CLOCK_50   ; 10.741 ; 10.741 ; Rise       ; CLOCK_50        ;
;  VGA_G[3]      ; CLOCK_50   ; 11.440 ; 11.440 ; Rise       ; CLOCK_50        ;
; VGA_HS         ; CLOCK_50   ; 5.546  ; 5.546  ; Rise       ; CLOCK_50        ;
; VGA_R[*]       ; CLOCK_50   ; 11.399 ; 11.399 ; Rise       ; CLOCK_50        ;
;  VGA_R[0]      ; CLOCK_50   ; 10.926 ; 10.926 ; Rise       ; CLOCK_50        ;
;  VGA_R[1]      ; CLOCK_50   ; 11.399 ; 11.399 ; Rise       ; CLOCK_50        ;
;  VGA_R[2]      ; CLOCK_50   ; 11.092 ; 11.092 ; Rise       ; CLOCK_50        ;
;  VGA_R[3]      ; CLOCK_50   ; 11.033 ; 11.033 ; Rise       ; CLOCK_50        ;
; VGA_VS         ; CLOCK_50   ; 5.262  ; 5.262  ; Rise       ; CLOCK_50        ;
+----------------+------------+--------+--------+------------+-----------------+


+----------------------------------------------------------------------------+
; Minimum Clock to Output Times                                              ;
+----------------+------------+-------+-------+------------+-----------------+
; Data Port      ; Clock Port ; Rise  ; Fall  ; Clock Edge ; Clock Reference ;
+----------------+------------+-------+-------+------------+-----------------+
; FL_ADDR[*]     ; CLOCK_50   ; 4.120 ; 4.120 ; Rise       ; CLOCK_50        ;
;  FL_ADDR[0]    ; CLOCK_50   ; 5.017 ; 5.017 ; Rise       ; CLOCK_50        ;
;  FL_ADDR[1]    ; CLOCK_50   ; 4.236 ; 4.236 ; Rise       ; CLOCK_50        ;
;  FL_ADDR[2]    ; CLOCK_50   ; 4.368 ; 4.368 ; Rise       ; CLOCK_50        ;
;  FL_ADDR[3]    ; CLOCK_50   ; 4.570 ; 4.570 ; Rise       ; CLOCK_50        ;
;  FL_ADDR[4]    ; CLOCK_50   ; 4.523 ; 4.523 ; Rise       ; CLOCK_50        ;
;  FL_ADDR[5]    ; CLOCK_50   ; 4.563 ; 4.563 ; Rise       ; CLOCK_50        ;
;  FL_ADDR[6]    ; CLOCK_50   ; 4.670 ; 4.670 ; Rise       ; CLOCK_50        ;
;  FL_ADDR[7]    ; CLOCK_50   ; 4.392 ; 4.392 ; Rise       ; CLOCK_50        ;
;  FL_ADDR[8]    ; CLOCK_50   ; 4.448 ; 4.448 ; Rise       ; CLOCK_50        ;
;  FL_ADDR[9]    ; CLOCK_50   ; 4.147 ; 4.147 ; Rise       ; CLOCK_50        ;
;  FL_ADDR[10]   ; CLOCK_50   ; 4.227 ; 4.227 ; Rise       ; CLOCK_50        ;
;  FL_ADDR[11]   ; CLOCK_50   ; 4.120 ; 4.120 ; Rise       ; CLOCK_50        ;
;  FL_ADDR[12]   ; CLOCK_50   ; 4.252 ; 4.252 ; Rise       ; CLOCK_50        ;
;  FL_ADDR[13]   ; CLOCK_50   ; 4.149 ; 4.149 ; Rise       ; CLOCK_50        ;
;  FL_ADDR[14]   ; CLOCK_50   ; 4.158 ; 4.158 ; Rise       ; CLOCK_50        ;
;  FL_ADDR[15]   ; CLOCK_50   ; 4.157 ; 4.157 ; Rise       ; CLOCK_50        ;
;  FL_ADDR[16]   ; CLOCK_50   ; 4.145 ; 4.145 ; Rise       ; CLOCK_50        ;
;  FL_ADDR[17]   ; CLOCK_50   ; 4.316 ; 4.316 ; Rise       ; CLOCK_50        ;
;  FL_ADDR[18]   ; CLOCK_50   ; 4.331 ; 4.331 ; Rise       ; CLOCK_50        ;
;  FL_ADDR[19]   ; CLOCK_50   ; 4.321 ; 4.321 ; Rise       ; CLOCK_50        ;
;  FL_ADDR[20]   ; CLOCK_50   ; 4.218 ; 4.218 ; Rise       ; CLOCK_50        ;
;  FL_ADDR[21]   ; CLOCK_50   ; 4.429 ; 4.429 ; Rise       ; CLOCK_50        ;
; HEX0[*]        ; CLOCK_50   ; 4.643 ; 4.643 ; Rise       ; CLOCK_50        ;
;  HEX0[0]       ; CLOCK_50   ; 4.753 ; 4.753 ; Rise       ; CLOCK_50        ;
;  HEX0[1]       ; CLOCK_50   ; 4.643 ; 4.643 ; Rise       ; CLOCK_50        ;
;  HEX0[2]       ; CLOCK_50   ; 4.774 ; 4.774 ; Rise       ; CLOCK_50        ;
;  HEX0[3]       ; CLOCK_50   ; 4.780 ; 4.780 ; Rise       ; CLOCK_50        ;
;  HEX0[4]       ; CLOCK_50   ; 4.843 ; 4.843 ; Rise       ; CLOCK_50        ;
;  HEX0[5]       ; CLOCK_50   ; 4.836 ; 4.836 ; Rise       ; CLOCK_50        ;
;  HEX0[6]       ; CLOCK_50   ; 4.799 ; 4.799 ; Rise       ; CLOCK_50        ;
; HEX1[*]        ; CLOCK_50   ; 4.868 ; 4.868 ; Rise       ; CLOCK_50        ;
;  HEX1[0]       ; CLOCK_50   ; 5.032 ; 5.032 ; Rise       ; CLOCK_50        ;
;  HEX1[1]       ; CLOCK_50   ; 4.868 ; 4.868 ; Rise       ; CLOCK_50        ;
;  HEX1[2]       ; CLOCK_50   ; 4.869 ; 4.869 ; Rise       ; CLOCK_50        ;
;  HEX1[3]       ; CLOCK_50   ; 4.876 ; 4.876 ; Rise       ; CLOCK_50        ;
;  HEX1[4]       ; CLOCK_50   ; 4.883 ; 4.883 ; Rise       ; CLOCK_50        ;
;  HEX1[5]       ; CLOCK_50   ; 5.032 ; 5.032 ; Rise       ; CLOCK_50        ;
;  HEX1[6]       ; CLOCK_50   ; 4.984 ; 4.984 ; Rise       ; CLOCK_50        ;
; HEX2[*]        ; CLOCK_50   ; 4.680 ; 4.680 ; Rise       ; CLOCK_50        ;
;  HEX2[0]       ; CLOCK_50   ; 4.683 ; 4.683 ; Rise       ; CLOCK_50        ;
;  HEX2[1]       ; CLOCK_50   ; 4.680 ; 4.680 ; Rise       ; CLOCK_50        ;
;  HEX2[2]       ; CLOCK_50   ; 4.742 ; 4.742 ; Rise       ; CLOCK_50        ;
;  HEX2[3]       ; CLOCK_50   ; 4.735 ; 4.735 ; Rise       ; CLOCK_50        ;
;  HEX2[4]       ; CLOCK_50   ; 4.709 ; 4.709 ; Rise       ; CLOCK_50        ;
;  HEX2[5]       ; CLOCK_50   ; 4.708 ; 4.708 ; Rise       ; CLOCK_50        ;
;  HEX2[6]       ; CLOCK_50   ; 4.821 ; 4.821 ; Rise       ; CLOCK_50        ;
; HEX3[*]        ; CLOCK_50   ; 4.896 ; 4.896 ; Rise       ; CLOCK_50        ;
;  HEX3[0]       ; CLOCK_50   ; 5.052 ; 5.052 ; Rise       ; CLOCK_50        ;
;  HEX3[1]       ; CLOCK_50   ; 5.197 ; 5.197 ; Rise       ; CLOCK_50        ;
;  HEX3[2]       ; CLOCK_50   ; 5.209 ; 5.209 ; Rise       ; CLOCK_50        ;
;  HEX3[3]       ; CLOCK_50   ; 4.896 ; 4.896 ; Rise       ; CLOCK_50        ;
;  HEX3[4]       ; CLOCK_50   ; 4.896 ; 4.896 ; Rise       ; CLOCK_50        ;
;  HEX3[5]       ; CLOCK_50   ; 5.052 ; 5.052 ; Rise       ; CLOCK_50        ;
;  HEX3[6]       ; CLOCK_50   ; 5.096 ; 5.096 ; Rise       ; CLOCK_50        ;
; LEDG[*]        ; CLOCK_50   ; 4.325 ; 4.325 ; Rise       ; CLOCK_50        ;
;  LEDG[1]       ; CLOCK_50   ; 4.881 ; 4.881 ; Rise       ; CLOCK_50        ;
;  LEDG[2]       ; CLOCK_50   ; 4.541 ; 4.541 ; Rise       ; CLOCK_50        ;
;  LEDG[3]       ; CLOCK_50   ; 4.765 ; 4.765 ; Rise       ; CLOCK_50        ;
;  LEDG[4]       ; CLOCK_50   ; 4.509 ; 4.509 ; Rise       ; CLOCK_50        ;
;  LEDG[5]       ; CLOCK_50   ; 4.792 ; 4.792 ; Rise       ; CLOCK_50        ;
;  LEDG[6]       ; CLOCK_50   ; 4.428 ; 4.428 ; Rise       ; CLOCK_50        ;
;  LEDG[7]       ; CLOCK_50   ; 4.325 ; 4.325 ; Rise       ; CLOCK_50        ;
; LEDR[*]        ; CLOCK_50   ; 4.371 ; 4.371 ; Rise       ; CLOCK_50        ;
;  LEDR[0]       ; CLOCK_50   ; 4.460 ; 4.460 ; Rise       ; CLOCK_50        ;
;  LEDR[1]       ; CLOCK_50   ; 4.371 ; 4.371 ; Rise       ; CLOCK_50        ;
;  LEDR[2]       ; CLOCK_50   ; 4.639 ; 4.639 ; Rise       ; CLOCK_50        ;
;  LEDR[3]       ; CLOCK_50   ; 4.476 ; 4.476 ; Rise       ; CLOCK_50        ;
;  LEDR[4]       ; CLOCK_50   ; 4.775 ; 4.775 ; Rise       ; CLOCK_50        ;
;  LEDR[5]       ; CLOCK_50   ; 4.706 ; 4.706 ; Rise       ; CLOCK_50        ;
;  LEDR[6]       ; CLOCK_50   ; 4.666 ; 4.666 ; Rise       ; CLOCK_50        ;
;  LEDR[7]       ; CLOCK_50   ; 4.615 ; 4.615 ; Rise       ; CLOCK_50        ;
;  LEDR[8]       ; CLOCK_50   ; 4.443 ; 4.443 ; Rise       ; CLOCK_50        ;
;  LEDR[9]       ; CLOCK_50   ; 4.414 ; 4.414 ; Rise       ; CLOCK_50        ;
; SRAM_ADDR[*]   ; CLOCK_50   ; 3.766 ; 3.766 ; Rise       ; CLOCK_50        ;
;  SRAM_ADDR[0]  ; CLOCK_50   ; 4.469 ; 4.469 ; Rise       ; CLOCK_50        ;
;  SRAM_ADDR[1]  ; CLOCK_50   ; 4.168 ; 4.168 ; Rise       ; CLOCK_50        ;
;  SRAM_ADDR[2]  ; CLOCK_50   ; 4.369 ; 4.369 ; Rise       ; CLOCK_50        ;
;  SRAM_ADDR[3]  ; CLOCK_50   ; 4.355 ; 4.355 ; Rise       ; CLOCK_50        ;
;  SRAM_ADDR[4]  ; CLOCK_50   ; 4.355 ; 4.355 ; Rise       ; CLOCK_50        ;
;  SRAM_ADDR[5]  ; CLOCK_50   ; 3.822 ; 3.822 ; Rise       ; CLOCK_50        ;
;  SRAM_ADDR[6]  ; CLOCK_50   ; 3.939 ; 3.939 ; Rise       ; CLOCK_50        ;
;  SRAM_ADDR[7]  ; CLOCK_50   ; 3.928 ; 3.928 ; Rise       ; CLOCK_50        ;
;  SRAM_ADDR[8]  ; CLOCK_50   ; 3.794 ; 3.794 ; Rise       ; CLOCK_50        ;
;  SRAM_ADDR[9]  ; CLOCK_50   ; 3.785 ; 3.785 ; Rise       ; CLOCK_50        ;
;  SRAM_ADDR[10] ; CLOCK_50   ; 3.766 ; 3.766 ; Rise       ; CLOCK_50        ;
;  SRAM_ADDR[11] ; CLOCK_50   ; 3.934 ; 3.934 ; Rise       ; CLOCK_50        ;
;  SRAM_ADDR[12] ; CLOCK_50   ; 3.924 ; 3.924 ; Rise       ; CLOCK_50        ;
;  SRAM_ADDR[13] ; CLOCK_50   ; 4.018 ; 4.018 ; Rise       ; CLOCK_50        ;
;  SRAM_ADDR[14] ; CLOCK_50   ; 4.069 ; 4.069 ; Rise       ; CLOCK_50        ;
;  SRAM_ADDR[15] ; CLOCK_50   ; 4.218 ; 4.218 ; Rise       ; CLOCK_50        ;
;  SRAM_ADDR[16] ; CLOCK_50   ; 4.328 ; 4.328 ; Rise       ; CLOCK_50        ;
;  SRAM_ADDR[17] ; CLOCK_50   ; 4.341 ; 4.341 ; Rise       ; CLOCK_50        ;
; SRAM_DQ[*]     ; CLOCK_50   ; 3.813 ; 3.813 ; Rise       ; CLOCK_50        ;
;  SRAM_DQ[0]    ; CLOCK_50   ; 4.147 ; 4.147 ; Rise       ; CLOCK_50        ;
;  SRAM_DQ[1]    ; CLOCK_50   ; 4.267 ; 4.267 ; Rise       ; CLOCK_50        ;
;  SRAM_DQ[2]    ; CLOCK_50   ; 4.191 ; 4.191 ; Rise       ; CLOCK_50        ;
;  SRAM_DQ[3]    ; CLOCK_50   ; 4.173 ; 4.173 ; Rise       ; CLOCK_50        ;
;  SRAM_DQ[4]    ; CLOCK_50   ; 3.937 ; 3.937 ; Rise       ; CLOCK_50        ;
;  SRAM_DQ[5]    ; CLOCK_50   ; 4.042 ; 4.042 ; Rise       ; CLOCK_50        ;
;  SRAM_DQ[6]    ; CLOCK_50   ; 3.813 ; 3.813 ; Rise       ; CLOCK_50        ;
;  SRAM_DQ[7]    ; CLOCK_50   ; 3.934 ; 3.934 ; Rise       ; CLOCK_50        ;
;  SRAM_DQ[8]    ; CLOCK_50   ; 4.024 ; 4.024 ; Rise       ; CLOCK_50        ;
;  SRAM_DQ[9]    ; CLOCK_50   ; 4.140 ; 4.140 ; Rise       ; CLOCK_50        ;
;  SRAM_DQ[10]   ; CLOCK_50   ; 4.115 ; 4.115 ; Rise       ; CLOCK_50        ;
;  SRAM_DQ[11]   ; CLOCK_50   ; 4.133 ; 4.133 ; Rise       ; CLOCK_50        ;
;  SRAM_DQ[12]   ; CLOCK_50   ; 4.067 ; 4.067 ; Rise       ; CLOCK_50        ;
;  SRAM_DQ[13]   ; CLOCK_50   ; 4.151 ; 4.151 ; Rise       ; CLOCK_50        ;
;  SRAM_DQ[14]   ; CLOCK_50   ; 4.125 ; 4.125 ; Rise       ; CLOCK_50        ;
;  SRAM_DQ[15]   ; CLOCK_50   ; 4.261 ; 4.261 ; Rise       ; CLOCK_50        ;
; SRAM_LB_N      ; CLOCK_50   ; 4.279 ; 4.279 ; Rise       ; CLOCK_50        ;
; SRAM_OE_N      ; CLOCK_50   ; 4.363 ; 4.363 ; Rise       ; CLOCK_50        ;
; SRAM_UB_N      ; CLOCK_50   ; 4.255 ; 4.255 ; Rise       ; CLOCK_50        ;
; SRAM_WE_N      ; CLOCK_50   ; 4.034 ; 4.034 ; Rise       ; CLOCK_50        ;
; VGA_B[*]       ; CLOCK_50   ; 4.443 ; 4.443 ; Rise       ; CLOCK_50        ;
;  VGA_B[0]      ; CLOCK_50   ; 4.657 ; 4.657 ; Rise       ; CLOCK_50        ;
;  VGA_B[1]      ; CLOCK_50   ; 4.571 ; 4.571 ; Rise       ; CLOCK_50        ;
;  VGA_B[2]      ; CLOCK_50   ; 4.443 ; 4.443 ; Rise       ; CLOCK_50        ;
;  VGA_B[3]      ; CLOCK_50   ; 4.651 ; 4.651 ; Rise       ; CLOCK_50        ;
; VGA_G[*]       ; CLOCK_50   ; 4.715 ; 4.715 ; Rise       ; CLOCK_50        ;
;  VGA_G[0]      ; CLOCK_50   ; 4.778 ; 4.778 ; Rise       ; CLOCK_50        ;
;  VGA_G[1]      ; CLOCK_50   ; 4.715 ; 4.715 ; Rise       ; CLOCK_50        ;
;  VGA_G[2]      ; CLOCK_50   ; 4.741 ; 4.741 ; Rise       ; CLOCK_50        ;
;  VGA_G[3]      ; CLOCK_50   ; 5.070 ; 5.070 ; Rise       ; CLOCK_50        ;
; VGA_HS         ; CLOCK_50   ; 4.427 ; 4.427 ; Rise       ; CLOCK_50        ;
; VGA_R[*]       ; CLOCK_50   ; 4.853 ; 4.853 ; Rise       ; CLOCK_50        ;
;  VGA_R[0]      ; CLOCK_50   ; 4.906 ; 4.906 ; Rise       ; CLOCK_50        ;
;  VGA_R[1]      ; CLOCK_50   ; 5.031 ; 5.031 ; Rise       ; CLOCK_50        ;
;  VGA_R[2]      ; CLOCK_50   ; 4.890 ; 4.890 ; Rise       ; CLOCK_50        ;
;  VGA_R[3]      ; CLOCK_50   ; 4.853 ; 4.853 ; Rise       ; CLOCK_50        ;
; VGA_VS         ; CLOCK_50   ; 4.468 ; 4.468 ; Rise       ; CLOCK_50        ;
+----------------+------------+-------+-------+------------+-----------------+


+----------------------------------------------------------+
; Propagation Delay                                        ;
+------------+-------------+-------+-------+-------+-------+
; Input Port ; Output Port ; RR    ; RF    ; FR    ; FF    ;
+------------+-------------+-------+-------+-------+-------+
; SW[0]      ; VGA_B[0]    ; 3.658 ; 3.658 ; 3.658 ; 3.658 ;
; SW[0]      ; VGA_B[1]    ; 3.598 ; 3.598 ; 3.598 ; 3.598 ;
; SW[0]      ; VGA_B[2]    ; 3.615 ; 3.615 ; 3.615 ; 3.615 ;
; SW[0]      ; VGA_B[3]    ; 3.591 ; 3.591 ; 3.591 ; 3.591 ;
; SW[0]      ; VGA_G[0]    ; 3.764 ; 3.764 ; 3.764 ; 3.764 ;
; SW[0]      ; VGA_G[1]    ; 3.702 ; 3.702 ; 3.702 ; 3.702 ;
; SW[0]      ; VGA_G[2]    ; 3.736 ; 3.736 ; 3.736 ; 3.736 ;
; SW[0]      ; VGA_G[3]    ; 3.770 ; 3.770 ; 3.770 ; 3.770 ;
; SW[0]      ; VGA_R[0]    ; 3.732 ; 3.732 ; 3.732 ; 3.732 ;
; SW[0]      ; VGA_R[1]    ; 3.935 ; 3.935 ; 3.935 ; 3.935 ;
; SW[0]      ; VGA_R[2]    ; 3.843 ; 3.843 ; 3.843 ; 3.843 ;
; SW[0]      ; VGA_R[3]    ; 3.814 ; 3.814 ; 3.814 ; 3.814 ;
; SW[6]      ; HEX0[0]     ; 9.072 ; 9.072 ; 9.072 ; 9.072 ;
; SW[6]      ; HEX0[1]     ; 8.979 ; 8.979 ; 8.979 ; 8.979 ;
; SW[6]      ; HEX0[2]     ; 9.110 ; 9.110 ; 9.110 ; 9.110 ;
; SW[6]      ; HEX0[3]     ; 9.099 ; 9.099 ; 9.099 ; 9.099 ;
; SW[6]      ; HEX0[4]     ; 9.165 ; 9.165 ; 9.165 ; 9.165 ;
; SW[6]      ; HEX0[5]     ; 9.167 ; 9.167 ; 9.167 ; 9.167 ;
; SW[6]      ; HEX0[6]     ; 9.117 ; 9.117 ; 9.117 ; 9.117 ;
; SW[6]      ; HEX1[0]     ; 8.885 ; 8.885 ; 8.885 ; 8.885 ;
; SW[6]      ; HEX1[1]     ; 8.721 ; 8.721 ; 8.721 ; 8.721 ;
; SW[6]      ; HEX1[2]     ; 8.719 ; 8.719 ; 8.719 ; 8.719 ;
; SW[6]      ; HEX1[3]     ; 8.729 ; 8.729 ; 8.729 ; 8.729 ;
; SW[6]      ; HEX1[4]     ; 8.733 ; 8.733 ; 8.733 ; 8.733 ;
; SW[6]      ; HEX1[5]     ; 8.882 ; 8.882 ; 8.882 ; 8.882 ;
; SW[6]      ; HEX1[6]     ; 8.834 ; 8.834 ; 8.834 ; 8.834 ;
; SW[6]      ; HEX2[0]     ; 8.202 ; 8.202 ; 8.202 ; 8.202 ;
; SW[6]      ; HEX2[1]     ; 8.197 ; 8.197 ; 8.197 ; 8.197 ;
; SW[6]      ; HEX2[2]     ; 8.253 ; 8.253 ; 8.253 ; 8.253 ;
; SW[6]      ; HEX2[3]     ; 8.255 ; 8.255 ; 8.255 ; 8.255 ;
; SW[6]      ; HEX2[4]     ; 8.228 ; 8.228 ; 8.228 ; 8.228 ;
; SW[6]      ; HEX2[5]     ; 8.224 ; 8.224 ; 8.224 ; 8.224 ;
; SW[6]      ; HEX2[6]     ; 8.338 ; 8.338 ; 8.338 ; 8.338 ;
; SW[6]      ; HEX3[0]     ; 7.227 ; 7.227 ; 7.227 ; 7.227 ;
; SW[6]      ; HEX3[1]     ; 7.372 ; 7.372 ; 7.372 ; 7.372 ;
; SW[6]      ; HEX3[2]     ; 7.384 ; 7.384 ; 7.384 ; 7.384 ;
; SW[6]      ; HEX3[3]     ; 7.071 ; 7.071 ; 7.071 ; 7.071 ;
; SW[6]      ; HEX3[4]     ; 7.071 ; 7.071 ; 7.071 ; 7.071 ;
; SW[6]      ; HEX3[5]     ; 7.227 ; 7.227 ; 7.227 ; 7.227 ;
; SW[6]      ; HEX3[6]     ; 7.271 ; 7.271 ; 7.271 ; 7.271 ;
; SW[7]      ; HEX0[0]     ; 8.722 ; 8.722 ; 8.722 ; 8.722 ;
; SW[7]      ; HEX0[1]     ; 8.629 ; 8.629 ; 8.629 ; 8.629 ;
; SW[7]      ; HEX0[2]     ; 8.760 ; 8.760 ; 8.760 ; 8.760 ;
; SW[7]      ; HEX0[3]     ; 8.749 ; 8.749 ; 8.749 ; 8.749 ;
; SW[7]      ; HEX0[4]     ; 8.815 ; 8.815 ; 8.815 ; 8.815 ;
; SW[7]      ; HEX0[5]     ; 8.817 ; 8.817 ; 8.817 ; 8.817 ;
; SW[7]      ; HEX0[6]     ; 8.767 ; 8.767 ; 8.767 ; 8.767 ;
; SW[7]      ; HEX1[0]     ; 8.535 ; 8.535 ; 8.535 ; 8.535 ;
; SW[7]      ; HEX1[1]     ; 8.371 ; 8.371 ; 8.371 ; 8.371 ;
; SW[7]      ; HEX1[2]     ; 8.369 ; 8.369 ; 8.369 ; 8.369 ;
; SW[7]      ; HEX1[3]     ; 8.379 ; 8.379 ; 8.379 ; 8.379 ;
; SW[7]      ; HEX1[4]     ; 8.383 ; 8.383 ; 8.383 ; 8.383 ;
; SW[7]      ; HEX1[5]     ; 8.532 ; 8.532 ; 8.532 ; 8.532 ;
; SW[7]      ; HEX1[6]     ; 8.484 ; 8.484 ; 8.484 ; 8.484 ;
; SW[7]      ; HEX2[0]     ; 7.850 ; 7.850 ; 7.850 ; 7.850 ;
; SW[7]      ; HEX2[1]     ; 7.845 ; 7.845 ; 7.845 ; 7.845 ;
; SW[7]      ; HEX2[2]     ; 7.901 ; 7.901 ; 7.901 ; 7.901 ;
; SW[7]      ; HEX2[3]     ; 7.903 ; 7.903 ; 7.903 ; 7.903 ;
; SW[7]      ; HEX2[4]     ; 7.876 ; 7.876 ; 7.876 ; 7.876 ;
; SW[7]      ; HEX2[5]     ; 7.872 ; 7.872 ; 7.872 ; 7.872 ;
; SW[7]      ; HEX2[6]     ; 7.986 ; 7.986 ; 7.986 ; 7.986 ;
; SW[7]      ; HEX3[0]     ; 8.014 ; 8.014 ; 8.014 ; 8.014 ;
; SW[7]      ; HEX3[1]     ; 8.155 ; 8.155 ; 8.155 ; 8.155 ;
; SW[7]      ; HEX3[2]     ; 8.163 ; 8.163 ; 8.163 ; 8.163 ;
; SW[7]      ; HEX3[3]     ; 7.844 ; 7.844 ; 7.844 ; 7.844 ;
; SW[7]      ; HEX3[4]     ; 7.858 ; 7.858 ; 7.858 ; 7.858 ;
; SW[7]      ; HEX3[5]     ; 7.993 ; 7.993 ; 7.993 ; 7.993 ;
; SW[7]      ; HEX3[6]     ; 8.047 ; 8.047 ; 8.047 ; 8.047 ;
; SW[8]      ; HEX0[0]     ; 8.641 ; 8.641 ; 8.641 ; 8.641 ;
; SW[8]      ; HEX0[1]     ; 8.548 ; 8.548 ; 8.548 ; 8.548 ;
; SW[8]      ; HEX0[2]     ; 8.679 ; 8.679 ; 8.679 ; 8.679 ;
; SW[8]      ; HEX0[3]     ; 8.668 ; 8.668 ; 8.668 ; 8.668 ;
; SW[8]      ; HEX0[4]     ; 8.734 ; 8.734 ; 8.734 ; 8.734 ;
; SW[8]      ; HEX0[5]     ; 8.736 ; 8.736 ; 8.736 ; 8.736 ;
; SW[8]      ; HEX0[6]     ; 8.686 ; 8.686 ; 8.686 ; 8.686 ;
; SW[8]      ; HEX1[0]     ; 8.454 ; 8.454 ; 8.454 ; 8.454 ;
; SW[8]      ; HEX1[1]     ; 8.290 ; 8.290 ; 8.290 ; 8.290 ;
; SW[8]      ; HEX1[2]     ; 8.288 ; 8.288 ; 8.288 ; 8.288 ;
; SW[8]      ; HEX1[3]     ; 8.298 ; 8.298 ; 8.298 ; 8.298 ;
; SW[8]      ; HEX1[4]     ; 8.302 ; 8.302 ; 8.302 ; 8.302 ;
; SW[8]      ; HEX1[5]     ; 8.451 ; 8.451 ; 8.451 ; 8.451 ;
; SW[8]      ; HEX1[6]     ; 8.403 ; 8.403 ; 8.403 ; 8.403 ;
; SW[8]      ; HEX2[0]     ; 7.766 ; 7.766 ; 7.766 ; 7.766 ;
; SW[8]      ; HEX2[1]     ; 7.761 ; 7.761 ; 7.761 ; 7.761 ;
; SW[8]      ; HEX2[2]     ; 7.817 ; 7.817 ; 7.817 ; 7.817 ;
; SW[8]      ; HEX2[3]     ; 7.819 ; 7.819 ; 7.819 ; 7.819 ;
; SW[8]      ; HEX2[4]     ; 7.792 ; 7.792 ; 7.792 ; 7.792 ;
; SW[8]      ; HEX2[5]     ; 7.788 ; 7.788 ; 7.788 ; 7.788 ;
; SW[8]      ; HEX2[6]     ; 7.902 ; 7.902 ; 7.902 ; 7.902 ;
; SW[8]      ; HEX3[0]     ; 6.408 ; 6.408 ; 6.408 ; 6.408 ;
; SW[8]      ; HEX3[1]     ; 6.553 ; 6.553 ; 6.553 ; 6.553 ;
; SW[8]      ; HEX3[2]     ; 6.565 ; 6.565 ; 6.565 ; 6.565 ;
; SW[8]      ; HEX3[3]     ; 6.252 ; 6.252 ; 6.252 ; 6.252 ;
; SW[8]      ; HEX3[4]     ; 6.252 ; 6.252 ; 6.252 ; 6.252 ;
; SW[8]      ; HEX3[5]     ; 6.408 ; 6.408 ; 6.408 ; 6.408 ;
; SW[8]      ; HEX3[6]     ; 6.452 ; 6.452 ; 6.452 ; 6.452 ;
; SW[9]      ; HEX0[0]     ; 7.658 ; 7.658 ; 7.658 ; 7.658 ;
; SW[9]      ; HEX0[1]     ; 7.551 ; 7.551 ; 7.551 ; 7.551 ;
; SW[9]      ; HEX0[2]     ; 7.687 ; 7.687 ; 7.687 ; 7.687 ;
; SW[9]      ; HEX0[3]     ; 7.685 ; 7.685 ; 7.685 ; 7.685 ;
; SW[9]      ; HEX0[4]     ; 7.747 ; 7.747 ; 7.747 ; 7.747 ;
; SW[9]      ; HEX0[5]     ; 7.742 ; 7.742 ; 7.742 ; 7.742 ;
; SW[9]      ; HEX0[6]     ; 7.703 ; 7.703 ; 7.703 ; 7.703 ;
; SW[9]      ; HEX1[0]     ; 8.564 ; 8.564 ; 8.564 ; 8.564 ;
; SW[9]      ; HEX1[1]     ; 8.400 ; 8.400 ; 8.400 ; 8.400 ;
; SW[9]      ; HEX1[2]     ; 8.398 ; 8.398 ; 8.398 ; 8.398 ;
; SW[9]      ; HEX1[3]     ; 8.408 ; 8.408 ; 8.408 ; 8.408 ;
; SW[9]      ; HEX1[4]     ; 8.412 ; 8.412 ; 8.412 ; 8.412 ;
; SW[9]      ; HEX1[5]     ; 8.561 ; 8.561 ; 8.561 ; 8.561 ;
; SW[9]      ; HEX1[6]     ; 8.513 ; 8.513 ; 8.513 ; 8.513 ;
; SW[9]      ; HEX2[0]     ; 8.179 ; 8.179 ; 8.179 ; 8.179 ;
; SW[9]      ; HEX2[1]     ; 8.174 ; 8.174 ; 8.174 ; 8.174 ;
; SW[9]      ; HEX2[2]     ; 8.230 ; 8.230 ; 8.230 ; 8.230 ;
; SW[9]      ; HEX2[3]     ; 8.232 ; 8.232 ; 8.232 ; 8.232 ;
; SW[9]      ; HEX2[4]     ; 8.205 ; 8.205 ; 8.205 ; 8.205 ;
; SW[9]      ; HEX2[5]     ; 8.201 ; 8.201 ; 8.201 ; 8.201 ;
; SW[9]      ; HEX2[6]     ; 8.315 ; 8.315 ; 8.315 ; 8.315 ;
; SW[9]      ; HEX3[0]     ; 7.863 ; 7.863 ; 7.863 ; 7.863 ;
; SW[9]      ; HEX3[1]     ; 8.008 ; 8.008 ; 8.008 ; 8.008 ;
; SW[9]      ; HEX3[2]     ; 8.020 ; 8.020 ; 8.020 ; 8.020 ;
; SW[9]      ; HEX3[3]     ; 7.707 ; 7.707 ; 7.707 ; 7.707 ;
; SW[9]      ; HEX3[4]     ; 7.707 ; 7.707 ; 7.707 ; 7.707 ;
; SW[9]      ; HEX3[5]     ; 7.863 ; 7.863 ; 7.863 ; 7.863 ;
; SW[9]      ; HEX3[6]     ; 7.907 ; 7.907 ; 7.907 ; 7.907 ;
+------------+-------------+-------+-------+-------+-------+


+----------------------------------------------------------+
; Minimum Propagation Delay                                ;
+------------+-------------+-------+-------+-------+-------+
; Input Port ; Output Port ; RR    ; RF    ; FR    ; FF    ;
+------------+-------------+-------+-------+-------+-------+
; SW[0]      ; VGA_B[0]    ; 3.658 ; 3.658 ; 3.658 ; 3.658 ;
; SW[0]      ; VGA_B[1]    ; 3.598 ; 3.598 ; 3.598 ; 3.598 ;
; SW[0]      ; VGA_B[2]    ; 3.615 ; 3.615 ; 3.615 ; 3.615 ;
; SW[0]      ; VGA_B[3]    ; 3.591 ; 3.591 ; 3.591 ; 3.591 ;
; SW[0]      ; VGA_G[0]    ; 3.764 ; 3.764 ; 3.764 ; 3.764 ;
; SW[0]      ; VGA_G[1]    ; 3.702 ; 3.702 ; 3.702 ; 3.702 ;
; SW[0]      ; VGA_G[2]    ; 3.736 ; 3.736 ; 3.736 ; 3.736 ;
; SW[0]      ; VGA_G[3]    ; 3.770 ; 3.770 ; 3.770 ; 3.770 ;
; SW[0]      ; VGA_R[0]    ; 3.732 ; 3.732 ; 3.732 ; 3.732 ;
; SW[0]      ; VGA_R[1]    ; 3.935 ; 3.935 ; 3.935 ; 3.935 ;
; SW[0]      ; VGA_R[2]    ; 3.843 ; 3.843 ; 3.843 ; 3.843 ;
; SW[0]      ; VGA_R[3]    ; 3.814 ; 3.814 ; 3.814 ; 3.814 ;
; SW[6]      ; HEX0[0]     ; 4.694 ; 4.694 ; 4.694 ; 4.694 ;
; SW[6]      ; HEX0[1]     ; 4.584 ; 4.584 ; 4.584 ; 4.584 ;
; SW[6]      ; HEX0[2]     ; 4.813 ; 4.715 ; 4.715 ; 4.813 ;
; SW[6]      ; HEX0[3]     ; 4.721 ; 4.721 ; 4.721 ; 4.721 ;
; SW[6]      ; HEX0[4]     ; 4.784 ; 4.882 ; 4.882 ; 4.784 ;
; SW[6]      ; HEX0[5]     ; 4.777 ; 4.875 ; 4.875 ; 4.777 ;
; SW[6]      ; HEX0[6]     ; 4.740 ; 4.740 ; 4.740 ; 4.740 ;
; SW[6]      ; HEX1[0]     ; 4.607 ; 4.607 ; 4.607 ; 4.607 ;
; SW[6]      ; HEX1[1]     ; 4.443 ; 4.443 ; 4.443 ; 4.443 ;
; SW[6]      ; HEX1[2]     ; 4.441 ; 4.441 ; 4.441 ; 4.441 ;
; SW[6]      ; HEX1[3]     ; 4.451 ; 4.451 ; 4.451 ; 4.451 ;
; SW[6]      ; HEX1[4]     ; 4.455 ; 4.455 ; 4.455 ; 4.455 ;
; SW[6]      ; HEX1[5]     ; 4.604 ; 4.604 ; 4.604 ; 4.604 ;
; SW[6]      ; HEX1[6]     ; 4.556 ; 4.556 ; 4.556 ; 4.556 ;
; SW[6]      ; HEX2[0]     ; 4.594 ; 4.594 ; 4.594 ; 4.594 ;
; SW[6]      ; HEX2[1]     ; 4.589 ; 4.589 ; 4.589 ; 4.589 ;
; SW[6]      ; HEX2[2]     ; 4.645 ; 4.645 ; 4.645 ; 4.645 ;
; SW[6]      ; HEX2[3]     ; 4.647 ; 4.647 ; 4.647 ; 4.647 ;
; SW[6]      ; HEX2[4]     ; 4.620 ; 4.620 ; 4.620 ; 4.620 ;
; SW[6]      ; HEX2[5]     ; 4.616 ; 4.616 ; 4.616 ; 4.616 ;
; SW[6]      ; HEX2[6]     ; 4.730 ; 4.730 ; 4.730 ; 4.730 ;
; SW[6]      ; HEX3[0]     ; 4.688 ; 4.688 ; 4.688 ; 4.688 ;
; SW[6]      ; HEX3[1]     ; 4.834 ; 4.834 ; 4.834 ; 4.834 ;
; SW[6]      ; HEX3[2]     ; 4.842 ; 4.842 ; 4.842 ; 4.842 ;
; SW[6]      ; HEX3[3]     ; 4.520 ; 4.520 ; 4.520 ; 4.520 ;
; SW[6]      ; HEX3[4]     ; 4.533 ; 4.533 ; 4.533 ; 4.533 ;
; SW[6]      ; HEX3[5]     ; 4.671 ; 4.671 ; 4.671 ; 4.671 ;
; SW[6]      ; HEX3[6]     ; 4.726 ; 4.726 ; 4.726 ; 4.726 ;
; SW[7]      ; HEX0[0]     ; 4.062 ; 4.062 ; 4.062 ; 4.062 ;
; SW[7]      ; HEX0[1]     ; 3.972 ; 3.972 ; 3.972 ; 3.972 ;
; SW[7]      ; HEX0[2]     ; 4.104 ; 4.171 ; 4.171 ; 4.104 ;
; SW[7]      ; HEX0[3]     ; 4.089 ; 4.089 ; 4.089 ; 4.089 ;
; SW[7]      ; HEX0[4]     ; 4.238 ; 4.161 ; 4.161 ; 4.238 ;
; SW[7]      ; HEX0[5]     ; 4.163 ; 4.163 ; 4.163 ; 4.163 ;
; SW[7]      ; HEX0[6]     ; 4.110 ; 4.110 ; 4.110 ; 4.110 ;
; SW[7]      ; HEX1[0]     ; 4.195 ; 4.195 ; 4.195 ; 4.195 ;
; SW[7]      ; HEX1[1]     ; 4.031 ; 4.156 ; 4.156 ; 4.031 ;
; SW[7]      ; HEX1[2]     ; 4.029 ; 4.029 ; 4.029 ; 4.029 ;
; SW[7]      ; HEX1[3]     ; 4.039 ; 4.039 ; 4.039 ; 4.039 ;
; SW[7]      ; HEX1[4]     ; 4.043 ; 4.043 ; 4.043 ; 4.043 ;
; SW[7]      ; HEX1[5]     ; 4.192 ; 4.192 ; 4.192 ; 4.192 ;
; SW[7]      ; HEX1[6]     ; 4.144 ; 4.144 ; 4.144 ; 4.144 ;
; SW[7]      ; HEX2[0]     ; 3.900 ; 3.900 ; 3.900 ; 3.900 ;
; SW[7]      ; HEX2[1]     ; 3.908 ; 3.908 ; 3.908 ; 3.908 ;
; SW[7]      ; HEX2[2]     ; 3.958 ; 3.958 ; 3.958 ; 3.958 ;
; SW[7]      ; HEX2[3]     ; 3.960 ; 3.960 ; 3.960 ; 3.960 ;
; SW[7]      ; HEX2[4]     ; 3.925 ; 4.092 ; 4.092 ; 3.925 ;
; SW[7]      ; HEX2[5]     ; 3.922 ; 3.922 ; 3.922 ; 3.922 ;
; SW[7]      ; HEX2[6]     ; 4.049 ; 4.049 ; 4.049 ; 4.049 ;
; SW[7]      ; HEX3[0]     ; 4.026 ; 4.026 ; 4.026 ; 4.026 ;
; SW[7]      ; HEX3[1]     ; 4.172 ; 4.172 ; 4.172 ; 4.172 ;
; SW[7]      ; HEX3[2]     ; 4.478 ; 4.180 ; 4.180 ; 4.478 ;
; SW[7]      ; HEX3[3]     ; 3.858 ; 3.858 ; 3.858 ; 3.858 ;
; SW[7]      ; HEX3[4]     ; 3.871 ; 4.165 ; 4.165 ; 3.871 ;
; SW[7]      ; HEX3[5]     ; 4.009 ; 4.009 ; 4.009 ; 4.009 ;
; SW[7]      ; HEX3[6]     ; 4.064 ; 4.064 ; 4.064 ; 4.064 ;
; SW[8]      ; HEX0[0]     ; 4.105 ; 4.105 ; 4.105 ; 4.105 ;
; SW[8]      ; HEX0[1]     ; 4.015 ; 4.015 ; 4.015 ; 4.015 ;
; SW[8]      ; HEX0[2]     ; 4.214 ; 4.147 ; 4.147 ; 4.214 ;
; SW[8]      ; HEX0[3]     ; 4.132 ; 4.132 ; 4.132 ; 4.132 ;
; SW[8]      ; HEX0[4]     ; 4.204 ; 4.281 ; 4.281 ; 4.204 ;
; SW[8]      ; HEX0[5]     ; 4.206 ; 4.206 ; 4.206 ; 4.206 ;
; SW[8]      ; HEX0[6]     ; 4.153 ; 4.153 ; 4.153 ; 4.153 ;
; SW[8]      ; HEX1[0]     ; 4.203 ; 4.203 ; 4.203 ; 4.203 ;
; SW[8]      ; HEX1[1]     ; 4.049 ; 4.039 ; 4.039 ; 4.049 ;
; SW[8]      ; HEX1[2]     ; 4.037 ; 4.037 ; 4.037 ; 4.037 ;
; SW[8]      ; HEX1[3]     ; 4.047 ; 4.047 ; 4.047 ; 4.047 ;
; SW[8]      ; HEX1[4]     ; 4.051 ; 4.051 ; 4.051 ; 4.051 ;
; SW[8]      ; HEX1[5]     ; 4.200 ; 4.200 ; 4.200 ; 4.200 ;
; SW[8]      ; HEX1[6]     ; 4.152 ; 4.152 ; 4.152 ; 4.152 ;
; SW[8]      ; HEX2[0]     ; 3.501 ; 3.501 ; 3.501 ; 3.501 ;
; SW[8]      ; HEX2[1]     ; 3.509 ; 3.509 ; 3.509 ; 3.509 ;
; SW[8]      ; HEX2[2]     ; 3.559 ; 3.559 ; 3.559 ; 3.559 ;
; SW[8]      ; HEX2[3]     ; 3.561 ; 3.561 ; 3.561 ; 3.561 ;
; SW[8]      ; HEX2[4]     ; 3.526 ; 3.526 ; 3.526 ; 3.526 ;
; SW[8]      ; HEX2[5]     ; 3.523 ; 3.523 ; 3.523 ; 3.523 ;
; SW[8]      ; HEX2[6]     ; 3.650 ; 3.650 ; 3.650 ; 3.650 ;
; SW[8]      ; HEX3[0]     ; 3.835 ; 3.835 ; 3.835 ; 3.835 ;
; SW[8]      ; HEX3[1]     ; 3.981 ; 3.981 ; 3.981 ; 3.981 ;
; SW[8]      ; HEX3[2]     ; 3.989 ; 3.989 ; 3.989 ; 3.989 ;
; SW[8]      ; HEX3[3]     ; 3.667 ; 3.667 ; 3.667 ; 3.667 ;
; SW[8]      ; HEX3[4]     ; 3.680 ; 3.680 ; 3.680 ; 3.680 ;
; SW[8]      ; HEX3[5]     ; 3.818 ; 3.818 ; 3.818 ; 3.818 ;
; SW[8]      ; HEX3[6]     ; 3.873 ; 3.873 ; 3.873 ; 3.873 ;
; SW[9]      ; HEX0[0]     ; 4.565 ; 4.565 ; 4.565 ; 4.565 ;
; SW[9]      ; HEX0[1]     ; 4.455 ; 4.455 ; 4.455 ; 4.455 ;
; SW[9]      ; HEX0[2]     ; 4.586 ; 4.586 ; 4.586 ; 4.586 ;
; SW[9]      ; HEX0[3]     ; 4.592 ; 4.592 ; 4.592 ; 4.592 ;
; SW[9]      ; HEX0[4]     ; 4.655 ; 4.655 ; 4.655 ; 4.655 ;
; SW[9]      ; HEX0[5]     ; 4.648 ; 4.648 ; 4.648 ; 4.648 ;
; SW[9]      ; HEX0[6]     ; 4.611 ; 4.611 ; 4.611 ; 4.611 ;
; SW[9]      ; HEX1[0]     ; 4.828 ; 4.828 ; 4.828 ; 4.828 ;
; SW[9]      ; HEX1[1]     ; 4.664 ; 4.664 ; 4.664 ; 4.664 ;
; SW[9]      ; HEX1[2]     ; 4.665 ; 4.665 ; 4.665 ; 4.665 ;
; SW[9]      ; HEX1[3]     ; 4.672 ; 4.672 ; 4.672 ; 4.672 ;
; SW[9]      ; HEX1[4]     ; 4.679 ; 4.679 ; 4.679 ; 4.679 ;
; SW[9]      ; HEX1[5]     ; 4.828 ; 4.828 ; 4.828 ; 4.828 ;
; SW[9]      ; HEX1[6]     ; 4.780 ; 4.780 ; 4.780 ; 4.780 ;
; SW[9]      ; HEX2[0]     ; 4.983 ; 4.983 ; 4.983 ; 4.983 ;
; SW[9]      ; HEX2[1]     ; 4.991 ; 4.991 ; 4.991 ; 4.991 ;
; SW[9]      ; HEX2[2]     ; 5.041 ; 5.041 ; 5.041 ; 5.041 ;
; SW[9]      ; HEX2[3]     ; 5.043 ; 5.043 ; 5.043 ; 5.043 ;
; SW[9]      ; HEX2[4]     ; 5.008 ; 5.008 ; 5.008 ; 5.008 ;
; SW[9]      ; HEX2[5]     ; 5.005 ; 5.005 ; 5.005 ; 5.005 ;
; SW[9]      ; HEX2[6]     ; 5.132 ; 5.132 ; 5.132 ; 5.132 ;
; SW[9]      ; HEX3[0]     ; 4.922 ; 4.922 ; 4.922 ; 4.922 ;
; SW[9]      ; HEX3[1]     ; 5.063 ; 5.063 ; 5.063 ; 5.063 ;
; SW[9]      ; HEX3[2]     ; 5.071 ; 5.071 ; 5.071 ; 5.071 ;
; SW[9]      ; HEX3[3]     ; 4.752 ; 4.752 ; 4.752 ; 4.752 ;
; SW[9]      ; HEX3[4]     ; 4.766 ; 4.766 ; 4.766 ; 4.766 ;
; SW[9]      ; HEX3[5]     ; 4.901 ; 4.901 ; 4.901 ; 4.901 ;
; SW[9]      ; HEX3[6]     ; 4.955 ; 4.955 ; 4.955 ; 4.955 ;
+------------+-------------+-------+-------+-------+-------+


+-------------------------------------------------------------------------+
; Output Enable Times                                                     ;
+--------------+------------+-------+------+------------+-----------------+
; Data Port    ; Clock Port ; Rise  ; Fall ; Clock Edge ; Clock Reference ;
+--------------+------------+-------+------+------------+-----------------+
; SRAM_DQ[*]   ; CLOCK_50   ; 4.247 ;      ; Rise       ; CLOCK_50        ;
;  SRAM_DQ[0]  ; CLOCK_50   ; 4.594 ;      ; Rise       ; CLOCK_50        ;
;  SRAM_DQ[1]  ; CLOCK_50   ; 4.604 ;      ; Rise       ; CLOCK_50        ;
;  SRAM_DQ[2]  ; CLOCK_50   ; 4.508 ;      ; Rise       ; CLOCK_50        ;
;  SRAM_DQ[3]  ; CLOCK_50   ; 4.518 ;      ; Rise       ; CLOCK_50        ;
;  SRAM_DQ[4]  ; CLOCK_50   ; 4.378 ;      ; Rise       ; CLOCK_50        ;
;  SRAM_DQ[5]  ; CLOCK_50   ; 4.536 ;      ; Rise       ; CLOCK_50        ;
;  SRAM_DQ[6]  ; CLOCK_50   ; 4.247 ;      ; Rise       ; CLOCK_50        ;
;  SRAM_DQ[7]  ; CLOCK_50   ; 4.363 ;      ; Rise       ; CLOCK_50        ;
;  SRAM_DQ[8]  ; CLOCK_50   ; 4.493 ;      ; Rise       ; CLOCK_50        ;
;  SRAM_DQ[9]  ; CLOCK_50   ; 4.493 ;      ; Rise       ; CLOCK_50        ;
;  SRAM_DQ[10] ; CLOCK_50   ; 4.486 ;      ; Rise       ; CLOCK_50        ;
;  SRAM_DQ[11] ; CLOCK_50   ; 4.485 ;      ; Rise       ; CLOCK_50        ;
;  SRAM_DQ[12] ; CLOCK_50   ; 4.505 ;      ; Rise       ; CLOCK_50        ;
;  SRAM_DQ[13] ; CLOCK_50   ; 4.496 ;      ; Rise       ; CLOCK_50        ;
;  SRAM_DQ[14] ; CLOCK_50   ; 4.597 ;      ; Rise       ; CLOCK_50        ;
;  SRAM_DQ[15] ; CLOCK_50   ; 4.589 ;      ; Rise       ; CLOCK_50        ;
+--------------+------------+-------+------+------------+-----------------+


+-------------------------------------------------------------------------+
; Minimum Output Enable Times                                             ;
+--------------+------------+-------+------+------------+-----------------+
; Data Port    ; Clock Port ; Rise  ; Fall ; Clock Edge ; Clock Reference ;
+--------------+------------+-------+------+------------+-----------------+
; SRAM_DQ[*]   ; CLOCK_50   ; 4.238 ;      ; Rise       ; CLOCK_50        ;
;  SRAM_DQ[0]  ; CLOCK_50   ; 4.585 ;      ; Rise       ; CLOCK_50        ;
;  SRAM_DQ[1]  ; CLOCK_50   ; 4.595 ;      ; Rise       ; CLOCK_50        ;
;  SRAM_DQ[2]  ; CLOCK_50   ; 4.499 ;      ; Rise       ; CLOCK_50        ;
;  SRAM_DQ[3]  ; CLOCK_50   ; 4.509 ;      ; Rise       ; CLOCK_50        ;
;  SRAM_DQ[4]  ; CLOCK_50   ; 4.369 ;      ; Rise       ; CLOCK_50        ;
;  SRAM_DQ[5]  ; CLOCK_50   ; 4.527 ;      ; Rise       ; CLOCK_50        ;
;  SRAM_DQ[6]  ; CLOCK_50   ; 4.238 ;      ; Rise       ; CLOCK_50        ;
;  SRAM_DQ[7]  ; CLOCK_50   ; 4.354 ;      ; Rise       ; CLOCK_50        ;
;  SRAM_DQ[8]  ; CLOCK_50   ; 4.464 ;      ; Rise       ; CLOCK_50        ;
;  SRAM_DQ[9]  ; CLOCK_50   ; 4.464 ;      ; Rise       ; CLOCK_50        ;
;  SRAM_DQ[10] ; CLOCK_50   ; 4.457 ;      ; Rise       ; CLOCK_50        ;
;  SRAM_DQ[11] ; CLOCK_50   ; 4.456 ;      ; Rise       ; CLOCK_50        ;
;  SRAM_DQ[12] ; CLOCK_50   ; 4.476 ;      ; Rise       ; CLOCK_50        ;
;  SRAM_DQ[13] ; CLOCK_50   ; 4.467 ;      ; Rise       ; CLOCK_50        ;
;  SRAM_DQ[14] ; CLOCK_50   ; 4.568 ;      ; Rise       ; CLOCK_50        ;
;  SRAM_DQ[15] ; CLOCK_50   ; 4.560 ;      ; Rise       ; CLOCK_50        ;
+--------------+------------+-------+------+------------+-----------------+


+----------------------------------------------------------------------------------+
; Output Disable Times                                                             ;
+--------------+------------+-----------+-----------+------------+-----------------+
; Data Port    ; Clock Port ; 0 to Hi-Z ; 1 to Hi-Z ; Clock Edge ; Clock Reference ;
+--------------+------------+-----------+-----------+------------+-----------------+
; SRAM_DQ[*]   ; CLOCK_50   ; 4.247     ;           ; Rise       ; CLOCK_50        ;
;  SRAM_DQ[0]  ; CLOCK_50   ; 4.594     ;           ; Rise       ; CLOCK_50        ;
;  SRAM_DQ[1]  ; CLOCK_50   ; 4.604     ;           ; Rise       ; CLOCK_50        ;
;  SRAM_DQ[2]  ; CLOCK_50   ; 4.508     ;           ; Rise       ; CLOCK_50        ;
;  SRAM_DQ[3]  ; CLOCK_50   ; 4.518     ;           ; Rise       ; CLOCK_50        ;
;  SRAM_DQ[4]  ; CLOCK_50   ; 4.378     ;           ; Rise       ; CLOCK_50        ;
;  SRAM_DQ[5]  ; CLOCK_50   ; 4.536     ;           ; Rise       ; CLOCK_50        ;
;  SRAM_DQ[6]  ; CLOCK_50   ; 4.247     ;           ; Rise       ; CLOCK_50        ;
;  SRAM_DQ[7]  ; CLOCK_50   ; 4.363     ;           ; Rise       ; CLOCK_50        ;
;  SRAM_DQ[8]  ; CLOCK_50   ; 4.493     ;           ; Rise       ; CLOCK_50        ;
;  SRAM_DQ[9]  ; CLOCK_50   ; 4.493     ;           ; Rise       ; CLOCK_50        ;
;  SRAM_DQ[10] ; CLOCK_50   ; 4.486     ;           ; Rise       ; CLOCK_50        ;
;  SRAM_DQ[11] ; CLOCK_50   ; 4.485     ;           ; Rise       ; CLOCK_50        ;
;  SRAM_DQ[12] ; CLOCK_50   ; 4.505     ;           ; Rise       ; CLOCK_50        ;
;  SRAM_DQ[13] ; CLOCK_50   ; 4.496     ;           ; Rise       ; CLOCK_50        ;
;  SRAM_DQ[14] ; CLOCK_50   ; 4.597     ;           ; Rise       ; CLOCK_50        ;
;  SRAM_DQ[15] ; CLOCK_50   ; 4.589     ;           ; Rise       ; CLOCK_50        ;
+--------------+------------+-----------+-----------+------------+-----------------+


+----------------------------------------------------------------------------------+
; Minimum Output Disable Times                                                     ;
+--------------+------------+-----------+-----------+------------+-----------------+
; Data Port    ; Clock Port ; 0 to Hi-Z ; 1 to Hi-Z ; Clock Edge ; Clock Reference ;
+--------------+------------+-----------+-----------+------------+-----------------+
; SRAM_DQ[*]   ; CLOCK_50   ; 4.238     ;           ; Rise       ; CLOCK_50        ;
;  SRAM_DQ[0]  ; CLOCK_50   ; 4.585     ;           ; Rise       ; CLOCK_50        ;
;  SRAM_DQ[1]  ; CLOCK_50   ; 4.595     ;           ; Rise       ; CLOCK_50        ;
;  SRAM_DQ[2]  ; CLOCK_50   ; 4.499     ;           ; Rise       ; CLOCK_50        ;
;  SRAM_DQ[3]  ; CLOCK_50   ; 4.509     ;           ; Rise       ; CLOCK_50        ;
;  SRAM_DQ[4]  ; CLOCK_50   ; 4.369     ;           ; Rise       ; CLOCK_50        ;
;  SRAM_DQ[5]  ; CLOCK_50   ; 4.527     ;           ; Rise       ; CLOCK_50        ;
;  SRAM_DQ[6]  ; CLOCK_50   ; 4.238     ;           ; Rise       ; CLOCK_50        ;
;  SRAM_DQ[7]  ; CLOCK_50   ; 4.354     ;           ; Rise       ; CLOCK_50        ;
;  SRAM_DQ[8]  ; CLOCK_50   ; 4.464     ;           ; Rise       ; CLOCK_50        ;
;  SRAM_DQ[9]  ; CLOCK_50   ; 4.464     ;           ; Rise       ; CLOCK_50        ;
;  SRAM_DQ[10] ; CLOCK_50   ; 4.457     ;           ; Rise       ; CLOCK_50        ;
;  SRAM_DQ[11] ; CLOCK_50   ; 4.456     ;           ; Rise       ; CLOCK_50        ;
;  SRAM_DQ[12] ; CLOCK_50   ; 4.476     ;           ; Rise       ; CLOCK_50        ;
;  SRAM_DQ[13] ; CLOCK_50   ; 4.467     ;           ; Rise       ; CLOCK_50        ;
;  SRAM_DQ[14] ; CLOCK_50   ; 4.568     ;           ; Rise       ; CLOCK_50        ;
;  SRAM_DQ[15] ; CLOCK_50   ; 4.560     ;           ; Rise       ; CLOCK_50        ;
+--------------+------------+-----------+-----------+------------+-----------------+


+-----------------------------------------------------------------------------+
; Multicorner Timing Analysis Summary                                         ;
+------------------+-------+-------+----------+---------+---------------------+
; Clock            ; Setup ; Hold  ; Recovery ; Removal ; Minimum Pulse Width ;
+------------------+-------+-------+----------+---------+---------------------+
; Worst-case Slack ; 0.801 ; 0.038 ; 15.101   ; 1.931   ; 7.436               ;
;  CLOCK_50        ; 0.801 ; 0.038 ; 15.101   ; 1.931   ; 7.436               ;
; Design-wide TNS  ; 0.0   ; 0.0   ; 0.0      ; 0.0     ; 0.0                 ;
;  CLOCK_50        ; 0.000 ; 0.000 ; 0.000    ; 0.000   ; 0.000               ;
+------------------+-------+-------+----------+---------+---------------------+


+----------------------------------------------------------------------------+
; Setup Times                                                                ;
+--------------+------------+--------+--------+------------+-----------------+
; Data Port    ; Clock Port ; Rise   ; Fall   ; Clock Edge ; Clock Reference ;
+--------------+------------+--------+--------+------------+-----------------+
; FL_DQ[*]     ; CLOCK_50   ; 5.707  ; 5.707  ; Rise       ; CLOCK_50        ;
;  FL_DQ[0]    ; CLOCK_50   ; 4.854  ; 4.854  ; Rise       ; CLOCK_50        ;
;  FL_DQ[1]    ; CLOCK_50   ; 5.151  ; 5.151  ; Rise       ; CLOCK_50        ;
;  FL_DQ[2]    ; CLOCK_50   ; 4.698  ; 4.698  ; Rise       ; CLOCK_50        ;
;  FL_DQ[3]    ; CLOCK_50   ; 4.886  ; 4.886  ; Rise       ; CLOCK_50        ;
;  FL_DQ[4]    ; CLOCK_50   ; 4.763  ; 4.763  ; Rise       ; CLOCK_50        ;
;  FL_DQ[5]    ; CLOCK_50   ; 4.958  ; 4.958  ; Rise       ; CLOCK_50        ;
;  FL_DQ[6]    ; CLOCK_50   ; 5.707  ; 5.707  ; Rise       ; CLOCK_50        ;
;  FL_DQ[7]    ; CLOCK_50   ; 5.670  ; 5.670  ; Rise       ; CLOCK_50        ;
; KEY[*]       ; CLOCK_50   ; 5.304  ; 5.304  ; Rise       ; CLOCK_50        ;
;  KEY[0]      ; CLOCK_50   ; 5.304  ; 5.304  ; Rise       ; CLOCK_50        ;
;  KEY[1]      ; CLOCK_50   ; 3.079  ; 3.079  ; Rise       ; CLOCK_50        ;
; SRAM_DQ[*]   ; CLOCK_50   ; 6.515  ; 6.515  ; Rise       ; CLOCK_50        ;
;  SRAM_DQ[0]  ; CLOCK_50   ; 6.515  ; 6.515  ; Rise       ; CLOCK_50        ;
;  SRAM_DQ[1]  ; CLOCK_50   ; 6.284  ; 6.284  ; Rise       ; CLOCK_50        ;
;  SRAM_DQ[2]  ; CLOCK_50   ; 5.809  ; 5.809  ; Rise       ; CLOCK_50        ;
;  SRAM_DQ[3]  ; CLOCK_50   ; 5.546  ; 5.546  ; Rise       ; CLOCK_50        ;
;  SRAM_DQ[4]  ; CLOCK_50   ; 5.851  ; 5.851  ; Rise       ; CLOCK_50        ;
;  SRAM_DQ[5]  ; CLOCK_50   ; 5.160  ; 5.160  ; Rise       ; CLOCK_50        ;
;  SRAM_DQ[6]  ; CLOCK_50   ; 5.519  ; 5.519  ; Rise       ; CLOCK_50        ;
;  SRAM_DQ[7]  ; CLOCK_50   ; 4.988  ; 4.988  ; Rise       ; CLOCK_50        ;
;  SRAM_DQ[8]  ; CLOCK_50   ; 6.229  ; 6.229  ; Rise       ; CLOCK_50        ;
;  SRAM_DQ[9]  ; CLOCK_50   ; 5.761  ; 5.761  ; Rise       ; CLOCK_50        ;
;  SRAM_DQ[10] ; CLOCK_50   ; 5.830  ; 5.830  ; Rise       ; CLOCK_50        ;
;  SRAM_DQ[11] ; CLOCK_50   ; 5.548  ; 5.548  ; Rise       ; CLOCK_50        ;
;  SRAM_DQ[12] ; CLOCK_50   ; 5.857  ; 5.857  ; Rise       ; CLOCK_50        ;
;  SRAM_DQ[13] ; CLOCK_50   ; 5.939  ; 5.939  ; Rise       ; CLOCK_50        ;
;  SRAM_DQ[14] ; CLOCK_50   ; 5.853  ; 5.853  ; Rise       ; CLOCK_50        ;
;  SRAM_DQ[15] ; CLOCK_50   ; 5.571  ; 5.571  ; Rise       ; CLOCK_50        ;
; SW[*]        ; CLOCK_50   ; 10.677 ; 10.677 ; Rise       ; CLOCK_50        ;
;  SW[2]       ; CLOCK_50   ; 10.677 ; 10.677 ; Rise       ; CLOCK_50        ;
;  SW[5]       ; CLOCK_50   ; 8.877  ; 8.877  ; Rise       ; CLOCK_50        ;
+--------------+------------+--------+--------+------------+-----------------+


+----------------------------------------------------------------------------+
; Hold Times                                                                 ;
+--------------+------------+--------+--------+------------+-----------------+
; Data Port    ; Clock Port ; Rise   ; Fall   ; Clock Edge ; Clock Reference ;
+--------------+------------+--------+--------+------------+-----------------+
; FL_DQ[*]     ; CLOCK_50   ; -1.892 ; -1.892 ; Rise       ; CLOCK_50        ;
;  FL_DQ[0]    ; CLOCK_50   ; -1.939 ; -1.939 ; Rise       ; CLOCK_50        ;
;  FL_DQ[1]    ; CLOCK_50   ; -2.034 ; -2.034 ; Rise       ; CLOCK_50        ;
;  FL_DQ[2]    ; CLOCK_50   ; -1.892 ; -1.892 ; Rise       ; CLOCK_50        ;
;  FL_DQ[3]    ; CLOCK_50   ; -1.938 ; -1.938 ; Rise       ; CLOCK_50        ;
;  FL_DQ[4]    ; CLOCK_50   ; -1.928 ; -1.928 ; Rise       ; CLOCK_50        ;
;  FL_DQ[5]    ; CLOCK_50   ; -2.142 ; -2.142 ; Rise       ; CLOCK_50        ;
;  FL_DQ[6]    ; CLOCK_50   ; -2.269 ; -2.269 ; Rise       ; CLOCK_50        ;
;  FL_DQ[7]    ; CLOCK_50   ; -2.162 ; -2.162 ; Rise       ; CLOCK_50        ;
; KEY[*]       ; CLOCK_50   ; -1.343 ; -1.343 ; Rise       ; CLOCK_50        ;
;  KEY[0]      ; CLOCK_50   ; -2.357 ; -2.357 ; Rise       ; CLOCK_50        ;
;  KEY[1]      ; CLOCK_50   ; -1.343 ; -1.343 ; Rise       ; CLOCK_50        ;
; SRAM_DQ[*]   ; CLOCK_50   ; -1.668 ; -1.668 ; Rise       ; CLOCK_50        ;
;  SRAM_DQ[0]  ; CLOCK_50   ; -1.881 ; -1.881 ; Rise       ; CLOCK_50        ;
;  SRAM_DQ[1]  ; CLOCK_50   ; -1.918 ; -1.918 ; Rise       ; CLOCK_50        ;
;  SRAM_DQ[2]  ; CLOCK_50   ; -1.886 ; -1.886 ; Rise       ; CLOCK_50        ;
;  SRAM_DQ[3]  ; CLOCK_50   ; -1.840 ; -1.840 ; Rise       ; CLOCK_50        ;
;  SRAM_DQ[4]  ; CLOCK_50   ; -1.737 ; -1.737 ; Rise       ; CLOCK_50        ;
;  SRAM_DQ[5]  ; CLOCK_50   ; -1.681 ; -1.681 ; Rise       ; CLOCK_50        ;
;  SRAM_DQ[6]  ; CLOCK_50   ; -1.685 ; -1.685 ; Rise       ; CLOCK_50        ;
;  SRAM_DQ[7]  ; CLOCK_50   ; -1.838 ; -1.838 ; Rise       ; CLOCK_50        ;
;  SRAM_DQ[8]  ; CLOCK_50   ; -1.749 ; -1.749 ; Rise       ; CLOCK_50        ;
;  SRAM_DQ[9]  ; CLOCK_50   ; -1.668 ; -1.668 ; Rise       ; CLOCK_50        ;
;  SRAM_DQ[10] ; CLOCK_50   ; -1.898 ; -1.898 ; Rise       ; CLOCK_50        ;
;  SRAM_DQ[11] ; CLOCK_50   ; -1.821 ; -1.821 ; Rise       ; CLOCK_50        ;
;  SRAM_DQ[12] ; CLOCK_50   ; -1.835 ; -1.835 ; Rise       ; CLOCK_50        ;
;  SRAM_DQ[13] ; CLOCK_50   ; -2.007 ; -2.007 ; Rise       ; CLOCK_50        ;
;  SRAM_DQ[14] ; CLOCK_50   ; -1.946 ; -1.946 ; Rise       ; CLOCK_50        ;
;  SRAM_DQ[15] ; CLOCK_50   ; -2.005 ; -2.005 ; Rise       ; CLOCK_50        ;
; SW[*]        ; CLOCK_50   ; -0.456 ; -0.456 ; Rise       ; CLOCK_50        ;
;  SW[2]       ; CLOCK_50   ; -1.215 ; -1.215 ; Rise       ; CLOCK_50        ;
;  SW[5]       ; CLOCK_50   ; -0.456 ; -0.456 ; Rise       ; CLOCK_50        ;
+--------------+------------+--------+--------+------------+-----------------+


+------------------------------------------------------------------------------+
; Clock to Output Times                                                        ;
+----------------+------------+--------+--------+------------+-----------------+
; Data Port      ; Clock Port ; Rise   ; Fall   ; Clock Edge ; Clock Reference ;
+----------------+------------+--------+--------+------------+-----------------+
; FL_ADDR[*]     ; CLOCK_50   ; 10.121 ; 10.121 ; Rise       ; CLOCK_50        ;
;  FL_ADDR[0]    ; CLOCK_50   ; 10.121 ; 10.121 ; Rise       ; CLOCK_50        ;
;  FL_ADDR[1]    ; CLOCK_50   ; 8.097  ; 8.097  ; Rise       ; CLOCK_50        ;
;  FL_ADDR[2]    ; CLOCK_50   ; 8.341  ; 8.341  ; Rise       ; CLOCK_50        ;
;  FL_ADDR[3]    ; CLOCK_50   ; 8.895  ; 8.895  ; Rise       ; CLOCK_50        ;
;  FL_ADDR[4]    ; CLOCK_50   ; 8.717  ; 8.717  ; Rise       ; CLOCK_50        ;
;  FL_ADDR[5]    ; CLOCK_50   ; 8.964  ; 8.964  ; Rise       ; CLOCK_50        ;
;  FL_ADDR[6]    ; CLOCK_50   ; 9.254  ; 9.254  ; Rise       ; CLOCK_50        ;
;  FL_ADDR[7]    ; CLOCK_50   ; 8.473  ; 8.473  ; Rise       ; CLOCK_50        ;
;  FL_ADDR[8]    ; CLOCK_50   ; 8.661  ; 8.661  ; Rise       ; CLOCK_50        ;
;  FL_ADDR[9]    ; CLOCK_50   ; 7.853  ; 7.853  ; Rise       ; CLOCK_50        ;
;  FL_ADDR[10]   ; CLOCK_50   ; 8.098  ; 8.098  ; Rise       ; CLOCK_50        ;
;  FL_ADDR[11]   ; CLOCK_50   ; 7.813  ; 7.813  ; Rise       ; CLOCK_50        ;
;  FL_ADDR[12]   ; CLOCK_50   ; 8.122  ; 8.122  ; Rise       ; CLOCK_50        ;
;  FL_ADDR[13]   ; CLOCK_50   ; 7.842  ; 7.842  ; Rise       ; CLOCK_50        ;
;  FL_ADDR[14]   ; CLOCK_50   ; 7.863  ; 7.863  ; Rise       ; CLOCK_50        ;
;  FL_ADDR[15]   ; CLOCK_50   ; 7.865  ; 7.865  ; Rise       ; CLOCK_50        ;
;  FL_ADDR[16]   ; CLOCK_50   ; 7.840  ; 7.840  ; Rise       ; CLOCK_50        ;
;  FL_ADDR[17]   ; CLOCK_50   ; 8.118  ; 8.118  ; Rise       ; CLOCK_50        ;
;  FL_ADDR[18]   ; CLOCK_50   ; 8.369  ; 8.369  ; Rise       ; CLOCK_50        ;
;  FL_ADDR[19]   ; CLOCK_50   ; 8.353  ; 8.353  ; Rise       ; CLOCK_50        ;
;  FL_ADDR[20]   ; CLOCK_50   ; 8.072  ; 8.072  ; Rise       ; CLOCK_50        ;
;  FL_ADDR[21]   ; CLOCK_50   ; 8.635  ; 8.635  ; Rise       ; CLOCK_50        ;
; HEX0[*]        ; CLOCK_50   ; 33.034 ; 33.034 ; Rise       ; CLOCK_50        ;
;  HEX0[0]       ; CLOCK_50   ; 32.919 ; 32.919 ; Rise       ; CLOCK_50        ;
;  HEX0[1]       ; CLOCK_50   ; 32.642 ; 32.642 ; Rise       ; CLOCK_50        ;
;  HEX0[2]       ; CLOCK_50   ; 32.980 ; 32.980 ; Rise       ; CLOCK_50        ;
;  HEX0[3]       ; CLOCK_50   ; 32.965 ; 32.965 ; Rise       ; CLOCK_50        ;
;  HEX0[4]       ; CLOCK_50   ; 33.028 ; 33.028 ; Rise       ; CLOCK_50        ;
;  HEX0[5]       ; CLOCK_50   ; 33.034 ; 33.034 ; Rise       ; CLOCK_50        ;
;  HEX0[6]       ; CLOCK_50   ; 32.989 ; 32.989 ; Rise       ; CLOCK_50        ;
; HEX1[*]        ; CLOCK_50   ; 32.080 ; 32.080 ; Rise       ; CLOCK_50        ;
;  HEX1[0]       ; CLOCK_50   ; 32.078 ; 32.078 ; Rise       ; CLOCK_50        ;
;  HEX1[1]       ; CLOCK_50   ; 31.702 ; 31.702 ; Rise       ; CLOCK_50        ;
;  HEX1[2]       ; CLOCK_50   ; 31.706 ; 31.706 ; Rise       ; CLOCK_50        ;
;  HEX1[3]       ; CLOCK_50   ; 31.706 ; 31.706 ; Rise       ; CLOCK_50        ;
;  HEX1[4]       ; CLOCK_50   ; 31.715 ; 31.715 ; Rise       ; CLOCK_50        ;
;  HEX1[5]       ; CLOCK_50   ; 32.080 ; 32.080 ; Rise       ; CLOCK_50        ;
;  HEX1[6]       ; CLOCK_50   ; 31.965 ; 31.965 ; Rise       ; CLOCK_50        ;
; HEX2[*]        ; CLOCK_50   ; 32.094 ; 32.094 ; Rise       ; CLOCK_50        ;
;  HEX2[0]       ; CLOCK_50   ; 31.747 ; 31.747 ; Rise       ; CLOCK_50        ;
;  HEX2[1]       ; CLOCK_50   ; 31.745 ; 31.745 ; Rise       ; CLOCK_50        ;
;  HEX2[2]       ; CLOCK_50   ; 31.786 ; 31.786 ; Rise       ; CLOCK_50        ;
;  HEX2[3]       ; CLOCK_50   ; 31.814 ; 31.814 ; Rise       ; CLOCK_50        ;
;  HEX2[4]       ; CLOCK_50   ; 31.774 ; 31.774 ; Rise       ; CLOCK_50        ;
;  HEX2[5]       ; CLOCK_50   ; 31.780 ; 31.780 ; Rise       ; CLOCK_50        ;
;  HEX2[6]       ; CLOCK_50   ; 32.094 ; 32.094 ; Rise       ; CLOCK_50        ;
; HEX3[*]        ; CLOCK_50   ; 31.074 ; 31.074 ; Rise       ; CLOCK_50        ;
;  HEX3[0]       ; CLOCK_50   ; 30.877 ; 30.877 ; Rise       ; CLOCK_50        ;
;  HEX3[1]       ; CLOCK_50   ; 31.074 ; 31.074 ; Rise       ; CLOCK_50        ;
;  HEX3[2]       ; CLOCK_50   ; 31.061 ; 31.061 ; Rise       ; CLOCK_50        ;
;  HEX3[3]       ; CLOCK_50   ; 30.495 ; 30.495 ; Rise       ; CLOCK_50        ;
;  HEX3[4]       ; CLOCK_50   ; 30.517 ; 30.517 ; Rise       ; CLOCK_50        ;
;  HEX3[5]       ; CLOCK_50   ; 30.859 ; 30.859 ; Rise       ; CLOCK_50        ;
;  HEX3[6]       ; CLOCK_50   ; 30.939 ; 30.939 ; Rise       ; CLOCK_50        ;
; LEDG[*]        ; CLOCK_50   ; 9.866  ; 9.866  ; Rise       ; CLOCK_50        ;
;  LEDG[1]       ; CLOCK_50   ; 9.866  ; 9.866  ; Rise       ; CLOCK_50        ;
;  LEDG[2]       ; CLOCK_50   ; 8.669  ; 8.669  ; Rise       ; CLOCK_50        ;
;  LEDG[3]       ; CLOCK_50   ; 9.402  ; 9.402  ; Rise       ; CLOCK_50        ;
;  LEDG[4]       ; CLOCK_50   ; 8.706  ; 8.706  ; Rise       ; CLOCK_50        ;
;  LEDG[5]       ; CLOCK_50   ; 9.510  ; 9.510  ; Rise       ; CLOCK_50        ;
;  LEDG[6]       ; CLOCK_50   ; 8.463  ; 8.463  ; Rise       ; CLOCK_50        ;
;  LEDG[7]       ; CLOCK_50   ; 8.189  ; 8.189  ; Rise       ; CLOCK_50        ;
; LEDR[*]        ; CLOCK_50   ; 9.444  ; 9.444  ; Rise       ; CLOCK_50        ;
;  LEDR[0]       ; CLOCK_50   ; 8.823  ; 8.823  ; Rise       ; CLOCK_50        ;
;  LEDR[1]       ; CLOCK_50   ; 8.516  ; 8.516  ; Rise       ; CLOCK_50        ;
;  LEDR[2]       ; CLOCK_50   ; 9.246  ; 9.246  ; Rise       ; CLOCK_50        ;
;  LEDR[3]       ; CLOCK_50   ; 8.680  ; 8.680  ; Rise       ; CLOCK_50        ;
;  LEDR[4]       ; CLOCK_50   ; 9.444  ; 9.444  ; Rise       ; CLOCK_50        ;
;  LEDR[5]       ; CLOCK_50   ; 9.356  ; 9.356  ; Rise       ; CLOCK_50        ;
;  LEDR[6]       ; CLOCK_50   ; 9.285  ; 9.285  ; Rise       ; CLOCK_50        ;
;  LEDR[7]       ; CLOCK_50   ; 8.958  ; 8.958  ; Rise       ; CLOCK_50        ;
;  LEDR[8]       ; CLOCK_50   ; 8.639  ; 8.639  ; Rise       ; CLOCK_50        ;
;  LEDR[9]       ; CLOCK_50   ; 8.601  ; 8.601  ; Rise       ; CLOCK_50        ;
; SRAM_ADDR[*]   ; CLOCK_50   ; 8.689  ; 8.689  ; Rise       ; CLOCK_50        ;
;  SRAM_ADDR[0]  ; CLOCK_50   ; 8.689  ; 8.689  ; Rise       ; CLOCK_50        ;
;  SRAM_ADDR[1]  ; CLOCK_50   ; 7.766  ; 7.766  ; Rise       ; CLOCK_50        ;
;  SRAM_ADDR[2]  ; CLOCK_50   ; 8.393  ; 8.393  ; Rise       ; CLOCK_50        ;
;  SRAM_ADDR[3]  ; CLOCK_50   ; 8.370  ; 8.370  ; Rise       ; CLOCK_50        ;
;  SRAM_ADDR[4]  ; CLOCK_50   ; 8.370  ; 8.370  ; Rise       ; CLOCK_50        ;
;  SRAM_ADDR[5]  ; CLOCK_50   ; 6.964  ; 6.964  ; Rise       ; CLOCK_50        ;
;  SRAM_ADDR[6]  ; CLOCK_50   ; 7.266  ; 7.266  ; Rise       ; CLOCK_50        ;
;  SRAM_ADDR[7]  ; CLOCK_50   ; 7.251  ; 7.251  ; Rise       ; CLOCK_50        ;
;  SRAM_ADDR[8]  ; CLOCK_50   ; 6.938  ; 6.938  ; Rise       ; CLOCK_50        ;
;  SRAM_ADDR[9]  ; CLOCK_50   ; 6.920  ; 6.920  ; Rise       ; CLOCK_50        ;
;  SRAM_ADDR[10] ; CLOCK_50   ; 6.901  ; 6.901  ; Rise       ; CLOCK_50        ;
;  SRAM_ADDR[11] ; CLOCK_50   ; 7.270  ; 7.270  ; Rise       ; CLOCK_50        ;
;  SRAM_ADDR[12] ; CLOCK_50   ; 7.247  ; 7.247  ; Rise       ; CLOCK_50        ;
;  SRAM_ADDR[13] ; CLOCK_50   ; 7.511  ; 7.511  ; Rise       ; CLOCK_50        ;
;  SRAM_ADDR[14] ; CLOCK_50   ; 7.583  ; 7.583  ; Rise       ; CLOCK_50        ;
;  SRAM_ADDR[15] ; CLOCK_50   ; 8.050  ; 8.050  ; Rise       ; CLOCK_50        ;
;  SRAM_ADDR[16] ; CLOCK_50   ; 8.333  ; 8.333  ; Rise       ; CLOCK_50        ;
;  SRAM_ADDR[17] ; CLOCK_50   ; 8.353  ; 8.353  ; Rise       ; CLOCK_50        ;
; SRAM_DQ[*]     ; CLOCK_50   ; 8.152  ; 8.152  ; Rise       ; CLOCK_50        ;
;  SRAM_DQ[0]    ; CLOCK_50   ; 7.821  ; 7.821  ; Rise       ; CLOCK_50        ;
;  SRAM_DQ[1]    ; CLOCK_50   ; 8.140  ; 8.140  ; Rise       ; CLOCK_50        ;
;  SRAM_DQ[2]    ; CLOCK_50   ; 7.909  ; 7.909  ; Rise       ; CLOCK_50        ;
;  SRAM_DQ[3]    ; CLOCK_50   ; 7.876  ; 7.876  ; Rise       ; CLOCK_50        ;
;  SRAM_DQ[4]    ; CLOCK_50   ; 7.263  ; 7.263  ; Rise       ; CLOCK_50        ;
;  SRAM_DQ[5]    ; CLOCK_50   ; 7.554  ; 7.554  ; Rise       ; CLOCK_50        ;
;  SRAM_DQ[6]    ; CLOCK_50   ; 6.959  ; 6.959  ; Rise       ; CLOCK_50        ;
;  SRAM_DQ[7]    ; CLOCK_50   ; 7.278  ; 7.278  ; Rise       ; CLOCK_50        ;
;  SRAM_DQ[8]    ; CLOCK_50   ; 7.523  ; 7.523  ; Rise       ; CLOCK_50        ;
;  SRAM_DQ[9]    ; CLOCK_50   ; 7.844  ; 7.844  ; Rise       ; CLOCK_50        ;
;  SRAM_DQ[10]   ; CLOCK_50   ; 7.806  ; 7.806  ; Rise       ; CLOCK_50        ;
;  SRAM_DQ[11]   ; CLOCK_50   ; 7.837  ; 7.837  ; Rise       ; CLOCK_50        ;
;  SRAM_DQ[12]   ; CLOCK_50   ; 7.605  ; 7.605  ; Rise       ; CLOCK_50        ;
;  SRAM_DQ[13]   ; CLOCK_50   ; 7.860  ; 7.860  ; Rise       ; CLOCK_50        ;
;  SRAM_DQ[14]   ; CLOCK_50   ; 7.797  ; 7.797  ; Rise       ; CLOCK_50        ;
;  SRAM_DQ[15]   ; CLOCK_50   ; 8.152  ; 8.152  ; Rise       ; CLOCK_50        ;
; SRAM_LB_N      ; CLOCK_50   ; 8.170  ; 8.170  ; Rise       ; CLOCK_50        ;
; SRAM_OE_N      ; CLOCK_50   ; 8.419  ; 8.419  ; Rise       ; CLOCK_50        ;
; SRAM_UB_N      ; CLOCK_50   ; 8.141  ; 8.141  ; Rise       ; CLOCK_50        ;
; SRAM_WE_N      ; CLOCK_50   ; 7.547  ; 7.547  ; Rise       ; CLOCK_50        ;
; VGA_B[*]       ; CLOCK_50   ; 23.672 ; 23.672 ; Rise       ; CLOCK_50        ;
;  VGA_B[0]      ; CLOCK_50   ; 22.801 ; 22.801 ; Rise       ; CLOCK_50        ;
;  VGA_B[1]      ; CLOCK_50   ; 23.672 ; 23.672 ; Rise       ; CLOCK_50        ;
;  VGA_B[2]      ; CLOCK_50   ; 22.960 ; 22.960 ; Rise       ; CLOCK_50        ;
;  VGA_B[3]      ; CLOCK_50   ; 23.413 ; 23.413 ; Rise       ; CLOCK_50        ;
; VGA_G[*]       ; CLOCK_50   ; 25.399 ; 25.399 ; Rise       ; CLOCK_50        ;
;  VGA_G[0]      ; CLOCK_50   ; 23.509 ; 23.509 ; Rise       ; CLOCK_50        ;
;  VGA_G[1]      ; CLOCK_50   ; 23.713 ; 23.713 ; Rise       ; CLOCK_50        ;
;  VGA_G[2]      ; CLOCK_50   ; 23.674 ; 23.674 ; Rise       ; CLOCK_50        ;
;  VGA_G[3]      ; CLOCK_50   ; 25.399 ; 25.399 ; Rise       ; CLOCK_50        ;
; VGA_HS         ; CLOCK_50   ; 12.217 ; 12.217 ; Rise       ; CLOCK_50        ;
; VGA_R[*]       ; CLOCK_50   ; 25.368 ; 25.368 ; Rise       ; CLOCK_50        ;
;  VGA_R[0]      ; CLOCK_50   ; 24.142 ; 24.142 ; Rise       ; CLOCK_50        ;
;  VGA_R[1]      ; CLOCK_50   ; 25.368 ; 25.368 ; Rise       ; CLOCK_50        ;
;  VGA_R[2]      ; CLOCK_50   ; 24.478 ; 24.478 ; Rise       ; CLOCK_50        ;
;  VGA_R[3]      ; CLOCK_50   ; 24.333 ; 24.333 ; Rise       ; CLOCK_50        ;
; VGA_VS         ; CLOCK_50   ; 11.405 ; 11.405 ; Rise       ; CLOCK_50        ;
+----------------+------------+--------+--------+------------+-----------------+


+----------------------------------------------------------------------------+
; Minimum Clock to Output Times                                              ;
+----------------+------------+-------+-------+------------+-----------------+
; Data Port      ; Clock Port ; Rise  ; Fall  ; Clock Edge ; Clock Reference ;
+----------------+------------+-------+-------+------------+-----------------+
; FL_ADDR[*]     ; CLOCK_50   ; 4.120 ; 4.120 ; Rise       ; CLOCK_50        ;
;  FL_ADDR[0]    ; CLOCK_50   ; 5.017 ; 5.017 ; Rise       ; CLOCK_50        ;
;  FL_ADDR[1]    ; CLOCK_50   ; 4.236 ; 4.236 ; Rise       ; CLOCK_50        ;
;  FL_ADDR[2]    ; CLOCK_50   ; 4.368 ; 4.368 ; Rise       ; CLOCK_50        ;
;  FL_ADDR[3]    ; CLOCK_50   ; 4.570 ; 4.570 ; Rise       ; CLOCK_50        ;
;  FL_ADDR[4]    ; CLOCK_50   ; 4.523 ; 4.523 ; Rise       ; CLOCK_50        ;
;  FL_ADDR[5]    ; CLOCK_50   ; 4.563 ; 4.563 ; Rise       ; CLOCK_50        ;
;  FL_ADDR[6]    ; CLOCK_50   ; 4.670 ; 4.670 ; Rise       ; CLOCK_50        ;
;  FL_ADDR[7]    ; CLOCK_50   ; 4.392 ; 4.392 ; Rise       ; CLOCK_50        ;
;  FL_ADDR[8]    ; CLOCK_50   ; 4.448 ; 4.448 ; Rise       ; CLOCK_50        ;
;  FL_ADDR[9]    ; CLOCK_50   ; 4.147 ; 4.147 ; Rise       ; CLOCK_50        ;
;  FL_ADDR[10]   ; CLOCK_50   ; 4.227 ; 4.227 ; Rise       ; CLOCK_50        ;
;  FL_ADDR[11]   ; CLOCK_50   ; 4.120 ; 4.120 ; Rise       ; CLOCK_50        ;
;  FL_ADDR[12]   ; CLOCK_50   ; 4.252 ; 4.252 ; Rise       ; CLOCK_50        ;
;  FL_ADDR[13]   ; CLOCK_50   ; 4.149 ; 4.149 ; Rise       ; CLOCK_50        ;
;  FL_ADDR[14]   ; CLOCK_50   ; 4.158 ; 4.158 ; Rise       ; CLOCK_50        ;
;  FL_ADDR[15]   ; CLOCK_50   ; 4.157 ; 4.157 ; Rise       ; CLOCK_50        ;
;  FL_ADDR[16]   ; CLOCK_50   ; 4.145 ; 4.145 ; Rise       ; CLOCK_50        ;
;  FL_ADDR[17]   ; CLOCK_50   ; 4.316 ; 4.316 ; Rise       ; CLOCK_50        ;
;  FL_ADDR[18]   ; CLOCK_50   ; 4.331 ; 4.331 ; Rise       ; CLOCK_50        ;
;  FL_ADDR[19]   ; CLOCK_50   ; 4.321 ; 4.321 ; Rise       ; CLOCK_50        ;
;  FL_ADDR[20]   ; CLOCK_50   ; 4.218 ; 4.218 ; Rise       ; CLOCK_50        ;
;  FL_ADDR[21]   ; CLOCK_50   ; 4.429 ; 4.429 ; Rise       ; CLOCK_50        ;
; HEX0[*]        ; CLOCK_50   ; 4.643 ; 4.643 ; Rise       ; CLOCK_50        ;
;  HEX0[0]       ; CLOCK_50   ; 4.753 ; 4.753 ; Rise       ; CLOCK_50        ;
;  HEX0[1]       ; CLOCK_50   ; 4.643 ; 4.643 ; Rise       ; CLOCK_50        ;
;  HEX0[2]       ; CLOCK_50   ; 4.774 ; 4.774 ; Rise       ; CLOCK_50        ;
;  HEX0[3]       ; CLOCK_50   ; 4.780 ; 4.780 ; Rise       ; CLOCK_50        ;
;  HEX0[4]       ; CLOCK_50   ; 4.843 ; 4.843 ; Rise       ; CLOCK_50        ;
;  HEX0[5]       ; CLOCK_50   ; 4.836 ; 4.836 ; Rise       ; CLOCK_50        ;
;  HEX0[6]       ; CLOCK_50   ; 4.799 ; 4.799 ; Rise       ; CLOCK_50        ;
; HEX1[*]        ; CLOCK_50   ; 4.868 ; 4.868 ; Rise       ; CLOCK_50        ;
;  HEX1[0]       ; CLOCK_50   ; 5.032 ; 5.032 ; Rise       ; CLOCK_50        ;
;  HEX1[1]       ; CLOCK_50   ; 4.868 ; 4.868 ; Rise       ; CLOCK_50        ;
;  HEX1[2]       ; CLOCK_50   ; 4.869 ; 4.869 ; Rise       ; CLOCK_50        ;
;  HEX1[3]       ; CLOCK_50   ; 4.876 ; 4.876 ; Rise       ; CLOCK_50        ;
;  HEX1[4]       ; CLOCK_50   ; 4.883 ; 4.883 ; Rise       ; CLOCK_50        ;
;  HEX1[5]       ; CLOCK_50   ; 5.032 ; 5.032 ; Rise       ; CLOCK_50        ;
;  HEX1[6]       ; CLOCK_50   ; 4.984 ; 4.984 ; Rise       ; CLOCK_50        ;
; HEX2[*]        ; CLOCK_50   ; 4.680 ; 4.680 ; Rise       ; CLOCK_50        ;
;  HEX2[0]       ; CLOCK_50   ; 4.683 ; 4.683 ; Rise       ; CLOCK_50        ;
;  HEX2[1]       ; CLOCK_50   ; 4.680 ; 4.680 ; Rise       ; CLOCK_50        ;
;  HEX2[2]       ; CLOCK_50   ; 4.742 ; 4.742 ; Rise       ; CLOCK_50        ;
;  HEX2[3]       ; CLOCK_50   ; 4.735 ; 4.735 ; Rise       ; CLOCK_50        ;
;  HEX2[4]       ; CLOCK_50   ; 4.709 ; 4.709 ; Rise       ; CLOCK_50        ;
;  HEX2[5]       ; CLOCK_50   ; 4.708 ; 4.708 ; Rise       ; CLOCK_50        ;
;  HEX2[6]       ; CLOCK_50   ; 4.821 ; 4.821 ; Rise       ; CLOCK_50        ;
; HEX3[*]        ; CLOCK_50   ; 4.896 ; 4.896 ; Rise       ; CLOCK_50        ;
;  HEX3[0]       ; CLOCK_50   ; 5.052 ; 5.052 ; Rise       ; CLOCK_50        ;
;  HEX3[1]       ; CLOCK_50   ; 5.197 ; 5.197 ; Rise       ; CLOCK_50        ;
;  HEX3[2]       ; CLOCK_50   ; 5.209 ; 5.209 ; Rise       ; CLOCK_50        ;
;  HEX3[3]       ; CLOCK_50   ; 4.896 ; 4.896 ; Rise       ; CLOCK_50        ;
;  HEX3[4]       ; CLOCK_50   ; 4.896 ; 4.896 ; Rise       ; CLOCK_50        ;
;  HEX3[5]       ; CLOCK_50   ; 5.052 ; 5.052 ; Rise       ; CLOCK_50        ;
;  HEX3[6]       ; CLOCK_50   ; 5.096 ; 5.096 ; Rise       ; CLOCK_50        ;
; LEDG[*]        ; CLOCK_50   ; 4.325 ; 4.325 ; Rise       ; CLOCK_50        ;
;  LEDG[1]       ; CLOCK_50   ; 4.881 ; 4.881 ; Rise       ; CLOCK_50        ;
;  LEDG[2]       ; CLOCK_50   ; 4.541 ; 4.541 ; Rise       ; CLOCK_50        ;
;  LEDG[3]       ; CLOCK_50   ; 4.765 ; 4.765 ; Rise       ; CLOCK_50        ;
;  LEDG[4]       ; CLOCK_50   ; 4.509 ; 4.509 ; Rise       ; CLOCK_50        ;
;  LEDG[5]       ; CLOCK_50   ; 4.792 ; 4.792 ; Rise       ; CLOCK_50        ;
;  LEDG[6]       ; CLOCK_50   ; 4.428 ; 4.428 ; Rise       ; CLOCK_50        ;
;  LEDG[7]       ; CLOCK_50   ; 4.325 ; 4.325 ; Rise       ; CLOCK_50        ;
; LEDR[*]        ; CLOCK_50   ; 4.371 ; 4.371 ; Rise       ; CLOCK_50        ;
;  LEDR[0]       ; CLOCK_50   ; 4.460 ; 4.460 ; Rise       ; CLOCK_50        ;
;  LEDR[1]       ; CLOCK_50   ; 4.371 ; 4.371 ; Rise       ; CLOCK_50        ;
;  LEDR[2]       ; CLOCK_50   ; 4.639 ; 4.639 ; Rise       ; CLOCK_50        ;
;  LEDR[3]       ; CLOCK_50   ; 4.476 ; 4.476 ; Rise       ; CLOCK_50        ;
;  LEDR[4]       ; CLOCK_50   ; 4.775 ; 4.775 ; Rise       ; CLOCK_50        ;
;  LEDR[5]       ; CLOCK_50   ; 4.706 ; 4.706 ; Rise       ; CLOCK_50        ;
;  LEDR[6]       ; CLOCK_50   ; 4.666 ; 4.666 ; Rise       ; CLOCK_50        ;
;  LEDR[7]       ; CLOCK_50   ; 4.615 ; 4.615 ; Rise       ; CLOCK_50        ;
;  LEDR[8]       ; CLOCK_50   ; 4.443 ; 4.443 ; Rise       ; CLOCK_50        ;
;  LEDR[9]       ; CLOCK_50   ; 4.414 ; 4.414 ; Rise       ; CLOCK_50        ;
; SRAM_ADDR[*]   ; CLOCK_50   ; 3.766 ; 3.766 ; Rise       ; CLOCK_50        ;
;  SRAM_ADDR[0]  ; CLOCK_50   ; 4.469 ; 4.469 ; Rise       ; CLOCK_50        ;
;  SRAM_ADDR[1]  ; CLOCK_50   ; 4.168 ; 4.168 ; Rise       ; CLOCK_50        ;
;  SRAM_ADDR[2]  ; CLOCK_50   ; 4.369 ; 4.369 ; Rise       ; CLOCK_50        ;
;  SRAM_ADDR[3]  ; CLOCK_50   ; 4.355 ; 4.355 ; Rise       ; CLOCK_50        ;
;  SRAM_ADDR[4]  ; CLOCK_50   ; 4.355 ; 4.355 ; Rise       ; CLOCK_50        ;
;  SRAM_ADDR[5]  ; CLOCK_50   ; 3.822 ; 3.822 ; Rise       ; CLOCK_50        ;
;  SRAM_ADDR[6]  ; CLOCK_50   ; 3.939 ; 3.939 ; Rise       ; CLOCK_50        ;
;  SRAM_ADDR[7]  ; CLOCK_50   ; 3.928 ; 3.928 ; Rise       ; CLOCK_50        ;
;  SRAM_ADDR[8]  ; CLOCK_50   ; 3.794 ; 3.794 ; Rise       ; CLOCK_50        ;
;  SRAM_ADDR[9]  ; CLOCK_50   ; 3.785 ; 3.785 ; Rise       ; CLOCK_50        ;
;  SRAM_ADDR[10] ; CLOCK_50   ; 3.766 ; 3.766 ; Rise       ; CLOCK_50        ;
;  SRAM_ADDR[11] ; CLOCK_50   ; 3.934 ; 3.934 ; Rise       ; CLOCK_50        ;
;  SRAM_ADDR[12] ; CLOCK_50   ; 3.924 ; 3.924 ; Rise       ; CLOCK_50        ;
;  SRAM_ADDR[13] ; CLOCK_50   ; 4.018 ; 4.018 ; Rise       ; CLOCK_50        ;
;  SRAM_ADDR[14] ; CLOCK_50   ; 4.069 ; 4.069 ; Rise       ; CLOCK_50        ;
;  SRAM_ADDR[15] ; CLOCK_50   ; 4.218 ; 4.218 ; Rise       ; CLOCK_50        ;
;  SRAM_ADDR[16] ; CLOCK_50   ; 4.328 ; 4.328 ; Rise       ; CLOCK_50        ;
;  SRAM_ADDR[17] ; CLOCK_50   ; 4.341 ; 4.341 ; Rise       ; CLOCK_50        ;
; SRAM_DQ[*]     ; CLOCK_50   ; 3.813 ; 3.813 ; Rise       ; CLOCK_50        ;
;  SRAM_DQ[0]    ; CLOCK_50   ; 4.147 ; 4.147 ; Rise       ; CLOCK_50        ;
;  SRAM_DQ[1]    ; CLOCK_50   ; 4.267 ; 4.267 ; Rise       ; CLOCK_50        ;
;  SRAM_DQ[2]    ; CLOCK_50   ; 4.191 ; 4.191 ; Rise       ; CLOCK_50        ;
;  SRAM_DQ[3]    ; CLOCK_50   ; 4.173 ; 4.173 ; Rise       ; CLOCK_50        ;
;  SRAM_DQ[4]    ; CLOCK_50   ; 3.937 ; 3.937 ; Rise       ; CLOCK_50        ;
;  SRAM_DQ[5]    ; CLOCK_50   ; 4.042 ; 4.042 ; Rise       ; CLOCK_50        ;
;  SRAM_DQ[6]    ; CLOCK_50   ; 3.813 ; 3.813 ; Rise       ; CLOCK_50        ;
;  SRAM_DQ[7]    ; CLOCK_50   ; 3.934 ; 3.934 ; Rise       ; CLOCK_50        ;
;  SRAM_DQ[8]    ; CLOCK_50   ; 4.024 ; 4.024 ; Rise       ; CLOCK_50        ;
;  SRAM_DQ[9]    ; CLOCK_50   ; 4.140 ; 4.140 ; Rise       ; CLOCK_50        ;
;  SRAM_DQ[10]   ; CLOCK_50   ; 4.115 ; 4.115 ; Rise       ; CLOCK_50        ;
;  SRAM_DQ[11]   ; CLOCK_50   ; 4.133 ; 4.133 ; Rise       ; CLOCK_50        ;
;  SRAM_DQ[12]   ; CLOCK_50   ; 4.067 ; 4.067 ; Rise       ; CLOCK_50        ;
;  SRAM_DQ[13]   ; CLOCK_50   ; 4.151 ; 4.151 ; Rise       ; CLOCK_50        ;
;  SRAM_DQ[14]   ; CLOCK_50   ; 4.125 ; 4.125 ; Rise       ; CLOCK_50        ;
;  SRAM_DQ[15]   ; CLOCK_50   ; 4.261 ; 4.261 ; Rise       ; CLOCK_50        ;
; SRAM_LB_N      ; CLOCK_50   ; 4.279 ; 4.279 ; Rise       ; CLOCK_50        ;
; SRAM_OE_N      ; CLOCK_50   ; 4.363 ; 4.363 ; Rise       ; CLOCK_50        ;
; SRAM_UB_N      ; CLOCK_50   ; 4.255 ; 4.255 ; Rise       ; CLOCK_50        ;
; SRAM_WE_N      ; CLOCK_50   ; 4.034 ; 4.034 ; Rise       ; CLOCK_50        ;
; VGA_B[*]       ; CLOCK_50   ; 4.443 ; 4.443 ; Rise       ; CLOCK_50        ;
;  VGA_B[0]      ; CLOCK_50   ; 4.657 ; 4.657 ; Rise       ; CLOCK_50        ;
;  VGA_B[1]      ; CLOCK_50   ; 4.571 ; 4.571 ; Rise       ; CLOCK_50        ;
;  VGA_B[2]      ; CLOCK_50   ; 4.443 ; 4.443 ; Rise       ; CLOCK_50        ;
;  VGA_B[3]      ; CLOCK_50   ; 4.651 ; 4.651 ; Rise       ; CLOCK_50        ;
; VGA_G[*]       ; CLOCK_50   ; 4.715 ; 4.715 ; Rise       ; CLOCK_50        ;
;  VGA_G[0]      ; CLOCK_50   ; 4.778 ; 4.778 ; Rise       ; CLOCK_50        ;
;  VGA_G[1]      ; CLOCK_50   ; 4.715 ; 4.715 ; Rise       ; CLOCK_50        ;
;  VGA_G[2]      ; CLOCK_50   ; 4.741 ; 4.741 ; Rise       ; CLOCK_50        ;
;  VGA_G[3]      ; CLOCK_50   ; 5.070 ; 5.070 ; Rise       ; CLOCK_50        ;
; VGA_HS         ; CLOCK_50   ; 4.427 ; 4.427 ; Rise       ; CLOCK_50        ;
; VGA_R[*]       ; CLOCK_50   ; 4.853 ; 4.853 ; Rise       ; CLOCK_50        ;
;  VGA_R[0]      ; CLOCK_50   ; 4.906 ; 4.906 ; Rise       ; CLOCK_50        ;
;  VGA_R[1]      ; CLOCK_50   ; 5.031 ; 5.031 ; Rise       ; CLOCK_50        ;
;  VGA_R[2]      ; CLOCK_50   ; 4.890 ; 4.890 ; Rise       ; CLOCK_50        ;
;  VGA_R[3]      ; CLOCK_50   ; 4.853 ; 4.853 ; Rise       ; CLOCK_50        ;
; VGA_VS         ; CLOCK_50   ; 4.468 ; 4.468 ; Rise       ; CLOCK_50        ;
+----------------+------------+-------+-------+------------+-----------------+


+--------------------------------------------------------------+
; Progagation Delay                                            ;
+------------+-------------+--------+--------+--------+--------+
; Input Port ; Output Port ; RR     ; RF     ; FR     ; FF     ;
+------------+-------------+--------+--------+--------+--------+
; SW[0]      ; VGA_B[0]    ; 7.784  ; 7.784  ; 7.784  ; 7.784  ;
; SW[0]      ; VGA_B[1]    ; 7.679  ; 7.679  ; 7.679  ; 7.679  ;
; SW[0]      ; VGA_B[2]    ; 7.667  ; 7.667  ; 7.667  ; 7.667  ;
; SW[0]      ; VGA_B[3]    ; 7.653  ; 7.653  ; 7.653  ; 7.653  ;
; SW[0]      ; VGA_G[0]    ; 8.067  ; 8.067  ; 8.067  ; 8.067  ;
; SW[0]      ; VGA_G[1]    ; 7.953  ; 7.953  ; 7.953  ; 7.953  ;
; SW[0]      ; VGA_G[2]    ; 7.972  ; 7.972  ; 7.972  ; 7.972  ;
; SW[0]      ; VGA_G[3]    ; 8.077  ; 8.077  ; 8.077  ; 8.077  ;
; SW[0]      ; VGA_R[0]    ; 8.032  ; 8.032  ; 8.032  ; 8.032  ;
; SW[0]      ; VGA_R[1]    ; 8.527  ; 8.527  ; 8.527  ; 8.527  ;
; SW[0]      ; VGA_R[2]    ; 8.254  ; 8.254  ; 8.254  ; 8.254  ;
; SW[0]      ; VGA_R[3]    ; 8.224  ; 8.224  ; 8.224  ; 8.224  ;
; SW[6]      ; HEX0[0]     ; 22.376 ; 22.376 ; 22.376 ; 22.376 ;
; SW[6]      ; HEX0[1]     ; 22.099 ; 22.099 ; 22.099 ; 22.099 ;
; SW[6]      ; HEX0[2]     ; 22.437 ; 22.437 ; 22.437 ; 22.437 ;
; SW[6]      ; HEX0[3]     ; 22.422 ; 22.422 ; 22.422 ; 22.422 ;
; SW[6]      ; HEX0[4]     ; 22.485 ; 22.485 ; 22.485 ; 22.485 ;
; SW[6]      ; HEX0[5]     ; 22.491 ; 22.491 ; 22.491 ; 22.491 ;
; SW[6]      ; HEX0[6]     ; 22.446 ; 22.446 ; 22.446 ; 22.446 ;
; SW[6]      ; HEX1[0]     ; 21.745 ; 21.745 ; 21.745 ; 21.745 ;
; SW[6]      ; HEX1[1]     ; 21.369 ; 21.369 ; 21.369 ; 21.369 ;
; SW[6]      ; HEX1[2]     ; 21.373 ; 21.373 ; 21.373 ; 21.373 ;
; SW[6]      ; HEX1[3]     ; 21.372 ; 21.372 ; 21.372 ; 21.372 ;
; SW[6]      ; HEX1[4]     ; 21.380 ; 21.380 ; 21.380 ; 21.380 ;
; SW[6]      ; HEX1[5]     ; 21.747 ; 21.747 ; 21.747 ; 21.747 ;
; SW[6]      ; HEX1[6]     ; 21.632 ; 21.632 ; 21.632 ; 21.632 ;
; SW[6]      ; HEX2[0]     ; 20.101 ; 20.101 ; 20.101 ; 20.101 ;
; SW[6]      ; HEX2[1]     ; 20.099 ; 20.099 ; 20.099 ; 20.099 ;
; SW[6]      ; HEX2[2]     ; 20.140 ; 20.140 ; 20.140 ; 20.140 ;
; SW[6]      ; HEX2[3]     ; 20.168 ; 20.168 ; 20.168 ; 20.168 ;
; SW[6]      ; HEX2[4]     ; 20.128 ; 20.128 ; 20.128 ; 20.128 ;
; SW[6]      ; HEX2[5]     ; 20.134 ; 20.134 ; 20.134 ; 20.134 ;
; SW[6]      ; HEX2[6]     ; 20.448 ; 20.448 ; 20.448 ; 20.448 ;
; SW[6]      ; HEX3[0]     ; 17.361 ; 17.361 ; 17.361 ; 17.361 ;
; SW[6]      ; HEX3[1]     ; 17.562 ; 17.562 ; 17.562 ; 17.562 ;
; SW[6]      ; HEX3[2]     ; 17.577 ; 17.577 ; 17.577 ; 17.577 ;
; SW[6]      ; HEX3[3]     ; 16.996 ; 16.996 ; 16.996 ; 16.996 ;
; SW[6]      ; HEX3[4]     ; 17.000 ; 17.000 ; 17.000 ; 17.000 ;
; SW[6]      ; HEX3[5]     ; 17.357 ; 17.357 ; 17.357 ; 17.357 ;
; SW[6]      ; HEX3[6]     ; 17.427 ; 17.427 ; 17.427 ; 17.427 ;
; SW[7]      ; HEX0[0]     ; 21.911 ; 21.911 ; 21.911 ; 21.911 ;
; SW[7]      ; HEX0[1]     ; 21.634 ; 21.634 ; 21.634 ; 21.634 ;
; SW[7]      ; HEX0[2]     ; 21.972 ; 21.972 ; 21.972 ; 21.972 ;
; SW[7]      ; HEX0[3]     ; 21.957 ; 21.957 ; 21.957 ; 21.957 ;
; SW[7]      ; HEX0[4]     ; 22.020 ; 22.020 ; 22.020 ; 22.020 ;
; SW[7]      ; HEX0[5]     ; 22.026 ; 22.026 ; 22.026 ; 22.026 ;
; SW[7]      ; HEX0[6]     ; 21.981 ; 21.981 ; 21.981 ; 21.981 ;
; SW[7]      ; HEX1[0]     ; 21.280 ; 21.280 ; 21.280 ; 21.280 ;
; SW[7]      ; HEX1[1]     ; 20.904 ; 20.904 ; 20.904 ; 20.904 ;
; SW[7]      ; HEX1[2]     ; 20.908 ; 20.908 ; 20.908 ; 20.908 ;
; SW[7]      ; HEX1[3]     ; 20.907 ; 20.907 ; 20.907 ; 20.907 ;
; SW[7]      ; HEX1[4]     ; 20.915 ; 20.915 ; 20.915 ; 20.915 ;
; SW[7]      ; HEX1[5]     ; 21.282 ; 21.282 ; 21.282 ; 21.282 ;
; SW[7]      ; HEX1[6]     ; 21.167 ; 21.167 ; 21.167 ; 21.167 ;
; SW[7]      ; HEX2[0]     ; 19.634 ; 19.634 ; 19.634 ; 19.634 ;
; SW[7]      ; HEX2[1]     ; 19.632 ; 19.632 ; 19.632 ; 19.632 ;
; SW[7]      ; HEX2[2]     ; 19.673 ; 19.673 ; 19.673 ; 19.673 ;
; SW[7]      ; HEX2[3]     ; 19.701 ; 19.701 ; 19.701 ; 19.701 ;
; SW[7]      ; HEX2[4]     ; 19.661 ; 19.661 ; 19.661 ; 19.661 ;
; SW[7]      ; HEX2[5]     ; 19.667 ; 19.667 ; 19.667 ; 19.667 ;
; SW[7]      ; HEX2[6]     ; 19.981 ; 19.981 ; 19.981 ; 19.981 ;
; SW[7]      ; HEX3[0]     ; 19.632 ; 19.632 ; 19.632 ; 19.632 ;
; SW[7]      ; HEX3[1]     ; 19.829 ; 19.829 ; 19.829 ; 19.829 ;
; SW[7]      ; HEX3[2]     ; 19.816 ; 19.816 ; 19.816 ; 19.816 ;
; SW[7]      ; HEX3[3]     ; 19.250 ; 19.250 ; 19.250 ; 19.250 ;
; SW[7]      ; HEX3[4]     ; 19.272 ; 19.272 ; 19.272 ; 19.272 ;
; SW[7]      ; HEX3[5]     ; 19.614 ; 19.614 ; 19.614 ; 19.614 ;
; SW[7]      ; HEX3[6]     ; 19.694 ; 19.694 ; 19.694 ; 19.694 ;
; SW[8]      ; HEX0[0]     ; 21.604 ; 21.604 ; 21.604 ; 21.604 ;
; SW[8]      ; HEX0[1]     ; 21.327 ; 21.327 ; 21.327 ; 21.327 ;
; SW[8]      ; HEX0[2]     ; 21.665 ; 21.665 ; 21.665 ; 21.665 ;
; SW[8]      ; HEX0[3]     ; 21.650 ; 21.650 ; 21.650 ; 21.650 ;
; SW[8]      ; HEX0[4]     ; 21.713 ; 21.713 ; 21.713 ; 21.713 ;
; SW[8]      ; HEX0[5]     ; 21.719 ; 21.719 ; 21.719 ; 21.719 ;
; SW[8]      ; HEX0[6]     ; 21.674 ; 21.674 ; 21.674 ; 21.674 ;
; SW[8]      ; HEX1[0]     ; 20.973 ; 20.973 ; 20.973 ; 20.973 ;
; SW[8]      ; HEX1[1]     ; 20.597 ; 20.597 ; 20.597 ; 20.597 ;
; SW[8]      ; HEX1[2]     ; 20.601 ; 20.601 ; 20.601 ; 20.601 ;
; SW[8]      ; HEX1[3]     ; 20.600 ; 20.600 ; 20.600 ; 20.600 ;
; SW[8]      ; HEX1[4]     ; 20.608 ; 20.608 ; 20.608 ; 20.608 ;
; SW[8]      ; HEX1[5]     ; 20.975 ; 20.975 ; 20.975 ; 20.975 ;
; SW[8]      ; HEX1[6]     ; 20.860 ; 20.860 ; 20.860 ; 20.860 ;
; SW[8]      ; HEX2[0]     ; 19.330 ; 19.330 ; 19.330 ; 19.330 ;
; SW[8]      ; HEX2[1]     ; 19.328 ; 19.328 ; 19.328 ; 19.328 ;
; SW[8]      ; HEX2[2]     ; 19.369 ; 19.369 ; 19.369 ; 19.369 ;
; SW[8]      ; HEX2[3]     ; 19.397 ; 19.397 ; 19.397 ; 19.397 ;
; SW[8]      ; HEX2[4]     ; 19.357 ; 19.357 ; 19.357 ; 19.357 ;
; SW[8]      ; HEX2[5]     ; 19.363 ; 19.363 ; 19.363 ; 19.363 ;
; SW[8]      ; HEX2[6]     ; 19.677 ; 19.677 ; 19.677 ; 19.677 ;
; SW[8]      ; HEX3[0]     ; 15.474 ; 15.474 ; 15.474 ; 15.474 ;
; SW[8]      ; HEX3[1]     ; 15.675 ; 15.675 ; 15.675 ; 15.675 ;
; SW[8]      ; HEX3[2]     ; 15.690 ; 15.690 ; 15.690 ; 15.690 ;
; SW[8]      ; HEX3[3]     ; 15.109 ; 15.109 ; 15.109 ; 15.109 ;
; SW[8]      ; HEX3[4]     ; 15.113 ; 15.113 ; 15.113 ; 15.113 ;
; SW[8]      ; HEX3[5]     ; 15.470 ; 15.470 ; 15.470 ; 15.470 ;
; SW[8]      ; HEX3[6]     ; 15.540 ; 15.540 ; 15.540 ; 15.540 ;
; SW[9]      ; HEX0[0]     ; 18.619 ; 18.619 ; 18.619 ; 18.619 ;
; SW[9]      ; HEX0[1]     ; 18.300 ; 18.300 ; 18.300 ; 18.300 ;
; SW[9]      ; HEX0[2]     ; 18.636 ; 18.636 ; 18.636 ; 18.636 ;
; SW[9]      ; HEX0[3]     ; 18.634 ; 18.634 ; 18.634 ; 18.634 ;
; SW[9]      ; HEX0[4]     ; 18.732 ; 18.732 ; 18.732 ; 18.732 ;
; SW[9]      ; HEX0[5]     ; 18.697 ; 18.697 ; 18.697 ; 18.697 ;
; SW[9]      ; HEX0[6]     ; 18.656 ; 18.656 ; 18.656 ; 18.656 ;
; SW[9]      ; HEX1[0]     ; 20.907 ; 20.907 ; 20.907 ; 20.907 ;
; SW[9]      ; HEX1[1]     ; 20.531 ; 20.531 ; 20.531 ; 20.531 ;
; SW[9]      ; HEX1[2]     ; 20.535 ; 20.535 ; 20.535 ; 20.535 ;
; SW[9]      ; HEX1[3]     ; 20.534 ; 20.534 ; 20.534 ; 20.534 ;
; SW[9]      ; HEX1[4]     ; 20.542 ; 20.542 ; 20.542 ; 20.542 ;
; SW[9]      ; HEX1[5]     ; 20.909 ; 20.909 ; 20.909 ; 20.909 ;
; SW[9]      ; HEX1[6]     ; 20.794 ; 20.794 ; 20.794 ; 20.794 ;
; SW[9]      ; HEX2[0]     ; 19.702 ; 19.702 ; 19.702 ; 19.702 ;
; SW[9]      ; HEX2[1]     ; 19.700 ; 19.700 ; 19.700 ; 19.700 ;
; SW[9]      ; HEX2[2]     ; 19.741 ; 19.741 ; 19.741 ; 19.741 ;
; SW[9]      ; HEX2[3]     ; 19.769 ; 19.769 ; 19.769 ; 19.769 ;
; SW[9]      ; HEX2[4]     ; 19.729 ; 19.729 ; 19.729 ; 19.729 ;
; SW[9]      ; HEX2[5]     ; 19.735 ; 19.735 ; 19.735 ; 19.735 ;
; SW[9]      ; HEX2[6]     ; 20.049 ; 20.049 ; 20.049 ; 20.049 ;
; SW[9]      ; HEX3[0]     ; 19.288 ; 19.288 ; 19.288 ; 19.288 ;
; SW[9]      ; HEX3[1]     ; 19.489 ; 19.489 ; 19.489 ; 19.489 ;
; SW[9]      ; HEX3[2]     ; 19.504 ; 19.504 ; 19.504 ; 19.504 ;
; SW[9]      ; HEX3[3]     ; 18.923 ; 18.923 ; 18.923 ; 18.923 ;
; SW[9]      ; HEX3[4]     ; 18.927 ; 18.927 ; 18.927 ; 18.927 ;
; SW[9]      ; HEX3[5]     ; 19.284 ; 19.284 ; 19.284 ; 19.284 ;
; SW[9]      ; HEX3[6]     ; 19.354 ; 19.354 ; 19.354 ; 19.354 ;
+------------+-------------+--------+--------+--------+--------+


+----------------------------------------------------------+
; Minimum Progagation Delay                                ;
+------------+-------------+-------+-------+-------+-------+
; Input Port ; Output Port ; RR    ; RF    ; FR    ; FF    ;
+------------+-------------+-------+-------+-------+-------+
; SW[0]      ; VGA_B[0]    ; 3.658 ; 3.658 ; 3.658 ; 3.658 ;
; SW[0]      ; VGA_B[1]    ; 3.598 ; 3.598 ; 3.598 ; 3.598 ;
; SW[0]      ; VGA_B[2]    ; 3.615 ; 3.615 ; 3.615 ; 3.615 ;
; SW[0]      ; VGA_B[3]    ; 3.591 ; 3.591 ; 3.591 ; 3.591 ;
; SW[0]      ; VGA_G[0]    ; 3.764 ; 3.764 ; 3.764 ; 3.764 ;
; SW[0]      ; VGA_G[1]    ; 3.702 ; 3.702 ; 3.702 ; 3.702 ;
; SW[0]      ; VGA_G[2]    ; 3.736 ; 3.736 ; 3.736 ; 3.736 ;
; SW[0]      ; VGA_G[3]    ; 3.770 ; 3.770 ; 3.770 ; 3.770 ;
; SW[0]      ; VGA_R[0]    ; 3.732 ; 3.732 ; 3.732 ; 3.732 ;
; SW[0]      ; VGA_R[1]    ; 3.935 ; 3.935 ; 3.935 ; 3.935 ;
; SW[0]      ; VGA_R[2]    ; 3.843 ; 3.843 ; 3.843 ; 3.843 ;
; SW[0]      ; VGA_R[3]    ; 3.814 ; 3.814 ; 3.814 ; 3.814 ;
; SW[6]      ; HEX0[0]     ; 4.694 ; 4.694 ; 4.694 ; 4.694 ;
; SW[6]      ; HEX0[1]     ; 4.584 ; 4.584 ; 4.584 ; 4.584 ;
; SW[6]      ; HEX0[2]     ; 4.813 ; 4.715 ; 4.715 ; 4.813 ;
; SW[6]      ; HEX0[3]     ; 4.721 ; 4.721 ; 4.721 ; 4.721 ;
; SW[6]      ; HEX0[4]     ; 4.784 ; 4.882 ; 4.882 ; 4.784 ;
; SW[6]      ; HEX0[5]     ; 4.777 ; 4.875 ; 4.875 ; 4.777 ;
; SW[6]      ; HEX0[6]     ; 4.740 ; 4.740 ; 4.740 ; 4.740 ;
; SW[6]      ; HEX1[0]     ; 4.607 ; 4.607 ; 4.607 ; 4.607 ;
; SW[6]      ; HEX1[1]     ; 4.443 ; 4.443 ; 4.443 ; 4.443 ;
; SW[6]      ; HEX1[2]     ; 4.441 ; 4.441 ; 4.441 ; 4.441 ;
; SW[6]      ; HEX1[3]     ; 4.451 ; 4.451 ; 4.451 ; 4.451 ;
; SW[6]      ; HEX1[4]     ; 4.455 ; 4.455 ; 4.455 ; 4.455 ;
; SW[6]      ; HEX1[5]     ; 4.604 ; 4.604 ; 4.604 ; 4.604 ;
; SW[6]      ; HEX1[6]     ; 4.556 ; 4.556 ; 4.556 ; 4.556 ;
; SW[6]      ; HEX2[0]     ; 4.594 ; 4.594 ; 4.594 ; 4.594 ;
; SW[6]      ; HEX2[1]     ; 4.589 ; 4.589 ; 4.589 ; 4.589 ;
; SW[6]      ; HEX2[2]     ; 4.645 ; 4.645 ; 4.645 ; 4.645 ;
; SW[6]      ; HEX2[3]     ; 4.647 ; 4.647 ; 4.647 ; 4.647 ;
; SW[6]      ; HEX2[4]     ; 4.620 ; 4.620 ; 4.620 ; 4.620 ;
; SW[6]      ; HEX2[5]     ; 4.616 ; 4.616 ; 4.616 ; 4.616 ;
; SW[6]      ; HEX2[6]     ; 4.730 ; 4.730 ; 4.730 ; 4.730 ;
; SW[6]      ; HEX3[0]     ; 4.688 ; 4.688 ; 4.688 ; 4.688 ;
; SW[6]      ; HEX3[1]     ; 4.834 ; 4.834 ; 4.834 ; 4.834 ;
; SW[6]      ; HEX3[2]     ; 4.842 ; 4.842 ; 4.842 ; 4.842 ;
; SW[6]      ; HEX3[3]     ; 4.520 ; 4.520 ; 4.520 ; 4.520 ;
; SW[6]      ; HEX3[4]     ; 4.533 ; 4.533 ; 4.533 ; 4.533 ;
; SW[6]      ; HEX3[5]     ; 4.671 ; 4.671 ; 4.671 ; 4.671 ;
; SW[6]      ; HEX3[6]     ; 4.726 ; 4.726 ; 4.726 ; 4.726 ;
; SW[7]      ; HEX0[0]     ; 4.062 ; 4.062 ; 4.062 ; 4.062 ;
; SW[7]      ; HEX0[1]     ; 3.972 ; 3.972 ; 3.972 ; 3.972 ;
; SW[7]      ; HEX0[2]     ; 4.104 ; 4.171 ; 4.171 ; 4.104 ;
; SW[7]      ; HEX0[3]     ; 4.089 ; 4.089 ; 4.089 ; 4.089 ;
; SW[7]      ; HEX0[4]     ; 4.238 ; 4.161 ; 4.161 ; 4.238 ;
; SW[7]      ; HEX0[5]     ; 4.163 ; 4.163 ; 4.163 ; 4.163 ;
; SW[7]      ; HEX0[6]     ; 4.110 ; 4.110 ; 4.110 ; 4.110 ;
; SW[7]      ; HEX1[0]     ; 4.195 ; 4.195 ; 4.195 ; 4.195 ;
; SW[7]      ; HEX1[1]     ; 4.031 ; 4.156 ; 4.156 ; 4.031 ;
; SW[7]      ; HEX1[2]     ; 4.029 ; 4.029 ; 4.029 ; 4.029 ;
; SW[7]      ; HEX1[3]     ; 4.039 ; 4.039 ; 4.039 ; 4.039 ;
; SW[7]      ; HEX1[4]     ; 4.043 ; 4.043 ; 4.043 ; 4.043 ;
; SW[7]      ; HEX1[5]     ; 4.192 ; 4.192 ; 4.192 ; 4.192 ;
; SW[7]      ; HEX1[6]     ; 4.144 ; 4.144 ; 4.144 ; 4.144 ;
; SW[7]      ; HEX2[0]     ; 3.900 ; 3.900 ; 3.900 ; 3.900 ;
; SW[7]      ; HEX2[1]     ; 3.908 ; 3.908 ; 3.908 ; 3.908 ;
; SW[7]      ; HEX2[2]     ; 3.958 ; 3.958 ; 3.958 ; 3.958 ;
; SW[7]      ; HEX2[3]     ; 3.960 ; 3.960 ; 3.960 ; 3.960 ;
; SW[7]      ; HEX2[4]     ; 3.925 ; 4.092 ; 4.092 ; 3.925 ;
; SW[7]      ; HEX2[5]     ; 3.922 ; 3.922 ; 3.922 ; 3.922 ;
; SW[7]      ; HEX2[6]     ; 4.049 ; 4.049 ; 4.049 ; 4.049 ;
; SW[7]      ; HEX3[0]     ; 4.026 ; 4.026 ; 4.026 ; 4.026 ;
; SW[7]      ; HEX3[1]     ; 4.172 ; 4.172 ; 4.172 ; 4.172 ;
; SW[7]      ; HEX3[2]     ; 4.478 ; 4.180 ; 4.180 ; 4.478 ;
; SW[7]      ; HEX3[3]     ; 3.858 ; 3.858 ; 3.858 ; 3.858 ;
; SW[7]      ; HEX3[4]     ; 3.871 ; 4.165 ; 4.165 ; 3.871 ;
; SW[7]      ; HEX3[5]     ; 4.009 ; 4.009 ; 4.009 ; 4.009 ;
; SW[7]      ; HEX3[6]     ; 4.064 ; 4.064 ; 4.064 ; 4.064 ;
; SW[8]      ; HEX0[0]     ; 4.105 ; 4.105 ; 4.105 ; 4.105 ;
; SW[8]      ; HEX0[1]     ; 4.015 ; 4.015 ; 4.015 ; 4.015 ;
; SW[8]      ; HEX0[2]     ; 4.214 ; 4.147 ; 4.147 ; 4.214 ;
; SW[8]      ; HEX0[3]     ; 4.132 ; 4.132 ; 4.132 ; 4.132 ;
; SW[8]      ; HEX0[4]     ; 4.204 ; 4.281 ; 4.281 ; 4.204 ;
; SW[8]      ; HEX0[5]     ; 4.206 ; 4.206 ; 4.206 ; 4.206 ;
; SW[8]      ; HEX0[6]     ; 4.153 ; 4.153 ; 4.153 ; 4.153 ;
; SW[8]      ; HEX1[0]     ; 4.203 ; 4.203 ; 4.203 ; 4.203 ;
; SW[8]      ; HEX1[1]     ; 4.049 ; 4.039 ; 4.039 ; 4.049 ;
; SW[8]      ; HEX1[2]     ; 4.037 ; 4.037 ; 4.037 ; 4.037 ;
; SW[8]      ; HEX1[3]     ; 4.047 ; 4.047 ; 4.047 ; 4.047 ;
; SW[8]      ; HEX1[4]     ; 4.051 ; 4.051 ; 4.051 ; 4.051 ;
; SW[8]      ; HEX1[5]     ; 4.200 ; 4.200 ; 4.200 ; 4.200 ;
; SW[8]      ; HEX1[6]     ; 4.152 ; 4.152 ; 4.152 ; 4.152 ;
; SW[8]      ; HEX2[0]     ; 3.501 ; 3.501 ; 3.501 ; 3.501 ;
; SW[8]      ; HEX2[1]     ; 3.509 ; 3.509 ; 3.509 ; 3.509 ;
; SW[8]      ; HEX2[2]     ; 3.559 ; 3.559 ; 3.559 ; 3.559 ;
; SW[8]      ; HEX2[3]     ; 3.561 ; 3.561 ; 3.561 ; 3.561 ;
; SW[8]      ; HEX2[4]     ; 3.526 ; 3.526 ; 3.526 ; 3.526 ;
; SW[8]      ; HEX2[5]     ; 3.523 ; 3.523 ; 3.523 ; 3.523 ;
; SW[8]      ; HEX2[6]     ; 3.650 ; 3.650 ; 3.650 ; 3.650 ;
; SW[8]      ; HEX3[0]     ; 3.835 ; 3.835 ; 3.835 ; 3.835 ;
; SW[8]      ; HEX3[1]     ; 3.981 ; 3.981 ; 3.981 ; 3.981 ;
; SW[8]      ; HEX3[2]     ; 3.989 ; 3.989 ; 3.989 ; 3.989 ;
; SW[8]      ; HEX3[3]     ; 3.667 ; 3.667 ; 3.667 ; 3.667 ;
; SW[8]      ; HEX3[4]     ; 3.680 ; 3.680 ; 3.680 ; 3.680 ;
; SW[8]      ; HEX3[5]     ; 3.818 ; 3.818 ; 3.818 ; 3.818 ;
; SW[8]      ; HEX3[6]     ; 3.873 ; 3.873 ; 3.873 ; 3.873 ;
; SW[9]      ; HEX0[0]     ; 4.565 ; 4.565 ; 4.565 ; 4.565 ;
; SW[9]      ; HEX0[1]     ; 4.455 ; 4.455 ; 4.455 ; 4.455 ;
; SW[9]      ; HEX0[2]     ; 4.586 ; 4.586 ; 4.586 ; 4.586 ;
; SW[9]      ; HEX0[3]     ; 4.592 ; 4.592 ; 4.592 ; 4.592 ;
; SW[9]      ; HEX0[4]     ; 4.655 ; 4.655 ; 4.655 ; 4.655 ;
; SW[9]      ; HEX0[5]     ; 4.648 ; 4.648 ; 4.648 ; 4.648 ;
; SW[9]      ; HEX0[6]     ; 4.611 ; 4.611 ; 4.611 ; 4.611 ;
; SW[9]      ; HEX1[0]     ; 4.828 ; 4.828 ; 4.828 ; 4.828 ;
; SW[9]      ; HEX1[1]     ; 4.664 ; 4.664 ; 4.664 ; 4.664 ;
; SW[9]      ; HEX1[2]     ; 4.665 ; 4.665 ; 4.665 ; 4.665 ;
; SW[9]      ; HEX1[3]     ; 4.672 ; 4.672 ; 4.672 ; 4.672 ;
; SW[9]      ; HEX1[4]     ; 4.679 ; 4.679 ; 4.679 ; 4.679 ;
; SW[9]      ; HEX1[5]     ; 4.828 ; 4.828 ; 4.828 ; 4.828 ;
; SW[9]      ; HEX1[6]     ; 4.780 ; 4.780 ; 4.780 ; 4.780 ;
; SW[9]      ; HEX2[0]     ; 4.983 ; 4.983 ; 4.983 ; 4.983 ;
; SW[9]      ; HEX2[1]     ; 4.991 ; 4.991 ; 4.991 ; 4.991 ;
; SW[9]      ; HEX2[2]     ; 5.041 ; 5.041 ; 5.041 ; 5.041 ;
; SW[9]      ; HEX2[3]     ; 5.043 ; 5.043 ; 5.043 ; 5.043 ;
; SW[9]      ; HEX2[4]     ; 5.008 ; 5.008 ; 5.008 ; 5.008 ;
; SW[9]      ; HEX2[5]     ; 5.005 ; 5.005 ; 5.005 ; 5.005 ;
; SW[9]      ; HEX2[6]     ; 5.132 ; 5.132 ; 5.132 ; 5.132 ;
; SW[9]      ; HEX3[0]     ; 4.922 ; 4.922 ; 4.922 ; 4.922 ;
; SW[9]      ; HEX3[1]     ; 5.063 ; 5.063 ; 5.063 ; 5.063 ;
; SW[9]      ; HEX3[2]     ; 5.071 ; 5.071 ; 5.071 ; 5.071 ;
; SW[9]      ; HEX3[3]     ; 4.752 ; 4.752 ; 4.752 ; 4.752 ;
; SW[9]      ; HEX3[4]     ; 4.766 ; 4.766 ; 4.766 ; 4.766 ;
; SW[9]      ; HEX3[5]     ; 4.901 ; 4.901 ; 4.901 ; 4.901 ;
; SW[9]      ; HEX3[6]     ; 4.955 ; 4.955 ; 4.955 ; 4.955 ;
+------------+-------------+-------+-------+-------+-------+


+-------------------------------------------------------------------+
; Setup Transfers                                                   ;
+------------+----------+----------+----------+----------+----------+
; From Clock ; To Clock ; RR Paths ; FR Paths ; RF Paths ; FF Paths ;
+------------+----------+----------+----------+----------+----------+
; CLOCK_50   ; CLOCK_50 ; 39996595 ; 0        ; 0        ; 0        ;
+------------+----------+----------+----------+----------+----------+
Entries labeled "false path" only account for clock-to-clock false paths and not path-based false paths. As a result, actual path counts may be lower than reported.


+-------------------------------------------------------------------+
; Hold Transfers                                                    ;
+------------+----------+----------+----------+----------+----------+
; From Clock ; To Clock ; RR Paths ; FR Paths ; RF Paths ; FF Paths ;
+------------+----------+----------+----------+----------+----------+
; CLOCK_50   ; CLOCK_50 ; 39996595 ; 0        ; 0        ; 0        ;
+------------+----------+----------+----------+----------+----------+
Entries labeled "false path" only account for clock-to-clock false paths and not path-based false paths. As a result, actual path counts may be lower than reported.


+-------------------------------------------------------------------+
; Recovery Transfers                                                ;
+------------+----------+----------+----------+----------+----------+
; From Clock ; To Clock ; RR Paths ; FR Paths ; RF Paths ; FF Paths ;
+------------+----------+----------+----------+----------+----------+
; CLOCK_50   ; CLOCK_50 ; 1301     ; 0        ; 0        ; 0        ;
+------------+----------+----------+----------+----------+----------+
Entries labeled "false path" only account for clock-to-clock false paths and not path-based false paths. As a result, actual path counts may be lower than reported.


+-------------------------------------------------------------------+
; Removal Transfers                                                 ;
+------------+----------+----------+----------+----------+----------+
; From Clock ; To Clock ; RR Paths ; FR Paths ; RF Paths ; FF Paths ;
+------------+----------+----------+----------+----------+----------+
; CLOCK_50   ; CLOCK_50 ; 1301     ; 0        ; 0        ; 0        ;
+------------+----------+----------+----------+----------+----------+
Entries labeled "false path" only account for clock-to-clock false paths and not path-based false paths. As a result, actual path counts may be lower than reported.


---------------
; Report TCCS ;
---------------
No dedicated SERDES Transmitter circuitry present in device or used in design


---------------
; Report RSKM ;
---------------
No dedicated SERDES Receiver circuitry present in device or used in design


+-------------------------------------------------+
; Unconstrained Paths                             ;
+---------------------------------+-------+-------+
; Property                        ; Setup ; Hold  ;
+---------------------------------+-------+-------+
; Illegal Clocks                  ; 0     ; 0     ;
; Unconstrained Clocks            ; 3     ; 3     ;
; Unconstrained Input Ports       ; 37    ; 37    ;
; Unconstrained Input Port Paths  ; 2508  ; 2508  ;
; Unconstrained Output Ports      ; 120   ; 120   ;
; Unconstrained Output Port Paths ; 20070 ; 20070 ;
+---------------------------------+-------+-------+


+------------------------------------+
; TimeQuest Timing Analyzer Messages ;
+------------------------------------+
Info: *******************************************************************
Info: Running Quartus II 32-bit TimeQuest Timing Analyzer
    Info: Version 13.0.1 Build 232 06/12/2013 Service Pack 1 SJ Web Edition
    Info: Processing started: Wed Aug 05 09:54:06 2026
Info: Command: quartus_sta riscv -c riscv
Info: qsta_default_script.tcl version: #1
Info (21077): Low junction temperature is 0 degrees C
Info (21077): High junction temperature is 85 degrees C
Warning (335093): TimeQuest Timing Analyzer is analyzing 68 combinational loops as latches.
Info (332104): Reading SDC File: 'riscv.sdc'
Info: Found TIMEQUEST_REPORT_SCRIPT_INCLUDE_DEFAULT_ANALYSIS = ON
Info: Analyzing Slow Model
Info (332146): Worst-case setup slack is 0.801
    Info (332119):     Slack End Point TNS Clock 
    Info (332119): ========= ============= =====================
    Info (332119):     0.801         0.000 CLOCK_50 
Info (332146): Worst-case hold slack is 0.271
    Info (332119):     Slack End Point TNS Clock 
    Info (332119): ========= ============= =====================
    Info (332119):     0.271         0.000 CLOCK_50 
Info (332146): Worst-case recovery slack is 15.101
    Info (332119):     Slack End Point TNS Clock 
    Info (332119): ========= ============= =====================
    Info (332119):    15.101         0.000 CLOCK_50 
Info (332146): Worst-case removal slack is 3.851
    Info (332119):     Slack End Point TNS Clock 
    Info (332119): ========= ============= =====================
    Info (332119):     3.851         0.000 CLOCK_50 
Info (332146): Worst-case minimum pulse width slack is 7.436
    Info (332119):     Slack End Point TNS Clock 
    Info (332119): ========= ============= =====================
    Info (332119):     7.436         0.000 CLOCK_50 
Info (332001): The selected device family is not supported by the report_metastability command.
Info: Analyzing Fast Model
Info (332146): Worst-case setup slack is 12.499
    Info (332119):     Slack End Point TNS Clock 
    Info (332119): ========= ============= =====================
    Info (332119):    12.499         0.000 CLOCK_50 
Info (332146): Worst-case hold slack is 0.038
    Info (332119):     Slack End Point TNS Clock 
    Info (332119): ========= ============= =====================
    Info (332119):     0.038         0.000 CLOCK_50 
Info (332146): Worst-case recovery slack is 17.701
    Info (332119):     Slack End Point TNS Clock 
    Info (332119): ========= ============= =====================
    Info (332119):    17.701         0.000 CLOCK_50 
Info (332146): Worst-case removal slack is 1.931
    Info (332119):     Slack End Point TNS Clock 
    Info (332119): ========= ============= =====================
    Info (332119):     1.931         0.000 CLOCK_50 
Info (332146): Worst-case minimum pulse width slack is 7.873
    Info (332119):     Slack End Point TNS Clock 
    Info (332119): ========= ============= =====================
    Info (332119):     7.873         0.000 CLOCK_50 
Info (332001): The selected device family is not supported by the report_metastability command.
Info (332102): Design is not fully constrained for setup requirements
Info (332102): Design is not fully constrained for hold requirements
Info (144001): Generated suppressed messages file C:/Users/Seth Mueller/Documents/riscv-processor/output_files/riscv.sta.smsg
Info: Quartus II 32-bit TimeQuest Timing Analyzer was successful. 0 errors, 1 warning
    Info: Peak virtual memory: 408 megabytes
    Info: Processing ended: Wed Aug 05 09:54:09 2026
    Info: Elapsed time: 00:00:03
    Info: Total CPU time (on all processors): 00:00:02


+-----------------------------------------------+
; TimeQuest Timing Analyzer Suppressed Messages ;
+-----------------------------------------------+
The suppressed messages can be found in C:/Users/Seth Mueller/Documents/riscv-processor/output_files/riscv.sta.smsg.


